year,ref_date,level,key,built,official,diff,diff_pct,built_sens_excl_closed3m,diff_pct_sens
2019,2019-12-31,서울_합계,계,5877,5698,179,3.14,5568,-2.28
2019,2019-12-31,서울_유형,국공립,1665,1661,4,0.24,1657,-0.24
2019,2019-12-31,서울_유형,사회복지법인,28,28,0,0.0,28,0.0
2019,2019-12-31,서울_유형,법인·단체등,107,101,6,5.94,106,4.95
2019,2019-12-31,서울_유형,민간,1473,1512,-39,-2.58,1351,-10.65
2019,2019-12-31,서울_유형,가정,2308,2098,210,10.01,2137,1.86
2019,2019-12-31,서울_유형,협동,33,33,0,0.0,30,-9.09
2019,2019-12-31,서울_유형,직장,263,265,-2,-0.75,259,-2.26
2019,2019-12-31,구,종로구,76,77,-1,-1.3,73,-5.2
2019,2019-12-31,구,중구,70,69,1,1.4,70,1.4
2019,2019-12-31,구,용산구,119,119,0,0.0,114,-4.2
2019,2019-12-31,구,성동구,182,179,3,1.7,176,-1.7
2019,2019-12-31,구,광진구,209,188,21,11.2,201,6.9
2019,2019-12-31,구,동대문구,218,215,3,1.4,208,-3.3
2019,2019-12-31,구,중랑구,229,230,-1,-0.4,220,-4.3
2019,2019-12-31,구,성북구,272,267,5,1.9,253,-5.2
2019,2019-12-31,구,강북구,157,153,4,2.6,151,-1.3
2019,2019-12-31,구,도봉구,245,229,16,7.0,231,0.9
2019,2019-12-31,구,노원구,422,405,17,4.2,391,-3.5
2019,2019-12-31,구,은평구,271,263,8,3.0,248,-5.7
2019,2019-12-31,구,서대문구,152,149,3,2.0,142,-4.7
2019,2019-12-31,구,마포구,209,209,0,0.0,198,-5.3
2019,2019-12-31,구,양천구,300,299,1,0.3,286,-4.3
2019,2019-12-31,구,강서구,423,409,14,3.4,392,-4.2
2019,2019-12-31,구,구로구,349,318,31,9.7,332,4.4
2019,2019-12-31,구,금천구,163,157,6,3.8,161,2.5
2019,2019-12-31,구,영등포구,254,248,6,2.4,245,-1.2
2019,2019-12-31,구,동작구,228,219,9,4.1,217,-0.9
2019,2019-12-31,구,관악구,257,251,6,2.4,243,-3.2
2019,2019-12-31,구,서초구,192,189,3,1.6,178,-5.8
2019,2019-12-31,구,강남구,203,201,2,1.0,198,-1.5
2019,2019-12-31,구,송파구,409,395,14,3.5,381,-3.5
2019,2019-12-31,구,강동구,268,260,8,3.1,259,-0.4
2024,2024-12-31,서울_합계,계,4319,4212,107,2.54,4127,-2.02
2024,2024-12-31,서울_유형,국공립,1865,1855,10,0.54,1845,-0.54
2024,2024-12-31,서울_유형,사회복지법인,17,17,0,0.0,17,0.0
2024,2024-12-31,서울_유형,법인·단체등,73,68,5,7.35,67,-1.47
2024,2024-12-31,서울_유형,민간,829,809,20,2.47,782,-3.34
2024,2024-12-31,서울_유형,가정,1211,1138,73,6.41,1104,-2.99
2024,2024-12-31,서울_유형,협동,23,22,1,4.55,21,-4.55
2024,2024-12-31,서울_유형,직장,301,303,-2,-0.66,291,-3.96
2024,2024-12-31,구,종로구,63,66,-3,-4.5,59,-10.6
2024,2024-12-31,구,중구,67,65,2,3.1,66,1.5
2024,2024-12-31,구,용산구,97,94,3,3.2,90,-4.3
2024,2024-12-31,구,성동구,144,141,3,2.1,137,-2.8
2024,2024-12-31,구,광진구,126,126,0,0.0,119,-5.6
2024,2024-12-31,구,동대문구,172,175,-3,-1.7,158,-9.7
2024,2024-12-31,구,중랑구,167,164,3,1.8,161,-1.8
2024,2024-12-31,구,성북구,180,176,4,2.3,171,-2.8
2024,2024-12-31,구,강북구,109,106,3,2.8,104,-1.9
2024,2024-12-31,구,도봉구,162,145,17,11.7,159,9.7
2024,2024-12-31,구,노원구,287,268,19,7.1,278,3.7
2024,2024-12-31,구,은평구,204,194,10,5.2,195,0.5
2024,2024-12-31,구,서대문구,125,126,-1,-0.8,122,-3.2
2024,2024-12-31,구,마포구,174,173,1,0.6,161,-6.9
2024,2024-12-31,구,양천구,202,200,2,1.0,185,-7.5
2024,2024-12-31,구,강서구,289,277,12,4.3,276,-0.4
2024,2024-12-31,구,구로구,259,233,26,11.2,249,6.9
2024,2024-12-31,구,금천구,109,109,0,0.0,106,-2.8
2024,2024-12-31,구,영등포구,205,202,3,1.5,200,-1.0
2024,2024-12-31,구,동작구,157,155,2,1.3,154,-0.6
2024,2024-12-31,구,관악구,158,158,0,0.0,148,-6.3
2024,2024-12-31,구,서초구,158,157,1,0.6,154,-1.9
2024,2024-12-31,구,강남구,174,174,0,0.0,167,-4.0
2024,2024-12-31,구,송파구,296,296,0,0.0,282,-4.7
2024,2024-12-31,구,강동구,235,232,3,1.3,226,-2.6
