snapshot,gu,n,coord_rate
2020_01,강남구,55,1.0
2020_01,강동구,35,0.9714
2020_01,강북구,25,0.92
2020_01,강서구,34,0.9118
2020_01,관악구,27,0.963
2020_01,광진구,27,0.963
2020_01,구로구,45,1.0
2020_01,금천구,27,1.0
2020_01,노원구,25,0.96
2020_01,도봉구,15,1.0
2020_01,동대문구,31,0.9677
2020_01,동작구,20,1.0
2020_01,마포구,28,0.9643
2020_01,서대문구,12,0.9167
2020_01,서초구,30,0.9667
2020_01,성동구,20,1.0
2020_01,성북구,42,0.9286
2020_01,송파구,43,1.0
2020_01,양천구,24,0.875
2020_01,영등포구,43,0.7907
2020_01,용산구,21,1.0
2020_01,은평구,28,0.7143
2020_01,종로구,24,0.7917
2020_01,중구,61,0.9836
2020_01,중랑구,15,1.0
2025_01,강남구,53,1.0
2025_01,강동구,35,0.9714
2025_01,강북구,24,0.9167
2025_01,강서구,37,0.9189
2025_01,관악구,28,0.9643
2025_01,광진구,28,1.0
2025_01,구로구,44,1.0
2025_01,금천구,27,1.0
2025_01,노원구,28,0.9643
2025_01,도봉구,16,1.0
2025_01,동대문구,33,0.9697
2025_01,동작구,19,1.0
2025_01,마포구,28,0.9643
2025_01,서대문구,22,0.9545
2025_01,서초구,27,0.963
2025_01,성동구,18,1.0
2025_01,성북구,38,0.9211
2025_01,송파구,49,1.0
2025_01,양천구,24,0.875
2025_01,영등포구,47,0.8298
2025_01,용산구,24,1.0
2025_01,은평구,28,0.7143
2025_01,종로구,25,0.8
2025_01,중구,60,0.9833
2025_01,중랑구,16,1.0
