시설,year,facility_id,name,address,coord_method,adm_dong_cd,dist_to_addr_gu_m
따릉이 대여소,2020,BIKE_826,서울역 서부교차로2,서울특별시 중구 만리동1가 22-1,source,11030710,1.6
따릉이 대여소,2020,BIKE_3527,왕십리 자이아파트,성동구 하왕십리동 999,source,11020650,3.2
따릉이 대여소,2020,BIKE_568,청계8가사거리 부근,서울특별시 동대문구 청계천로 417,source,11040710,62.6
따릉이 대여소,2020,BIKE_1450,화랑대역 7번출구,서울특별시 노원구 화랑로 지하 510,source,11070640,51.3
따릉이 대여소,2020,BIKE_1332,석계역 5번출구 건너편,서울특별시 노원구 화랑로 지하 347-1,source,11080850,158.2
따릉이 대여소,2020,BIKE_1522,월드전기조명인테리어(우이동),서울특별시 도봉구 삼양로 574,source,11090740,15.3
따릉이 대여소,2020,BIKE_117,홍은사거리,마포구 서강로1길 30 ,source,11130680,3184.0
따릉이 대여소,2020,BIKE_417,DMC역 2번출구 옆,서울특별시 은평구 수색로 지하175,source,11140740,204.5
따릉이 대여소,2020,BIKE_2036,정금마을 마을버스정류장,서울특별시 서초구 동작대로 198,source,11200730,42.3
따릉이 대여소,2020,BIKE_237,보라매 두산위브 건너편,서울특별시 영등포구 신길동 4490 ,source,11200700,10.2
따릉이 대여소,2020,BIKE_2104,사당역 5번출구,서울특별시 동작구 남부순환로 지하 2089,source,11210630,49.7
따릉이 대여소,2020,BIKE_2109,은천로입구 가로공원,서울특별시 양천구 가로공원로 지하 133,source,11210780,5829.2
따릉이 대여소,2020,BIKE_2156,농협 관악문성지점,서울특별시 금천구 남부순환로 1428,source,11210720,4.3
따릉이 대여소,2020,BIKE_2222,사당역 12번출구 뒤,서울특별시 동작구 동작대로 지하 3,source,11220630,27.4
따릉이 대여소,2020,BIKE_2230,이수역 4번 출구,서울특별시 동작구 사당로 지하 310,source,11220650,42.2
따릉이 대여소,2020,BIKE_2241,양재전화국 사거리,서울특별시 강남구 논현로 201,source,11220660,0.4
따릉이 대여소,2020,BIKE_2258,구룡사 삼거리,서울특별시 강남구 논현로2길 22,source,11220670,12.4
따릉이 대여소,2020,BIKE_2293,SPC 앞,서울특별시 서초구 남부순환로 2620,source,11230660,2.7
따릉이 대여소,2025,BIKE_826, 서울역 서부교차로2,서울특별시 중구 퇴계로 33 서울역 서부교차로2,source,11030710,1.7
따릉이 대여소,2025,BIKE_3527, 왕십리 자이아파트(101동 앞),서울특별시 성동구 난계로 100 왕십리 자이아파트 103동 인근,source,11020650,3.2
따릉이 대여소,2025,BIKE_674,고대앞사거리 교통섬,서울특별시 성북구 안암동5가 40-11,source,11060820,0.7
따릉이 대여소,2025,BIKE_1332, 석계역 5번출구 건너편,서울특별시 노원구 화랑로 지하 347-1 성북구 석관동 134-4,source,11080850,158.3
따릉이 대여소,2025,BIKE_117, 홍은사거리,마포구 서강로1길 30 ,source,11130680,3184.0
따릉이 대여소,2025,BIKE_417, DMC역 2번출구 옆,서울특별시 은평구 수색로 지하175,source,11140740,204.5
따릉이 대여소,2025,BIKE_2156, 신림푸르지오아파트,서울특별시 금천구 남부순환로 1428,source,11210720,4.2
따릉이 대여소,2025,BIKE_2222,사당역 12번출구 뒤,서울특별시 동작구 동작대로 지하 3,source,11220630,27.4
따릉이 대여소,2025,BIKE_2230,이수역 4번 출구,서울특별시 동작구 사당로 지하 310,source,11220650,42.2
따릉이 대여소,2025,BIKE_2241,양재전화국 사거리,서울특별시 강남구 논현로 201,source,11220660,0.4
따릉이 대여소,2025,BIKE_2258,구룡사 삼거리,서울특별시 강남구 논현로2길 22,source,11220670,12.4
따릉이 대여소,2025,BIKE_2293, SPC 앞,서울특별시 서초구 남부순환로 2620,source,11230660,2.7
식료품소매(즉석판매·제과),2020,LIC-bakeries-3240000-3240000-121-2017-00015,순수식빵 청춘카페,"서울특별시 강동구 올림픽로 지하 550, 2002호 (성내동, 강동구청역)",geocode_kakao_exact,11240520,3.8
식료품소매(즉석판매·제과),2020,LIC-instant_food_processors-3100000-3100000-107-2010-00179,제일건강원,서울특별시 노원구 화랑로43길 12 (월계동),source,11080780,0.2
어린이집,2020,CC_11290000641,초롱어린이집,서울특별시 성북구 한천로90길 49 1층,source,11090710,40.2
어린이집,2020,CC_11590000128,삼정어린이집,서울특별시 동작구 보라매로5길 5 보라매우성아파트 206호 (신대방동),source,11210520,7.2
일반음식점,2020,LIC-general_restaurants-3100000-3100000-101-2000-06786,순대국식당,서울특별시 노원구 화랑로43길 48-11 (월계동),source,11080780,0.2
일반음식점,2020,LIC-general_restaurants-3100000-3100000-101-2001-07838,촛불,서울특별시 노원구 화랑로43길 12 (월계동),source,11080780,0.2
일반음식점,2020,LIC-general_restaurants-3100000-3100000-101-2002-07747,전주집,서울특별시 노원구 화랑로43길 12 (월계동),source,11080780,0.2
일반음식점,2020,LIC-general_restaurants-3190000-3190000-101-1996-03052,바우네순대,"서울특별시 동작구 보라매로3길 29, 지하84호 (신대방동, 해태보라매타워)",geocode_kakao_exact,11210520,1.7
일반음식점,2020,LIC-general_restaurants-3190000-3190000-101-1996-06125,소반,"서울특별시 동작구 보라매로3길 29, 지하층 52,53,56,57호 (신대방동, 해태보라매타워)",geocode_kakao_exact,11210520,1.7
일반음식점,2020,LIC-general_restaurants-3190000-3190000-101-1996-06146,덮담 신림점,"서울특별시 동작구 보라매로3길 29, 상가동 2층 38, 39, 40호 (신대방동, 해태보라매타워)",geocode_kakao_exact,11210520,1.7
일반음식점,2020,LIC-general_restaurants-3190000-3190000-101-1999-07214,대궁,"서울특별시 동작구 보라매로3길 29, 지하1층 5,6,7,8,49호 (신대방동, 해태보라매타워)",geocode_kakao_exact,11210520,1.7
일반음식점,2020,LIC-general_restaurants-3190000-3190000-101-2001-08477,소공동 뚝배기집,"서울특별시 동작구 보라매로3길 29, 203호 (신대방동, 해태보라매타워)",geocode_kakao_exact,11210520,1.7
일반음식점,2020,LIC-general_restaurants-3190000-3190000-101-2010-00177,"Cafe, 스러움","서울특별시 동작구 보라매로3길 29, 1층 1호 (신대방동, 해태보라매타워)",geocode_kakao_exact,11210520,1.7
일반음식점,2020,LIC-general_restaurants-3190000-3190000-101-2012-00050,와플마레(Waffle mare),"서울특별시 동작구 보라매로3길 29, 1층 16,17호 (신대방동, 해태보라매타워)",geocode_kakao_exact,11210520,1.7
일반음식점,2020,LIC-general_restaurants-3190000-3190000-101-2017-00094,트루버거,"서울특별시 동작구 보라매로5길 5, 1층 117호 (신대방동, 보라매우성아파트)",geocode_kakao_exact,11210520,7.2
일반음식점,2020,LIC-general_restaurants-3190000-3190000-101-2017-00105,순남시래기,"서울특별시 동작구 보라매로3길 29, 상가동 2층 44, 45호 (신대방동, 해태보라매타워)",geocode_kakao_exact,11210520,1.7
일반음식점,2020,LIC-general_restaurants-3190000-3190000-101-2017-00252,길동우동집,"서울특별시 동작구 보라매로3길 29, 지하1층 43,44,47,48호 (신대방동, 해태보라매타워)",geocode_kakao_exact,11210520,1.7
일반음식점,2020,LIC-general_restaurants-3190000-3190000-101-2017-00295,킹파스타,"서울특별시 동작구 보라매로3길 29, 지하1층 3,4호 (신대방동, 해태보라매타워)",geocode_kakao_exact,11210520,1.7
일반음식점,2020,LIC-general_restaurants-3190000-3190000-101-2019-00094,유에프오버거,"서울특별시 동작구 보라매로3길 29, 지하1층 45,46호 (신대방동, 해태보라매타워)",geocode_kakao_exact,11210520,1.7
일반음식점,2025,LIC-general_restaurants-3020000-3020000-101-2024-00466,코쿤(cocoon),"서울특별시 용산구 임정로 65-1, 1층 (효창동)",source,11140770,0.2
일반음식점,2025,LIC-general_restaurants-3020000-3020000-101-2024-00484,라움혠(Raumhyen),"서울특별시 용산구 임정로 65-1, 4층 (효창동)",source,11140770,0.2
일반음식점,2025,LIC-general_restaurants-3100000-3100000-101-2001-07838,촛불,서울특별시 노원구 화랑로43길 12 (월계동),source,11080780,0.2
일반음식점,2025,LIC-general_restaurants-3190000-3190000-101-1996-03052,바우네순대,"서울특별시 동작구 보라매로3길 29, 지하84호 (신대방동, 해태보라매타워)",geocode_kakao_exact,11210520,1.7
일반음식점,2025,LIC-general_restaurants-3190000-3190000-101-1996-06125,소반,"서울특별시 동작구 보라매로3길 29, 지하층 52,53,56,57호 (신대방동, 해태보라매타워)",geocode_kakao_exact,11210520,1.7
일반음식점,2025,LIC-general_restaurants-3190000-3190000-101-1996-06146,덮담 신림점,"서울특별시 동작구 보라매로3길 29, 상가동 2층 38, 39, 40호 (신대방동, 해태보라매타워)",geocode_kakao_exact,11210520,1.7
일반음식점,2025,LIC-general_restaurants-3190000-3190000-101-2001-08477,소공동 뚝배기집,"서울특별시 동작구 보라매로3길 29, 203호 (신대방동, 해태보라매타워)",geocode_kakao_exact,11210520,1.7
일반음식점,2025,LIC-general_restaurants-3190000-3190000-101-2010-00177,"Cafe, 스러움","서울특별시 동작구 보라매로3길 29, 1층 1호 (신대방동, 해태보라매타워)",geocode_kakao_exact,11210520,1.7
일반음식점,2025,LIC-general_restaurants-3190000-3190000-101-2012-00050,와플마레(Waffle mare),"서울특별시 동작구 보라매로3길 29, 1층 16,17호 (신대방동, 해태보라매타워)",geocode_kakao_exact,11210520,1.7
일반음식점,2025,LIC-general_restaurants-3190000-3190000-101-2017-00105,순남시래기,"서울특별시 동작구 보라매로3길 29, 상가동 2층 44, 45호 (신대방동, 해태보라매타워)",geocode_kakao_exact,11210520,1.7
일반음식점,2025,LIC-general_restaurants-3190000-3190000-101-2017-00252,길동우동집,"서울특별시 동작구 보라매로3길 29, 지하1층 43,44,47,48호 (신대방동, 해태보라매타워)",geocode_kakao_exact,11210520,1.7
일반음식점,2025,LIC-general_restaurants-3190000-3190000-101-2020-00120,대궁,"서울특별시 동작구 보라매로3길 29, 지하1층 5,6,7,8,49호 (신대방동, 해태보라매타워)",geocode_kakao_exact,11210520,1.7
일반음식점,2025,LIC-general_restaurants-3190000-3190000-101-2021-00097,김사랑 김밥,"서울특별시 동작구 보라매로3길 29, 지하1층 85,86호 (신대방동, 해태보라매타워)",geocode_kakao_exact,11210520,1.7
일반음식점,2025,LIC-general_restaurants-3190000-3190000-101-2022-00029,마선생 마제,"서울특별시 동작구 보라매로3길 29, 상가동 지하1층 45, 46호 (신대방동, 해태보라매타워)",geocode_kakao_exact,11210520,1.7
일반음식점,2025,LIC-general_restaurants-3190000-3190000-101-2022-00178,피자먹다 보라매점,"서울특별시 동작구 보라매로3길 29, 지하1층 74,75호 (신대방동, 해태보라매타워)",geocode_kakao_exact,11210520,1.7
일반음식점,2025,LIC-general_restaurants-3190000-3190000-101-2023-00193,정담,"서울특별시 동작구 보라매로3길 29, 상가동 지하1층 3, 4호 (신대방동, 해태보라매타워)",geocode_kakao_exact,11210520,1.7
일반음식점,2025,LIC-general_restaurants-3190000-3190000-101-2023-00228,여의도 수제비,"서울특별시 동작구 보라매로3길 29, 상가동 2층 37호 (신대방동, 해태보라매타워)",geocode_kakao_exact,11210520,1.7
일반음식점,2025,LIC-general_restaurants-3190000-3190000-101-2023-00360,아빠의식탁,"서울특별시 동작구 보라매로3길 29, 지하1층 32호 (신대방동, 해태보라매타워)",geocode_kakao_exact,11210520,1.7
일반음식점,2025,LIC-general_restaurants-3240000-3240000-101-2020-00248,탑 브래드,"서울특별시 강동구 올림픽로 지하 550, 강동구청역 812-202호 (성내동)",geocode_kakao_exact,11240520,3.8
학교,2025,SCH_B000023966,환일중학교,서울특별시 마포구 환일길 47 (아현동),source,11020680,59.6
휴게음식점,2025,LIC-rest_cafes-3020000-3020000-104-2023-00223,디오티티(DOTT),"서울특별시 용산구 임정로 47-1, 바로스코퍼레이션 1층 (효창동)",source,11140770,3.0
휴게음식점,2025,LIC-rest_cafes-3020000-3020000-104-2024-00185,바로스에비뉴(BAROS AVENUE),"서울특별시 용산구 임정로 47-1, 바로스코퍼레이션 1층 (효창동)",source,11140770,3.0
일상소매,2020,SBIZ_MA010120220809917897,파인신촌역상가 5호점,서울특별시 마포구 신촌로 90,source,11130750,6.3
일상소매,2020,SBIZ_MA010120220800100017,5서대문상,서울특별시 종로구 통일로 126,source,11130730,1.2
일상소매,2020,SBIZ_MA010120220800241232,세븐M신촌역점주 코리아,서울특별시 마포구 신촌로 90,source,11130750,6.3
일상소매,2020,SBIZ_MA010120220805174256,세븐일레븐S장한평역점,서울특별시 동대문구 천호대로 405,source,11040700,0.3
일상소매,2020,SBIZ_MA010120220812462784,지에스25S6고려대역,서울특별시 성북구 종암로 1,source,11060820,1.0
일상소매,2020,SBIZ_MA010120220806997373,지에스25S8강동구청역점,서울특별시 강동구 올림픽로 550,source,11240520,4.3
일상소매,2020,SBIZ_MA010120220803685006,세븐S장한평역점주 코리아,서울특별시 동대문구 천호대로 405,source,11040700,0.3
일상소매,2020,SBIZ_MA010120220812511720,세븐일레븐S서대문역점,서울특별시 종로구 통일로 126,source,11130730,1.2
일상소매,2020,SBIZ_MA010120220812361276,세븐일레븐엠신촌역점,서울특별시 마포구 신촌로 90,source,11130750,6.3
일상소매,2020,SBIZ_MA010120220800068718,세븐S서대문역점주 코리아,서울특별시 종로구 통일로 126,source,11130730,1.2
일상소매,2020,SBIZ_MA010120220808141225,세븐 코리아,서울특별시 동작구 남부순환로 2089,source,11210630,2.1
일상소매,2025,SBIZ_MA010120220800068718,세븐S서대문역점주 코리아,서울특별시 종로구 통일로 126,source,11130730,1.2
일상소매,2025,SBIZ_MA010120220803685006,세븐S장한평역점주 코리아,서울특별시 동대문구 천호대로 405,source,11040700,0.3
일상소매,2025,SBIZ_MA010120220805174256,세븐일레븐S장한평역점,서울특별시 동대문구 천호대로 405,source,11040700,0.3
일상소매,2025,SBIZ_MA010120220810125368,조은편의점,서울특별시 동작구 남부순환로 2089,source,11210630,2.1
일상소매,2025,SBIZ_MA010120220812462784,지에스25S6고려대역,서울특별시 성북구 종암로 1,source,11060820,1.0
일상소매,2025,SBIZ_MA010120220812511720,세븐일레븐S서대문역점,서울특별시 종로구 통일로 126,source,11130730,1.2
일상소매,2025,SBIZ_MA0101202306A0013937,안녕헬렌,서울특별시 종로구 통일로 126,source,11130730,1.2
일상소매,2025,SBIZ_MA0101202308A0094730,올카페캡슐,서울특별시 종로구 통일로 126,source,11130730,1.2
일상소매,2025,SBIZ_MA0101202411A0019395,지에스25s8강동구청역점,서울특별시 강동구 올림픽로 550,source,11240520,4.3
일상소매,2025,SBIZ_MA0106202311A1412453,GS25S8강동구청역점,서울특별시 강동구 올림픽로 550,source,11240520,4.3
