scope,year_official,snapshot,gu,built,official,diff,diff_pct
즉석판매제조가공업,2019,2020_01,종로구,315,385,-70,-18.18
즉석판매제조가공업,2019,2020_01,중구,350,362,-12,-3.31
즉석판매제조가공업,2019,2020_01,용산구,280,296,-16,-5.41
즉석판매제조가공업,2019,2020_01,성동구,351,368,-17,-4.62
즉석판매제조가공업,2019,2020_01,광진구,504,529,-25,-4.73
즉석판매제조가공업,2019,2020_01,동대문구,788,813,-25,-3.08
즉석판매제조가공업,2019,2020_01,중랑구,472,469,3,0.64
즉석판매제조가공업,2019,2020_01,성북구,480,473,7,1.48
즉석판매제조가공업,2019,2020_01,강북구,445,447,-2,-0.45
즉석판매제조가공업,2019,2020_01,도봉구,439,451,-12,-2.66
즉석판매제조가공업,2019,2020_01,노원구,667,662,5,0.76
즉석판매제조가공업,2019,2020_01,은평구,501,422,79,18.72
즉석판매제조가공업,2019,2020_01,서대문구,346,343,3,0.87
즉석판매제조가공업,2019,2020_01,마포구,456,512,-56,-10.94
즉석판매제조가공업,2019,2020_01,양천구,591,580,11,1.9
즉석판매제조가공업,2019,2020_01,강서구,635,699,-64,-9.16
즉석판매제조가공업,2019,2020_01,구로구,471,461,10,2.17
즉석판매제조가공업,2019,2020_01,금천구,297,289,8,2.77
즉석판매제조가공업,2019,2020_01,영등포구,543,585,-42,-7.18
즉석판매제조가공업,2019,2020_01,동작구,386,538,-152,-28.25
즉석판매제조가공업,2019,2020_01,관악구,531,540,-9,-1.67
즉석판매제조가공업,2019,2020_01,서초구,704,666,38,5.71
즉석판매제조가공업,2019,2020_01,강남구,767,829,-62,-7.48
즉석판매제조가공업,2019,2020_01,송파구,1117,1197,-80,-6.68
즉석판매제조가공업,2019,2020_01,강동구,637,632,5,0.79
즉석판매제조가공업,2019,2020_01,서울합계,13073,13548,-475,-3.51
즉석판매제조가공업,2024,2025_01,종로구,402,397,5,1.26
즉석판매제조가공업,2024,2025_01,중구,491,458,33,7.21
즉석판매제조가공업,2024,2025_01,용산구,474,425,49,11.53
즉석판매제조가공업,2024,2025_01,성동구,523,516,7,1.36
즉석판매제조가공업,2024,2025_01,광진구,526,487,39,8.01
즉석판매제조가공업,2024,2025_01,동대문구,823,815,8,0.98
즉석판매제조가공업,2024,2025_01,중랑구,516,505,11,2.18
즉석판매제조가공업,2024,2025_01,성북구,545,553,-8,-1.45
즉석판매제조가공업,2024,2025_01,강북구,449,445,4,0.9
즉석판매제조가공업,2024,2025_01,도봉구,454,451,3,0.67
즉석판매제조가공업,2024,2025_01,노원구,678,675,3,0.44
즉석판매제조가공업,2024,2025_01,은평구,592,585,7,1.2
즉석판매제조가공업,2024,2025_01,서대문구,401,392,9,2.3
즉석판매제조가공업,2024,2025_01,마포구,889,874,15,1.72
즉석판매제조가공업,2024,2025_01,양천구,596,594,2,0.34
즉석판매제조가공업,2024,2025_01,강서구,790,735,55,7.48
즉석판매제조가공업,2024,2025_01,구로구,499,498,1,0.2
즉석판매제조가공업,2024,2025_01,금천구,354,352,2,0.57
즉석판매제조가공업,2024,2025_01,영등포구,771,764,7,0.92
즉석판매제조가공업,2024,2025_01,동작구,605,602,3,0.5
즉석판매제조가공업,2024,2025_01,관악구,539,533,6,1.13
즉석판매제조가공업,2024,2025_01,서초구,790,720,70,9.72
즉석판매제조가공업,2024,2025_01,강남구,1060,932,128,13.73
즉석판매제조가공업,2024,2025_01,송파구,1430,1388,42,3.03
즉석판매제조가공업,2024,2025_01,강동구,643,634,9,1.42
즉석판매제조가공업,2024,2025_01,서울합계,15840,15330,510,3.33
제과점영업,2019,2020_01,종로구,119,117,2,1.71
제과점영업,2019,2020_01,중구,153,157,-4,-2.55
제과점영업,2019,2020_01,용산구,119,126,-7,-5.56
제과점영업,2019,2020_01,성동구,114,110,4,3.64
제과점영업,2019,2020_01,광진구,118,116,2,1.72
제과점영업,2019,2020_01,동대문구,105,100,5,5.0
제과점영업,2019,2020_01,중랑구,95,95,0,0.0
제과점영업,2019,2020_01,성북구,119,119,0,0.0
제과점영업,2019,2020_01,강북구,83,87,-4,-4.6
제과점영업,2019,2020_01,도봉구,85,85,0,0.0
제과점영업,2019,2020_01,노원구,150,152,-2,-1.32
제과점영업,2019,2020_01,은평구,176,163,13,7.98
제과점영업,2019,2020_01,서대문구,122,119,3,2.52
제과점영업,2019,2020_01,마포구,261,251,10,3.98
제과점영업,2019,2020_01,양천구,142,144,-2,-1.39
제과점영업,2019,2020_01,강서구,216,211,5,2.37
제과점영업,2019,2020_01,구로구,123,120,3,2.5
제과점영업,2019,2020_01,금천구,69,68,1,1.47
제과점영업,2019,2020_01,영등포구,169,178,-9,-5.06
제과점영업,2019,2020_01,동작구,138,130,8,6.15
제과점영업,2019,2020_01,관악구,130,129,1,0.78
제과점영업,2019,2020_01,서초구,250,247,3,1.21
제과점영업,2019,2020_01,강남구,437,426,11,2.58
제과점영업,2019,2020_01,송파구,265,259,6,2.32
제과점영업,2019,2020_01,강동구,164,169,-5,-2.96
제과점영업,2019,2020_01,서울합계,3922,3878,44,1.13
제과점영업,2024,2025_01,종로구,134,134,0,0.0
제과점영업,2024,2025_01,중구,157,155,2,1.29
제과점영업,2024,2025_01,용산구,153,153,0,0.0
제과점영업,2024,2025_01,성동구,136,136,0,0.0
제과점영업,2024,2025_01,광진구,116,113,3,2.65
제과점영업,2024,2025_01,동대문구,121,120,1,0.83
제과점영업,2024,2025_01,중랑구,109,110,-1,-0.91
제과점영업,2024,2025_01,성북구,124,124,0,0.0
제과점영업,2024,2025_01,강북구,75,75,0,0.0
제과점영업,2024,2025_01,도봉구,74,48,26,54.17
제과점영업,2024,2025_01,노원구,150,150,0,0.0
제과점영업,2024,2025_01,은평구,146,141,5,3.55
제과점영업,2024,2025_01,서대문구,127,127,0,0.0
제과점영업,2024,2025_01,마포구,276,274,2,0.73
제과점영업,2024,2025_01,양천구,139,135,4,2.96
제과점영업,2024,2025_01,강서구,199,199,0,0.0
제과점영업,2024,2025_01,구로구,108,108,0,0.0
제과점영업,2024,2025_01,금천구,73,72,1,1.39
제과점영업,2024,2025_01,영등포구,199,196,3,1.53
제과점영업,2024,2025_01,동작구,130,130,0,0.0
제과점영업,2024,2025_01,관악구,141,129,12,9.3
제과점영업,2024,2025_01,서초구,248,246,2,0.81
제과점영업,2024,2025_01,강남구,464,421,43,10.21
제과점영업,2024,2025_01,송파구,254,239,15,6.28
제과점영업,2024,2025_01,강동구,180,174,6,3.45
제과점영업,2024,2025_01,서울합계,4033,3909,124,3.17
즉석판매+제과점(범위제한),2019,2020_01,종로구,434,502,-68,-13.55
즉석판매+제과점(범위제한),2019,2020_01,중구,503,519,-16,-3.08
즉석판매+제과점(범위제한),2019,2020_01,용산구,399,422,-23,-5.45
즉석판매+제과점(범위제한),2019,2020_01,성동구,465,478,-13,-2.72
즉석판매+제과점(범위제한),2019,2020_01,광진구,622,645,-23,-3.57
즉석판매+제과점(범위제한),2019,2020_01,동대문구,893,913,-20,-2.19
즉석판매+제과점(범위제한),2019,2020_01,중랑구,567,564,3,0.53
즉석판매+제과점(범위제한),2019,2020_01,성북구,599,592,7,1.18
즉석판매+제과점(범위제한),2019,2020_01,강북구,528,534,-6,-1.12
즉석판매+제과점(범위제한),2019,2020_01,도봉구,524,536,-12,-2.24
즉석판매+제과점(범위제한),2019,2020_01,노원구,817,814,3,0.37
즉석판매+제과점(범위제한),2019,2020_01,은평구,677,585,92,15.73
즉석판매+제과점(범위제한),2019,2020_01,서대문구,468,462,6,1.3
즉석판매+제과점(범위제한),2019,2020_01,마포구,717,763,-46,-6.03
즉석판매+제과점(범위제한),2019,2020_01,양천구,733,724,9,1.24
즉석판매+제과점(범위제한),2019,2020_01,강서구,851,910,-59,-6.48
즉석판매+제과점(범위제한),2019,2020_01,구로구,594,581,13,2.24
즉석판매+제과점(범위제한),2019,2020_01,금천구,366,357,9,2.52
즉석판매+제과점(범위제한),2019,2020_01,영등포구,712,763,-51,-6.68
즉석판매+제과점(범위제한),2019,2020_01,동작구,524,668,-144,-21.56
즉석판매+제과점(범위제한),2019,2020_01,관악구,661,669,-8,-1.2
즉석판매+제과점(범위제한),2019,2020_01,서초구,954,913,41,4.49
즉석판매+제과점(범위제한),2019,2020_01,강남구,1204,1255,-51,-4.06
즉석판매+제과점(범위제한),2019,2020_01,송파구,1382,1456,-74,-5.08
즉석판매+제과점(범위제한),2019,2020_01,강동구,801,801,0,0.0
즉석판매+제과점(범위제한),2019,2020_01,서울합계,16995,17426,-431,-2.47
즉석판매+제과점(범위제한),2024,2025_01,종로구,536,531,5,0.94
즉석판매+제과점(범위제한),2024,2025_01,중구,648,613,35,5.71
즉석판매+제과점(범위제한),2024,2025_01,용산구,627,578,49,8.48
즉석판매+제과점(범위제한),2024,2025_01,성동구,659,652,7,1.07
즉석판매+제과점(범위제한),2024,2025_01,광진구,642,600,42,7.0
즉석판매+제과점(범위제한),2024,2025_01,동대문구,944,935,9,0.96
즉석판매+제과점(범위제한),2024,2025_01,중랑구,625,615,10,1.63
즉석판매+제과점(범위제한),2024,2025_01,성북구,669,677,-8,-1.18
즉석판매+제과점(범위제한),2024,2025_01,강북구,524,520,4,0.77
즉석판매+제과점(범위제한),2024,2025_01,도봉구,528,499,29,5.81
즉석판매+제과점(범위제한),2024,2025_01,노원구,828,825,3,0.36
즉석판매+제과점(범위제한),2024,2025_01,은평구,738,726,12,1.65
즉석판매+제과점(범위제한),2024,2025_01,서대문구,528,519,9,1.73
즉석판매+제과점(범위제한),2024,2025_01,마포구,1165,1148,17,1.48
즉석판매+제과점(범위제한),2024,2025_01,양천구,735,729,6,0.82
즉석판매+제과점(범위제한),2024,2025_01,강서구,989,934,55,5.89
즉석판매+제과점(범위제한),2024,2025_01,구로구,607,606,1,0.17
즉석판매+제과점(범위제한),2024,2025_01,금천구,427,424,3,0.71
즉석판매+제과점(범위제한),2024,2025_01,영등포구,970,960,10,1.04
즉석판매+제과점(범위제한),2024,2025_01,동작구,735,732,3,0.41
즉석판매+제과점(범위제한),2024,2025_01,관악구,680,662,18,2.72
즉석판매+제과점(범위제한),2024,2025_01,서초구,1038,966,72,7.45
즉석판매+제과점(범위제한),2024,2025_01,강남구,1524,1353,171,12.64
즉석판매+제과점(범위제한),2024,2025_01,송파구,1684,1627,57,3.5
즉석판매+제과점(범위제한),2024,2025_01,강동구,823,808,15,1.86
즉석판매+제과점(범위제한),2024,2025_01,서울합계,19873,19239,634,3.3
