snapshot,gu,n,coord_rate_all,coord_rate_strict,n_거점,n_마을
2020_01,종로구,9,88.9,88.9,7,2
2020_01,중구,17,82.4,52.9,15,2
2020_01,용산구,21,81.0,52.4,13,8
2020_01,성동구,32,87.5,65.6,18,14
2020_01,광진구,28,67.9,50.0,17,11
2020_01,동대문구,9,100.0,77.8,8,1
2020_01,중랑구,18,94.4,94.4,14,4
2020_01,성북구,16,87.5,68.8,14,2
2020_01,강북구,10,60.0,50.0,9,1
2020_01,도봉구,10,80.0,80.0,7,3
2020_01,노원구,26,69.2,50.0,23,3
2020_01,은평구,12,75.0,75.0,10,2
2020_01,서대문구,12,66.7,41.7,8,4
2020_01,마포구,26,76.9,65.4,17,9
2020_01,양천구,30,70.0,43.3,22,8
2020_01,강서구,21,95.2,90.5,16,5
2020_01,구로구,28,92.9,89.3,19,9
2020_01,금천구,14,71.4,57.1,10,4
2020_01,영등포구,25,76.0,56.0,21,4
2020_01,동작구,17,94.1,76.5,12,5
2020_01,관악구,17,100.0,88.2,15,2
2020_01,서초구,31,83.9,74.2,24,7
2020_01,강남구,31,83.9,77.4,15,16
2020_01,송파구,39,61.5,43.6,28,11
2020_01,강동구,25,80.0,64.0,18,7
2025_01,종로구,13,69.2,69.2,9,4
2025_01,중구,18,88.9,61.1,16,2
2025_01,용산구,22,77.3,54.5,14,8
2025_01,성동구,50,66.0,52.0,20,30
2025_01,광진구,38,76.3,57.9,17,21
2025_01,동대문구,19,78.9,73.7,9,10
2025_01,중랑구,40,100.0,100.0,14,26
2025_01,성북구,20,90.0,70.0,18,2
2025_01,강북구,12,100.0,91.7,10,2
2025_01,도봉구,15,86.7,86.7,10,5
2025_01,노원구,30,93.3,80.0,23,7
2025_01,은평구,21,76.2,57.1,10,11
2025_01,서대문구,17,82.4,52.9,12,5
2025_01,마포구,37,86.5,75.7,20,17
2025_01,양천구,35,68.6,48.6,25,10
2025_01,강서구,31,80.6,61.3,17,14
2025_01,구로구,39,94.9,92.3,21,18
2025_01,금천구,39,56.4,38.5,13,26
2025_01,영등포구,27,81.5,66.7,19,8
2025_01,동작구,23,87.0,73.9,15,8
2025_01,관악구,20,95.0,85.0,17,3
2025_01,서초구,23,91.3,82.6,17,6
2025_01,강남구,36,86.1,80.6,17,19
2025_01,송파구,59,84.7,79.7,27,32
2025_01,강동구,26,76.9,53.8,17,9
