file,bytes,sha256
build_addon.py,7016,8f30ae1327a9ccb17155119cb192526e19ac509774e5798534c4f45be7fb9b77
부가층_공공체육_2020_01.parquet,20544,922a4ec192421bf8d23e48149bd9015409f27e28527b0cc1530ed74541254b81
부가층_공공체육_2025_01.parquet,22835,153849989be42314021661e3dcf857ab4555c18ae34dba53655171d187bb4e97
부가층_공원_2020_01.parquet,222671,403b2c991c2309c645c169f83729ee2b09909c0aed9a7b5fe935a9b7b54d9c7f
부가층_공원_2025_01.parquet,222671,979800784a41d582148c010224ef5eb32ce2f95ad9067d5de95e98431d6ce07c
부가층_공원_UPIS2024_2025_01.parquet,226373,fcf8651b07b8b8ae81ff95fd22484f927e29ee85d2bc19f99612112f17961bf3
부가층_지역아동센터_2020_01.parquet,20534,94914a5a9f130b41540b0c4698b6ad351cc82014057dfb32b821f8a2c7e3e4f5
부가층_지역아동센터_2025_01.parquet,20534,861af80d7a2b0d232b33d2611f3b5624c732ec9a3fcfcba54f376e2d4e297778
요약.csv,361,3c97f4ffa65344a32d9d3efa68619a68b68428cf0b3ebf41bfa377d29571a849
원자료/child_seoul.csv,85706,ffe421c13af57eaeea64c0534d091fded840cc9216149ae0e441557566ad3286
원자료/park_lz_2018.zip,963192,6530ac26df19acf44a16314df7d6291946414f5dedd5f2cca314e9bf186f084b
원자료/upis_space_20241107.zip,3048217,85dfc4f3d9b0800bd93bf66988ba589ce92c8b99b558998812e9d1c0510a7df7
