시설,year,facility_id,address,result,dist_m
대규모점포(주요4업태),2020,LIC-large_scale_retail_stores-3180000-2009318011707500003,서울특별시 영등포구 신길로 41 (대림동),geocode_kakao_exact,9.059019907268713
대규모점포(주요4업태),2020,LIC-large_scale_retail_stores-3170000-2007317010507500001,서울특별시 금천구 디지털로 188 (가산동),geocode_kakao_exact,2.5074904790577768
대규모점포(주요4업태),2020,LIC-large_scale_retail_stores-3230000-2013323019807500006,서울특별시 송파구 올림픽로 240 (잠실동),geocode_kakao_exact,18.096073794520898
대규모점포(주요4업태),2020,LIC-large_scale_retail_stores-3190000-2021319021607500001,"서울특별시 동작구 동작대로 115, 태평백화점 (사당동)",geocode_kakao_exact,5.157416297833353
대규모점포(주요4업태),2025,LIC-large_scale_retail_stores-3170000-2013317014207500001,서울특별시 금천구 디지털로10길 9 (가산동),geocode_kakao_exact,4.83371287099046
대규모점포(주요4업태),2025,LIC-large_scale_retail_stores-3170000-2018317019007500001,"서울특별시 금천구 시흥대로 291(독산동, 금천롯데캐슬골드파크3차)",geocode_kakao_exact,47.511238710144355
대규모점포(주요4업태),2025,LIC-large_scale_retail_stores-3020000-2008302009507500003,서울특별시 용산구 청파로 74 (한강로3가),geocode_kakao_exact,15.195620623020826
대규모점포(주요4업태),2020,LIC-large_scale_retail_stores-3000000-2004300007607500002,서울특별시 종로구 종로 1 (종로1가),geocode_kakao_exact,45.633502725418516
대규모점포(주요4업태),2025,LIC-large_scale_retail_stores-3050000-2010305010007500002,서울특별시 동대문구 왕산로 214 (전농동),geocode_kakao_exact,511.9274412207295
대규모점포(주요4업태),2025,LIC-large_scale_retail_stores-3070000-2010307013407500001,"서울특별시 성북구 도봉로 17, 신세계 이마트 미아점 (길음동)",geocode_kakao_exact,13.066595997844667
대규모점포(주요4업태),2025,LIC-large_scale_retail_stores-3220000-2001322008307500029,서울특별시 강남구 도곡로 401 (대치동),geocode_kakao_exact,31.221282028823357
대규모점포(주요4업태),2020,LIC-large_scale_retail_stores-3010000-2010301010007500002,"서울특별시 중구 남대문시장10길 2 (회현동1가,메사빌딩)",geocode_kakao_exact,1.4405521543148658
대규모점포(주요4업태),2020,LIC-large_scale_retail_stores-3040000-2006304007307500002,서울특별시 광진구 아차산로 272 (자양동),geocode_kakao_exact,89.7413795663398
대규모점포(주요4업태),2025,LIC-large_scale_retail_stores-3210000-2013321012207500016,서울특별시 서초구 양재대로 159 (양재동),geocode_kakao_exact,7.632917353768897
대규모점포(주요4업태),2020,LIC-large_scale_retail_stores-3050000-2003305008207500001,서울특별시 동대문구 천호대로 133 (용두동),geocode_kakao_exact,4.6201873976929955
따릉이 대여소,2025,BIKE_2288,서울특별시 서초구 안골2길 3,geocode_kakao_exact,21.40739373013141
따릉이 대여소,2025,BIKE_4559,영등포구 신길동 42-7 ,geocode_kakao_exact,139.46254895903135
따릉이 대여소,2025,BIKE_5761,송파구 가락동 95-3,geocode_kakao_exact,8.994614336414262
따릉이 대여소,2020,BIKE_577,서울특별시 광진구 구천면로 2,geocode_kakao_exact,45.07596496415231
따릉이 대여소,2020,BIKE_1634,서울특별시 노원구 상계로 283,geocode_kakao_exact,25.4771718960272
따릉이 대여소,2020,BIKE_457,종로구 종로6가 94-1,geocode_kakao_exact,40.6709968438992
따릉이 대여소,2025,BIKE_1232,서울특별시 송파구 석촌호수로12길 3-19,geocode_kakao_exact,932.9446536180492
따릉이 대여소,2025,BIKE_1696,서울특별시 노원구 누원로 18 수락리버시티4단지,geocode_kakao_exact,26.45257611599424
따릉이 대여소,2025,BIKE_4808,서울특별시 중랑구 봉화산로 190,geocode_kakao_exact,20.915504316423483
따릉이 대여소,2025,BIKE_1725,서울특별시 도봉구 해등로 46 창1동주민센터,geocode_kakao_exact,106.98329078793351
따릉이 대여소,2020,BIKE_1266,서울특별시 송파구 문정동 627,geocode_kakao_exact,448.6193170801535
따릉이 대여소,2025,BIKE_560,서울특별시 성동구 동일로 213 비전교회 앞,geocode_kakao_exact,25.506981220478345
따릉이 대여소,2025,BIKE_2281,서울특별시 서초구 효령로 10,geocode_kakao_exact,86.83462060717142
따릉이 대여소,2025,BIKE_836,서울특별시 용산구 원효로 74 현대자동차서비스 앞,geocode_kakao_exact,101.39614802945155
따릉이 대여소,2020,BIKE_2285,서울특별시 서초구 양재대로2길 33,geocode_kakao_exact,156.97291734897223
목욕장업,2020,LIC-public_baths-3030000-3030000-202-2004-00003,"서울특별시 성동구 독서당로 166 (옥수동,성원상떼뷰빌딩 지하1층)",geocode_kakao_exact,4.786884302477465
목욕장업,2025,LIC-public_baths-3140000-3140000-202-2004-00004,"서울특별시 양천구 목동서로 155, 목동파라곤 105동 지하 6층 601호 (목동)",geocode_kakao_exact,55.11261911898163
목욕장업,2020,LIC-public_baths-3040000-3040000-202-1981-00077,서울특별시 광진구 자양로15길 109 (자양동),geocode_kakao_exact,1.9909121739836302
목욕장업,2025,LIC-public_baths-3180000-3180000-202-2013-00003,서울특별시 영등포구 63로 36 (여의도동),geocode_kakao_exact,1.8099010893134846
목욕장업,2025,LIC-public_baths-3030000-3030000-202-2013-00003,"서울특별시 성동구 왕십리로31나길 18, 지하2층 (하왕십리동)",geocode_kakao_exact,79.56685633984422
목욕장업,2025,LIC-public_baths-3040000-3040000-202-1974-00046,서울특별시 광진구 용마산로7길 68 (중곡동),geocode_kakao_exact,2.2033351840065394
목욕장업,2020,LIC-public_baths-3090000-3090000-202-2003-00003,서울특별시 도봉구 마들로 650 (방학동),geocode_kakao_exact,0.8149597070727044
목욕장업,2020,LIC-public_baths-3000000-3000000-202-1994-00468,"서울특별시 종로구 삼일대로30길 21, 지하2층 (낙원동, 종로오피스텔)",geocode_kakao_exact,22.448457077091515
목욕장업,2020,LIC-public_baths-3030000-3030000-202-2002-00006,"서울특별시 성동구 독서당로 270 (금호동4가, 대우아파트 상가)",geocode_kakao_exact,76.54459970431513
목욕장업,2025,LIC-public_baths-3200000-3200000-202-1999-00474,"서울특별시 관악구 신림로29길 3-20 (신림동, 신림현대아파트 신림현대종합상가 지하1층)",geocode_kakao_exact,128.29148909473693
목욕장업,2025,LIC-public_baths-3000000-3000000-202-1996-00476,서울특별시 종로구 삼일대로26길 7 (낙원동),geocode_kakao_exact,2.3848990455079484
목욕장업,2025,LIC-public_baths-3110000-3110000-202-2020-00001,"서울특별시 은평구 불광로 60, 불광동라비앙프라자 지하1층 101,102호 (불광동)",geocode_kakao_exact,10.213967068159377
목욕장업,2020,LIC-public_baths-3020000-3020000-202-1991-00310,서울특별시 용산구 보광로 34 (보광동),geocode_kakao_exact,6.220625178481151
목욕장업,2020,LIC-public_baths-3070000-3070000-202-1999-00254,서울특별시 성북구 동소문로 40 (동소문동3가),geocode_kakao_exact,21.45612114438394
목욕장업,2025,LIC-public_baths-3120000-3120000-202-2006-00001,서울특별시 서대문구 봉원사길 75-7 (봉원동),geocode_kakao_exact,6.778799646349955
미용업,2025,LIC-beauty_salons-3100000-3100000-219-2024-00004,"서울특별시 노원구 석계로 49, 상가동 2층 218호 (월계동, 현대아파트)",geocode_kakao_exact,148.31638552639424
미용업,2025,LIC-beauty_salons-3100000-3100000-211-2018-00011,"서울특별시 노원구 동일로 1456, 주공7단지상가동 108호 (상계동, 상계주공7단지아파트)",geocode_kakao_exact,225.9266479493574
미용업,2025,LIC-beauty_salons-3160000-3160000-211-2005-00022,"서울특별시 구로구 경인로8길 75 (오류동,삼천리(아)상가 108호)",geocode_kakao_exact,39.99719197003212
미용업,2020,LIC-beauty_salons-3040000-3040000-211-2017-00063,"서울특별시 광진구 뚝섬로51길 1, 1층 (자양동)",geocode_kakao_exact,0.9938077267571237
미용업,2025,LIC-beauty_salons-3050000-3050000-220-2024-00001,"서울특별시 동대문구 경희대로1가길 8, 스페이스 플러스 2층 (회기동)",geocode_kakao_exact,2.7310581029599192
미용업,2020,LIC-beauty_salons-3080000-3080000-211-1983-00005,서울특별시 강북구 삼양로41길 90 (미아동),geocode_kakao_exact,0.7410476462640226
미용업,2025,LIC-beauty_salons-3210000-3210000-215-2022-00015,"서울특별시 서초구 강남대로101안길 12, 3층 301호 (잠원동)",geocode_kakao_exact,1.7398550480768602
미용업,2020,LIC-beauty_salons-3210000-3210000-211-2017-00056,"서울특별시 서초구 방배천로18길 11, 상가 C동 103호 (방배동, 방배롯데캐슬아르떼)",geocode_kakao_exact,122.11505197093544
미용업,2025,LIC-beauty_salons-3070000-3070000-211-2015-00068,"서울특별시 성북구 동소문로 116, 2층 (동선동1가)",geocode_kakao_exact,14.892532099159968
미용업,2020,LIC-beauty_salons-3100000-3100000-211-2014-00057,"서울특별시 노원구 한글비석로 250 (중계동, 그린코아 110,114,124호)",geocode_kakao_exact,4.435523273716262
미용업,2025,LIC-beauty_salons-3140000-3140000-221-2022-00006,"서울특별시 양천구 공항대로 552, 목동대우마이빌 B107-7호 (목동)",geocode_kakao_exact,6.6788794344650455
미용업,2020,LIC-beauty_salons-3060000-3060000-204-1982-01016,서울특별시 중랑구 중랑천로20길 22 (중화동),geocode_kakao_exact,1.1147065322047907
미용업,2020,LIC-beauty_salons-3220000-3220000-204-1993-01390,서울특별시 강남구 밤고개로24길 64 (율현동),geocode_kakao_exact,1.3193017856536169
미용업,2025,LIC-beauty_salons-3180000-3180000-211-2020-00055,"서울특별시 영등포구 신길로42길 6-1, 1층 (신길동)",geocode_kakao_exact,0.8614683130458918
미용업,2025,LIC-beauty_salons-3130000-3130000-204-2004-00048,서울특별시 마포구 마포대로4길 48 (도화동),geocode_kakao_exact,0.902799408259317
병원급,2025,LIC-hospitals-3090000-PHMA220053090033021200001,"서울특별시 도봉구 도봉로 569, 5층 (쌍문동, 준우빌딩)",geocode_kakao_exact,2.5528465545834114
병원급,2020,LIC-hospitals-3240000-PHMA220093240033021200001,서울특별시 강동구 천호대로170길 19 (성내동),geocode_kakao_exact,23.388694001484968
병원급,2020,LIC-hospitals-3030000-PHMA220173030033021200001,서울특별시 성동구 왕십리로 382 (하왕십리동),geocode_kakao_exact,1.888327794881365
병원급,2020,LIC-hospitals-3240000-PHMA219833240033021200002,서울특별시 강동구 진황도로61길 53 (둔촌동),geocode_kakao_exact,138.09077962685976
병원급,2020,LIC-hospitals-3050000-PHMA220193050034021200002,"서울특별시 동대문구 전농로 102, 3층 (답십리동)",geocode_kakao_exact,10.290272223727293
병원급,2020,LIC-hospitals-3230000-PHMA220153230034021200001,서울특별시 송파구 송이로 148 (가락동),geocode_kakao_exact,8.129391104756598
병원급,2020,LIC-hospitals-3230000-PHMA220193230034021200003,"서울특별시 송파구 오금로 129, 지하1층~6층 (방이동)",geocode_kakao_exact,4.480599057557891
병원급,2025,LIC-hospitals-3220000-PHMA220203220033021200003,"서울특별시 강남구 도곡로 216, 치휴한방병원 (도곡동)",geocode_kakao_exact,7.4703603757254555
병원급,2020,LIC-hospitals-3180000-PHMA220173180034021200001,"서울특별시 영등포구 영등포로 386 (신길동, 동인빌딩)",geocode_kakao_exact,8.277387088811903
병원급,2025,LIC-hospitals-3220000-PHMA220213220033021200003,"서울특별시 강남구 학동로 121, 새로운병원빌딩 지하1층일부~7층 (논현동)",geocode_kakao_exact,2.5342108661166787
병원급,2020,LIC-hospitals-3210000-PHMA220103210034021200002,"서울특별시 서초구 서초중앙로 110, 4,5층 (서초동, 롯데캐슬메디치빌딩)",geocode_kakao_exact,0.9287061000283007
병원급,2025,LIC-hospitals-3050000-PHMA220093050034021200001,서울특별시 동대문구 한천로 4 (장안동),geocode_kakao_exact,1.8580474384055468
병원급,2025,LIC-hospitals-3070000-PHMA220063070034021200002,서울특별시 성북구 보문로 46 (보문동7가),geocode_kakao_exact,3.6405274547521986
병원급,2025,LIC-hospitals-3160000-PHMA220043160034021200007,서울특별시 구로구 새말로 110 (구로동),geocode_kakao_exact,14.911014615878738
병원급,2020,LIC-hospitals-3210000-PHMA220093210034021200006,"서울특별시 서초구 강남대로 505 (반포동, 고도일 병원)",geocode_kakao_exact,6.021543869069762
산후조리원,2025,LIC-postpartum_care-3230000-PHMB120113230034042100001,"서울특별시 송파구 중대로 317, 세우빌딩 3,4층 (오금동)",geocode_kakao_exact,16.400603279903958
산후조리원,2020,LIC-postpartum_care-3110000-PHMB120113110032042100003,"서울특별시 은평구 서오릉로 145 (구산동,상원빌딩 5층)",geocode_kakao_exact,18.125354716283475
산후조리원,2025,LIC-postpartum_care-3210000-PHMB120123210034042100002,"서울특별시 서초구 고무래로 22 (반포동, 쌍동빌딩서관 6층)",geocode_kakao_exact,7.5067964476324125
산후조리원,2025,LIC-postpartum_care-3240000-PHMB120113240033042100001,"서울특별시 강동구 강동대로 143-64, 태창타워 (성내동)",geocode_kakao_exact,14.635155235775658
산후조리원,2020,LIC-postpartum_care-3230000-PHMB120113230034042100002,"서울특별시 송파구 오금로 152 (송파동, 연세빌딩)",geocode_kakao_exact,8.628366719754371
산후조리원,2020,LIC-postpartum_care-3090000-PHMB120123090033042100001,"서울특별시 도봉구 도봉로 575, 7층 (쌍문동)",geocode_kakao_exact,5.4537807643137
산후조리원,2020,LIC-postpartum_care-3100000-PHMB120063100034042100001,"서울특별시 노원구 동일로 1323 (상계동,하라프라자 5층)",geocode_kakao_exact,7.462548792850296
산후조리원,2020,LIC-postpartum_care-3060000-PHMB120153060034042100001,서울특별시 중랑구 신내로16길 76 (신내동),geocode_kakao_exact,1.6267285032682341
산후조리원,2025,LIC-postpartum_care-3060000-PHMB120153060034042100001,서울특별시 중랑구 신내로16길 76 (신내동),geocode_kakao_exact,1.6267285032682341
산후조리원,2025,LIC-postpartum_care-3170000-PHMB120143170035042100001,"서울특별시 금천구 시흥대로 415, 4~5층 (독산동, DDS빌딩)",geocode_kakao_exact,16.403404968015046
산후조리원,2025,LIC-postpartum_care-3100000-PHMB120083100034042100001,"서울특별시 노원구 초안산로5길 12 (월계동,월계프라자5층)",geocode_kakao_exact,8.311146185820698
산후조리원,2025,LIC-postpartum_care-3000000-PHMB120153000034042100001,"서울특별시 종로구 율곡로 174, 창경빌딩 2,3,4층 (원남동)",geocode_kakao_exact,0.9556173921715215
산후조리원,2020,LIC-postpartum_care-3240000-PHMB120163240033042100001,"서울특별시 강동구 올림픽로 833, 매일우리아이센타 (암사동)",geocode_kakao_exact,3.335191705879463
산후조리원,2020,LIC-postpartum_care-3230000-PHMB120093230034042100001,"서울특별시 송파구 석촌호수로 156 (삼전동, 선플라자빌딩 6,7층)",geocode_kakao_exact,10.362319191237246
산후조리원,2020,LIC-postpartum_care-3210000-PHMB120063210034042100002,"서울특별시 서초구 동작대로 172 (방배동,로얄쇼핑센터 3층)",geocode_kakao_exact,8.715344616842717
세탁업,2025,LIC-laundries-3210000-3210000-205-2020-00008,"서울특별시 서초구 반포대로18길 36, 101호 (서초동, 서초센트럴IPARK)",geocode_kakao_exact,32.34434528420994
세탁업,2020,LIC-laundries-3170000-3170000-205-2002-00005,서울특별시 금천구 독산로78다길 17 (독산동),geocode_kakao_exact,0.48770663802026715
세탁업,2025,LIC-laundries-3170000-3170000-205-1994-01565,서울특별시 금천구 시흥대로72길 30 (시흥동),geocode_kakao_exact,1.1325539688976167
세탁업,2025,LIC-laundries-3200000-3200000-205-1991-02638,"서울특별시 관악구 법원단지길 77, 지하1층 B01호 (신림동)",geocode_kakao_exact,1.4474088267454637
세탁업,2020,LIC-laundries-3220000-3220000-205-2003-00066,"서울특별시 강남구 논현로16길 23 (개포동,1층)",geocode_kakao_exact,9.79214598621823
세탁업,2025,LIC-laundries-3210000-3210000-205-2005-00002,"서울특별시 서초구 서초대로1길 30 (방배동,현대(아)상가비동 107호)",geocode_kakao_exact,91.64036871871579
세탁업,2025,LIC-laundries-3130000-3130000-205-1987-01711,"서울특별시 마포구 연남로 52, 상가비동 (연남동, 코오롱하늘채아파트)",geocode_kakao_exact,42.55154926135795
세탁업,2020,LIC-laundries-3020000-3020000-205-1987-01665,서울특별시 용산구 효창원로42길 38-36 (용문동),geocode_kakao_exact,1.7968724545090182
세탁업,2020,LIC-laundries-3170000-3170000-205-1988-01412,서울특별시 금천구 시흥대로151길 34 (독산동),geocode_kakao_exact,1.8065645539740716
세탁업,2020,LIC-laundries-3040000-3040000-205-2013-00001,"서울특별시 광진구 아차산로 229, 109호 (화양동, 한림오피스텔)",geocode_kakao_exact,3.6708183551569027
세탁업,2025,LIC-laundries-3070000-3070000-205-2003-00030,서울특별시 성북구 종암로5길 26 (종암동),geocode_kakao_exact,42.63798221408506
세탁업,2025,LIC-laundries-3040000-3040000-205-1999-01894,서울특별시 광진구 아차산로 327-3 (자양동),geocode_kakao_exact,1.3027061388683778
세탁업,2020,LIC-laundries-3230000-3230000-205-1999-03094,"서울특별시 송파구 백제고분로18길 26, 106호 (잠실동)",geocode_kakao_exact,92.89142728216741
세탁업,2025,LIC-laundries-3010000-3010000-205-2024-00001,"서울특별시 중구 퇴계로 116, 1,2층 (회현동3가)",geocode_kakao_exact,0.29028067715023287
세탁업,2025,LIC-laundries-3240000-3240000-205-1992-02036,"서울특별시 강동구 풍성로 130 (성내동,112호)",geocode_kakao_exact,2.935449076885585
식료품소매(즉석판매·제과),2020,LIC-bakeries-3180000-3180000-121-2012-00006,"서울특별시 영등포구 도림로139길 12-1, 2층 (문래동2가)",geocode_kakao_exact,1.3661612154572875
식료품소매(즉석판매·제과),2020,LIC-instant_food_processors-3180000-3180000-107-1999-00601,서울특별시 영등포구 도신로56가길 5 (신길동),geocode_kakao_exact,1.4298710105954004
식료품소매(즉석판매·제과),2020,LIC-instant_food_processors-3230000-3230000-107-2013-00048,"서울특별시 송파구 송파대로 111, 롯데프리미엄푸드마켓 문정점동 (문정동, 파크하비오)",geocode_kakao_exact,154.44812714596313
식료품소매(즉석판매·제과),2020,LIC-instant_food_processors-3140000-3140000-107-2009-00044,"서울특별시 양천구 오목로 299, 지하2층 (목동, 이마트목동점 내)",geocode_kakao_exact,10.351353231602243
식료품소매(즉석판매·제과),2020,LIC-instant_food_processors-3160000-3160000-107-2000-00694,서울특별시 구로구 경인로47길 122 (고척동),geocode_kakao_exact,1.0130846596462706
식료품소매(즉석판매·제과),2020,LIC-instant_food_processors-3170000-3170000-107-1997-00165,"서울특별시 금천구 벚꽃로 73, 지하동 (독산동,현대(아)[벚꽃십리길 304])",geocode_kakao_exact,71.93315650124588
식료품소매(즉석판매·제과),2020,LIC-bakeries-3180000-3180000-121-2019-00016,"서울특별시 영등포구 디지털로37나길 3, 1층 (대림동)",geocode_kakao_exact,2.4362125844813427
식료품소매(즉석판매·제과),2020,LIC-instant_food_processors-3210000-3210000-107-2007-00111,"서울특별시 서초구 신반포로 176 (반포동,신세계백화점 강남점 식품관)",geocode_kakao_exact,116.89105309100152
식료품소매(즉석판매·제과),2025,LIC-instant_food_processors-3100000-3100000-107-2022-00007,"서울특별시 노원구 한글비석로 254, 대명프라자 2층 206호 (중계동)",geocode_kakao_exact,0.5649778549095293
식료품소매(즉석판매·제과),2020,LIC-instant_food_processors-3010000-3010000-107-1995-00083,서울특별시 중구 장충단로7길 12-5 (쌍림동),geocode_kakao_exact,0.42418499881733085
식료품소매(즉석판매·제과),2025,LIC-bakeries-3030000-3030000-121-1997-00002,서울특별시 성동구 왕십리로 92 (성수동1가),geocode_kakao_exact,2.3348641330245536
식료품소매(즉석판매·제과),2020,LIC-instant_food_processors-3210000-3210000-107-2019-00047,"서울특별시 서초구 남부순환로315길 34-5, 1층 101호 (서초동, 해오름)",geocode_kakao_exact,0.5928635047206333
식료품소매(즉석판매·제과),2020,LIC-bakeries-3180000-3180000-121-2017-00022,"서울특별시 영등포구 국제금융로 10 (여의도동, 비1층 148호)",geocode_kakao_exact,38.57300768744891
식료품소매(즉석판매·제과),2025,LIC-instant_food_processors-3070000-3070000-107-2006-00014,"서울특별시 성북구 종암로19길 25 (종암동,(지상1층))",geocode_kakao_exact,2.5004780321217472
식료품소매(즉석판매·제과),2025,LIC-instant_food_processors-3090000-3090000-107-2023-00023,"서울특별시 도봉구 도봉로 819, 1층 (도봉동)",geocode_kakao_exact,0.5771978540264681
약국,2020,LIC-pharmacies-3130000-PHMD120193130033084000023,"서울특별시 마포구 월드컵북로54길 25, 상암DMC푸르지오시티, S-City 오피스텔동 111호 (상암동)",geocode_kakao_exact,24.776883306416504
약국,2020,LIC-pharmacies-3240000-PHMD120123240033084000014,"서울특별시 강동구 올림픽로 651, 3층 (천호동, 예경빌딩)",geocode_kakao_exact,1.5655431550507939
약국,2020,LIC-pharmacies-3060000-PHMD120113060034084000029,"서울특별시 중랑구 중랑역로 62, 1층 (중화동)",geocode_kakao_exact,5.398423072079623
약국,2025,LIC-pharmacies-3140000-PHMD120243140033084000010,"서울특별시 양천구 목동중앙본로 59, 1층 (목동)",geocode_kakao_exact,2.2117888781723836
약국,2020,LIC-pharmacies-3150000-PHMD120103150037084000027,서울특별시 강서구 등촌로5길 80 (화곡동),geocode_kakao_exact,1.476545182195795
약국,2020,LIC-pharmacies-3180000-PHMD119733180034084000005,서울특별시 영등포구 경인로 835 (영등포동4가),geocode_kakao_exact,2.0355290852176635
약국,2020,LIC-pharmacies-3220000-PHMD120123220033084000011,"서울특별시 강남구 일원로 95, 109호 (일원동, 신영프라자)",geocode_kakao_exact,1.4944380970295494
약국,2025,LIC-pharmacies-3210000-PHMD120163210034084000005,"서울특별시 서초구 서초대로 411, 지하1층 (서초동, 지티타워)",geocode_kakao_exact,40.683195135495964
약국,2025,LIC-pharmacies-3230000-PHMD120093230034084000014,"서울특별시 송파구 오금로 487, 1층 (거여동)",geocode_kakao_exact,0.308925947296981
약국,2025,LIC-pharmacies-3220000-PHMD120173220033084000025,"서울특별시 강남구 압구정로 336, 1층 11호 (신사동)",geocode_kakao_exact,4.3229043016267825
약국,2020,LIC-pharmacies-3200000-PHMD120083200033084000007,서울특별시 관악구 은천로 38 (봉천동),geocode_kakao_exact,2.8763492919691984
약국,2025,LIC-pharmacies-3220000-PHMD120133220033084000008,"서울특별시 강남구 도곡로 409, 104호 (대치동)",geocode_kakao_exact,1.47161694880109
약국,2020,LIC-pharmacies-3050000-PHMD120013050034084000014,"서울특별시 동대문구 경희대로 19-9, 지하1층, 1층 (회기동)",geocode_kakao_exact,2.837923500682546
약국,2020,LIC-pharmacies-3200000-PHMD120183200033084000023,"서울특별시 관악구 인헌길 76, 1층 (봉천동)",geocode_kakao_exact,1.7522645339965959
약국,2025,LIC-pharmacies-3070000-PHMD120023070034084000006,"서울특별시 성북구 보문로 93, 1층 (보문동5가)",geocode_kakao_exact,6.06609308319253
어린이집,2025,CC_11410000022,서울특별시 서대문구 북아현로14길 15-6,geocode_kakao_exact,10.663230747227018
어린이집,2025,CC_11260000120,서울특별시 중랑구 면목로54길 67 (면목동 433-34),geocode_kakao_exact,1.434734473900193
어린이집,2025,CC_11215000079,서울특별시 광진구 아차산로55길 59 (구의동),geocode_kakao_exact,0.2568645245599515
어린이집,2020,CC_11290000530,"서울특별시 성북구 길음로9길 50 908동 102호(길음동, 길음뉴타운9단지아파트)",geocode_kakao_exact,409.5834373374466
어린이집,2025,CC_11560000162,서울특별시 영등포구 영중로33길 9 비동(영등포성결교회내) (영등포동8가),geocode_kakao_exact,6.962113776565296
어린이집,2020,CC_11215000013,서울특별시 광진구 능동로 447 (중곡동),geocode_kakao_exact,0.11696260782561883
어린이집,2020,CC_11500000636,서울특별시 강서구 까치산로 18-10,geocode_kakao_exact,2.196137575910961
어린이집,2025,CC_11650000325,서울특별시 서초구 사평대로 253,geocode_kakao_exact,0.332260281138951
어린이집,2020,CC_11740000075,"서울특별시 강동구 동남로49길 57 12동 102호(둔촌동, 현대1차아파트)",geocode_kakao_exact,81.79058647641621
어린이집,2025,CC_11200000314,"서울특별시 성동구 금호동4가 금호로 17 203동 104호(금호동4가, 서울숲2차푸르지오)",geocode_kakao_exact,0.21086981113541134
어린이집,2020,CC_11350000274,"서울특별시 노원구 월계로42길 97 103동 102호(월계동,꿈의숲sk뷰)",geocode_kakao_exact,131.77228193783623
어린이집,2020,CC_11305000339,"서울특별시 강북구 오현로 180 101동 102호(번동, 한솔솔파크아파트)",geocode_kakao_exact,64.8636467742313
어린이집,2020,CC_11380000661,서울특별시 은평구 응암로30길 16 백련산SK뷰아이파크,geocode_kakao_exact,161.18768185051977
어린이집,2025,CC_11500000631,서울특별시 강서구 초록마을로18길 36,geocode_kakao_exact,0.15646794206520687
어린이집,2020,CC_11230000427,서울특별시 동대문구 서울시립대로 14 청계한신휴플러스107-104 (답십리동),geocode_kakao_exact,124.76028308485967
유치원,2025,KG_원일유치원_19880305,서울특별시 양천구 목동동로 350,geocode_kakao_exact,143.06691706426707
유치원,2025,KG_탑주유치원_19830502,서울특별시 성북구 화랑로13길 17,geocode_kakao_exact,43.705756457874514
유치원,2025,KG_신목유치원_20090811,서울특별시 양천구 목동중앙북로10길 7-10,geocode_kakao_exact,0.15410806323253481
유치원,2020,KG_돈보스꼬유치원_19641126,서울특별시 영등포구 도영로22길 22,geocode_kakao_exact,58.63424544728666
유치원,2020,KG_삼성유치원_20131125,서울특별시 동대문구 사가정로 65,geocode_kakao_exact,200.40674002103702
유치원,2020,KG_수암유치원_20000703,서울특별시 중구 다산로 32,geocode_kakao_exact,165.81260318486935
유치원,2025,KG_서울동명초등학교병설유치원_20150306,서울특별시 성동구 마장로29길 29,geocode_kakao_exact,93.64974968027929
유치원,2025,KG_꿈나무유치원_20120327,서울특별시 양천구 목동서로 280,geocode_kakao_exact,31.562207069221873
유치원,2025,KG_세검정유치원_19830301,서울특별시 종로구 자하문로 310,geocode_kakao_exact,18.55907230348559
유치원,2025,KG_등대유치원_19860207,서울특별시 양천구 목동동로12길 60,geocode_kakao_exact,189.93238468187852
유치원,2025,KG_자연유치원_20051205,서울특별시 은평구 통일로 630-1,geocode_kakao_exact,0.02235184295775728
유치원,2025,KG_초원유치원_19911122,서울특별시 강남구 논현로14길 17,geocode_kakao_exact,4.083233637626789
유치원,2020,KG_은성유치원_19970120,서울특별시 중랑구 동일로 752,geocode_kakao_exact,40.960964245513765
유치원,2025,KG_서울강덕초등학교병설유치원_20001125,서울특별시 강동구 동남로82길 94-54,geocode_kakao_exact,81.69988123464556
유치원,2025,KG_행복한유치원_20141128,서울특별시 강서구 강서로62길 40,geocode_kakao_exact,0.056447156012396534
의원,2020,LIC-clinics-3120000-PHMA119833120033041100004,서울특별시 서대문구 연희로 38 (연희동),geocode_kakao_exact,2.978561770431285
의원,2025,LIC-clinics-3220000-PHMA120033220033041101861,"서울특별시 강남구 광평로56길 8-13, 201호 (수서동, 수서타워)",geocode_kakao_exact,1.780032071528959
의원,2020,LIC-clinics-3220000-PHMA119983220033041101362,"서울특별시 강남구 압구정로 168, 5층 (신사동)",geocode_kakao_exact,4.452974255709294
의원,2025,LIC-clinics-3120000-PHMA120113120033041100026,"서울특별시 서대문구 통일로 464, 홍제빌딩 2층 (홍제동)",geocode_kakao_exact,5.8236687078646145
의원,2020,LIC-clinics-3130000-PHMA120113130033041100020,"서울특별시 마포구 신촌로 60, 2층 (동교동, 한솔빌딩)",geocode_kakao_exact,0.517088075633511
의원,2020,LIC-clinics-3230000-PHMA120063230034041101367,"서울특별시 송파구 백제고분로 365, 태문빌딩 5,7층 502, 701호 (석촌동)",geocode_kakao_exact,13.001948515078585
의원,2020,LIC-clinics-3180000-PHMA120183180034041100045,"서울특별시 영등포구 국제금융로6길 33, 406호 (여의도동)",geocode_kakao_exact,0.9993201842198302
의원,2020,LIC-clinics-3100000-PHMA119933100034041100053,서울특별시 노원구 석계로 4 (월계동),geocode_kakao_exact,17.81676708179761
의원,2025,LIC-clinics-3100000-PHMA120213100034041100007,"서울특별시 노원구 노해로 480, 조광빌딩 9층 902호 (상계동)",geocode_kakao_exact,2.192597759645843
의원,2025,LIC-clinics-3180000-PHMA120213180034041100020,"서울특별시 영등포구 양평로 46, 4층 (당산동6가)",geocode_kakao_exact,2.423005021244384
의원,2025,LIC-clinics-3220000-PHMA120083220033041101025,"서울특별시 강남구 강남대로 334 (역삼동, 에셈타워 5층일부)",geocode_kakao_exact,4.877065969326896
의원,2025,LIC-clinics-3150000-PHMA120173150037041100014,"서울특별시 강서구 마곡중앙5로 6, 마곡나루역보타닉푸르지오시티 2층 213호 (마곡동)",geocode_kakao_exact,48.832673706034015
의원,2025,LIC-clinics-3220000-PHMA120173220033041100109,"서울특별시 강남구 봉은사로 129, 지하1층 (논현동, 거평타운)",geocode_kakao_exact,8.532995886894401
의원,2020,LIC-clinics-3090000-PHMA120063090033041100008,서울특별시 도봉구 노해로63길 84-3 (창동),geocode_kakao_exact,5.658917784490151
의원,2025,LIC-clinics-3180000-PHMA120223180034041100017,"서울특별시 영등포구 양평로 20, 5층 (당산동6가)",geocode_kakao_exact,3.1204070186935504
이용업,2020,LIC-barber_shops-3080000-3080000-203-1984-01536,서울특별시 강북구 도봉로 197 (미아동),geocode_kakao_exact,2.102145823173111
이용업,2025,LIC-barber_shops-3100000-3100000-203-2020-00010,"서울특별시 노원구 중계로 219, 법성프라자 지하1층 (중계동)",geocode_kakao_exact,0.5444781436822812
이용업,2025,LIC-barber_shops-3010000-3010000-203-2002-00011,"서울특별시 중구 남대문로 63 (남대문로2가,한진빌딩 지하1층)",geocode_kakao_exact,14.553817070078448
이용업,2025,LIC-barber_shops-3100000-3100000-203-2020-00009,"서울특별시 노원구 덕릉로94가길 20, 상가동 101호 (상계동, 청암2단지아파트)",geocode_kakao_exact,79.21430622765996
이용업,2020,LIC-barber_shops-3200000-3200000-203-1971-01987,"서울특별시 관악구 원신2길 6-1 (신림동, 지하1층)",geocode_kakao_exact,8.236128468098514
이용업,2020,LIC-barber_shops-3100000-3100000-203-1998-00391,"서울특별시 노원구 한글비석로 89, 110호 (하계동, 청구아파트A상가 201동)",geocode_kakao_exact,140.44895859594928
이용업,2025,LIC-barber_shops-3220000-3220000-203-2020-00003,"서울특별시 강남구 압구정로 434-3, 2층 (청담동)",geocode_kakao_exact,1.1787095886598433
이용업,2025,LIC-barber_shops-3020000-3020000-203-2007-00003,"서울특별시 용산구 우사단로 15, 1층 (이태원동)",geocode_kakao_exact,1.803416846874066
이용업,2020,LIC-barber_shops-3020000-3020000-203-1977-01269,서울특별시 용산구 우사단로10길 39 (한남동),geocode_kakao_exact,31.118374437531735
이용업,2025,LIC-barber_shops-3100000-3100000-203-2021-00004,"서울특별시 노원구 중계로14길 34, 1층 103호 (중계동)",geocode_kakao_exact,1.3559404921385076
이용업,2025,LIC-barber_shops-3230000-3230000-203-2018-00011,"서울특별시 송파구 석촌호수로 230, 103호 (석촌동, 미켈란 호수家)",geocode_kakao_exact,6.718320168148688
이용업,2025,LIC-barber_shops-3070000-3070000-203-1989-00644,서울특별시 성북구 화랑로19길 30-1 (상월곡동),geocode_kakao_exact,5.858221615104857
이용업,2025,LIC-barber_shops-3130000-3130000-203-1972-01347,서울특별시 마포구 고산5길 16 (노고산동),geocode_kakao_exact,1.747685445685032
이용업,2020,LIC-barber_shops-3240000-3240000-203-1988-01657,"서울특별시 강동구 아리수로76길 46, 1층 (고덕동)",geocode_kakao_exact,1.0209356996272068
이용업,2025,LIC-barber_shops-3180000-3180000-203-2005-00008,"서울특별시 영등포구 디지털로 367, 1층 (대림동)",geocode_kakao_exact,2.2932117200555973
일반음식점,2020,LIC-general_restaurants-3220000-3220000-101-2019-01091,"서울특별시 강남구 언주로99길 9, 지상1층 (역삼동)",geocode_kakao_exact,0.8599882362804088
일반음식점,2025,LIC-general_restaurants-3100000-3100000-101-2023-00216,"서울특별시 노원구 화랑로47길 9, 1층 (월계동)",geocode_kakao_exact,0.9783287554555768
일반음식점,2020,LIC-general_restaurants-3220000-3220000-101-2019-01263,"서울특별시 강남구 삼성로 535, 삼화빌딩 지상1층 102-A호 (삼성동)",geocode_kakao_exact,7.809721362397458
일반음식점,2025,LIC-general_restaurants-3020000-3020000-101-2013-00138,"서울특별시 용산구 신흥로 30-1 (용산동2가, 45-13 지상1층)",geocode_kakao_exact,1.7881878688036474
일반음식점,2020,LIC-general_restaurants-3080000-3080000-101-2005-00265,서울특별시 강북구 도봉로13가길 6 (미아동),geocode_kakao_exact,1.4910861444557093
일반음식점,2020,LIC-general_restaurants-3000000-3000000-101-2019-00119,"서울특별시 종로구 평창문화로 56, 우신빌딩 1층 2호 (평창동)",geocode_kakao_exact,0.8570816349720163
일반음식점,2025,LIC-general_restaurants-3090000-3090000-101-2004-00230,"서울특별시 도봉구 노해로63길 84-12 (창동,(지상1층))",geocode_kakao_exact,1.6832807680703443
일반음식점,2020,LIC-general_restaurants-3220000-3220000-101-2006-00865,"서울특별시 강남구 압구정로34길 16, 지상1층 (신사동)",geocode_kakao_exact,2.9736429689430013
일반음식점,2020,LIC-general_restaurants-3050000-3050000-101-1992-00860,"서울특별시 동대문구 천호대로 301-1 (답십리동,(천호대로 137))",unresolved,
일반음식점,2020,LIC-general_restaurants-3060000-3060000-101-2000-09571,서울특별시 중랑구 면목로91길 19 (상봉동),geocode_kakao_exact,2.9091917594260073
일반음식점,2020,LIC-general_restaurants-3200000-3200000-101-2012-00298,"서울특별시 관악구 시흥대로160길 12 (신림동, 지상1층)",geocode_kakao_exact,0.9609695172420921
일반음식점,2020,LIC-general_restaurants-3090000-3090000-101-2012-00206,"서울특별시 도봉구 우이천로4다길 72, 1층 (창동)",geocode_kakao_exact,0.6229256917903303
일반음식점,2020,LIC-general_restaurants-3230000-3230000-101-2004-00649,"서울특별시 송파구 백제고분로7길 52-24, 지상1층 (잠실동)",geocode_kakao_exact,1.4870543217632382
일반음식점,2025,LIC-general_restaurants-3210000-3210000-101-2011-00336,"서울특별시 서초구 강남대로 156-4 (양재동,1층)",geocode_kakao_exact,2.7960127107691206
일반음식점,2025,LIC-general_restaurants-3130000-3130000-101-2019-00528,"서울특별시 마포구 숭문길 7-1, 1층 (염리동)",geocode_kakao_exact,1.5740346325745382
일상소매,2020,SBIZ_MA010120220812929606,서울특별시 종로구 율곡로2길 7,geocode_kakao_exact,0.7242287048935291
일상소매,2020,SBIZ_MA010120220800362803,서울특별시 영등포구 국회대로53길 30,geocode_kakao_exact,4.378267081264603
일상소매,2020,SBIZ_MA0101202410A0269687,서울특별시 광진구 자양로13나길 11,geocode_kakao_exact,1.343508091793385
일상소매,2020,SBIZ_MA010120220808954085,서울특별시 노원구 한글비석로15길 27,geocode_kakao_exact,0.9411274533312906
일상소매,2025,SBIZ_MA0101202410A0713154,서울특별시 강서구 등촌로39길 17-3,geocode_kakao_exact,0.3477243837956212
일상소매,2020,SBIZ_MA010120220804084905,서울특별시 강동구 성안로 58,geocode_kakao_exact,0.40295626590853717
일상소매,2025,SBIZ_MA010120220800961840,서울특별시 금천구 가산디지털2로 136,geocode_kakao_exact,47.6768845835074
일상소매,2020,SBIZ_MA0101202410A0547803,서울특별시 양천구 등촌로 142,geocode_kakao_exact,0.5815964341004229
일상소매,2020,SBIZ_MA010120220809290475,서울특별시 성동구 용답19길 5,geocode_kakao_exact,3.08305919652321
일상소매,2025,SBIZ_MA0101202410A0063164,서울특별시 동대문구 전농로4가길 1,geocode_kakao_exact,0.3537010832311503
일상소매,2025,SBIZ_MA0101202301A0090825,서울특별시 노원구 광운로 60,geocode_kakao_exact,2.0462895959155007
일상소매,2025,SBIZ_MA0101202211A0005171,서울특별시 동대문구 답십리로63길 76,geocode_kakao_exact,0.8370564398369398
일상소매,2020,SBIZ_MA0102202409B0226534,서울특별시 성북구 돌곶이로8다길 37,geocode_kakao_exact,0.9076729565499702
일상소매,2025,SBIZ_MA0101202410A0064224,서울특별시 금천구 독산로50길 108,geocode_kakao_exact,0.4199646913706022
일상소매,2020,SBIZ_MA010120220806532609,서울특별시 강남구 광평로10길 50,geocode_kakao_exact,0.6322917620494333
주유소,2025,LIC-oil_retailers-3200000-1995320008001501840,서울특별시 관악구 남부순환로 1880 (봉천동),geocode_kakao_exact,6.49561384348663
주유소,2025,LIC-oil_retailers-3230000-1993323013101500038,서울특별시 송파구 가락로 47 (석촌동),geocode_vworld_exact,19.985561036368573
주유소,2025,LIC-oil_retailers-3230000-1992323013101500025,서울특별시 송파구 중대로 183 (가락동),geocode_kakao_exact,6.926406008251166
주유소,2020,LIC-oil_retailers-3180000-2001318007601500009,서울특별시 영등포구 경인로 789 (문래동3가),geocode_kakao_exact,13.466814198774431
주유소,2020,LIC-oil_retailers-3230000-2003323007801500010,서울특별시 송파구 백제고분로 199 (삼전동),unresolved,
주유소,2025,LIC-oil_retailers-3140000-2017314017901500001,서울특별시 양천구 남부순환로 408 (신월동),geocode_kakao_exact,3.462109771893179
주유소,2025,LIC-oil_retailers-3150000-1983315007401500001,서울특별시 강서구 공항대로 653 (염창동),geocode_kakao_exact,4.2897097244450615
주유소,2020,LIC-oil_retailers-3120000-2004312009301500004,"서울특별시 서대문구 통일로 384, 독립문주유소 (홍제동)",unresolved,
주유소,2020,LIC-oil_retailers-3090000-1993309010501500003,서울특별시 도봉구 방학로 142 (방학동),geocode_kakao_exact,22.14396257000153
주유소,2020,LIC-oil_retailers-3210000-1994321007601500069,서울특별시 서초구 효령로 356 (서초동),geocode_kakao_exact,18.21007012477338
주유소,2025,LIC-oil_retailers-3200000-1982320008001501806,서울특별시 관악구 과천대로 921 (남현동),geocode_kakao_exact,23.114650641003397
주유소,2020,LIC-oil_retailers-3130000-1987313011801500009,서울특별시 마포구 월드컵로 119 (망원동),geocode_kakao_exact,7.724272998917228
주유소,2025,LIC-oil_retailers-3040000-1976304007301500005,서울특별시 광진구 동일로 398 (중곡동),geocode_kakao_exact,3.0602263440258644
주유소,2020,LIC-oil_retailers-3230000-2001323007801500003,서울특별시 송파구 삼학사로 22 (석촌동),geocode_kakao_exact,10.491635719091313
주유소,2020,LIC-oil_retailers-3050000-1976305008201500011,서울특별시 동대문구 망우로 90 (휘경동),geocode_kakao_exact,2.719819169421589
체육시설업,2020,LIC-martial_arts_dojo-3210000-CDFH3301022013000002,"서울특별시 서초구 서초중앙로 245 (반포동, 지하1층)",geocode_kakao_exact,1.162083475419092
체육시설업,2025,LIC-golf_practice_ranges-3230000-CDFH3301052006000003,"서울특별시 송파구 오금로 526, 3층 (거여동)",geocode_kakao_exact,3.1031701766350746
체육시설업,2025,LIC-martial_arts_dojo-3160000-CDFH3301022014000003,"서울특별시 구로구 신도림로19길 7, 610호 (신도림동, 성광빌딩 6층)",geocode_kakao_exact,10.009516997216664
체육시설업,2025,LIC-fitness_centers-3150000-CDFH3301062018000013,"서울특별시 강서구 양천로30길 27, A동 (마곡동)",geocode_kakao_exact,11.87998727510938
체육시설업,2025,LIC-martial_arts_dojo-3160000-CDFH3301022023000006,"서울특별시 구로구 연동로 195, 솔보프라자2 5층 503호 (항동)",geocode_kakao_exact,121.12641483432584
체육시설업,2025,LIC-billiard_halls-3010000-CDFH3301081984000001,서울특별시 중구 북창동 12-1,geocode_kakao_exact,0.09388612028703015
체육시설업,2020,LIC-martial_arts_dojo-3150000-CDFH3301022005000007,"서울특별시 강서구 양천로 87, 대일빌딩 2층 일부호 (방화동)",geocode_kakao_exact,0.47165545694312966
체육시설업,2025,LIC-fitness_centers-3220000-CDFH3301062016000012,"서울특별시 강남구 삼성로 633, 지하1층 (삼성동, 삼광빌딩)",geocode_kakao_exact,19.02780906484832
체육시설업,2020,LIC-golf_practice_ranges-3220000-CDFH3301052013000001,서울특별시 강남구 언주로 425 (역삼동),geocode_kakao_exact,14.623551898623896
체육시설업,2020,LIC-billiard_halls-3150000-CDFH3301082017000016,"서울특별시 강서구 금낭화로 135, 602~606호 (방화동, 금강프라자빌딩)",geocode_kakao_exact,7.416298891267733
체육시설업,2025,LIC-fitness_centers-3070000-CDFH3301061999000002,서울특별시 성북구 장위로 52  (장위동),geocode_kakao_exact,1.7113888742621768
체육시설업,2020,LIC-fitness_centers-3060000-CDFH3301062015000005,"서울특별시 중랑구 신내역로 165 (신내동, 신내우디안 2단지아파트 휘트니스센터)",geocode_kakao_exact,152.06508506338
체육시설업,2020,LIC-golf_practice_ranges-3010000-CDFH3301052005000004,서울특별시 중구 장충동2가 26-1 지하1층,geocode_kakao_exact,0.10048420720795506
체육시설업,2020,LIC-martial_arts_dojo-3090000-CDFH3301021996000005,"서울특별시 도봉구 덕릉로 408, 2층 (창동)",geocode_kakao_exact,3.490852126104153
체육시설업,2025,LIC-billiard_halls-3210000-CDFH3301082023000002,"서울특별시 서초구 방배천로 21, 지하1층 (방배동)",geocode_kakao_exact,1.0008408659394128
학교,2025,SCH_B000002236,서울특별시 강서구 강서로46길 23 (내발산동.내발산초등학교),geocode_kakao_exact,0.0013938807901255877
학교,2025,SCH_B000002324,서울특별시 동작구 서달로 135 중앙대학교 사범대학 부속초등학교 (흑석동 233),geocode_kakao_exact,47.45128174861364
학교,2020,SCH_B000011927,서울특별시 용산구 두텁바위로 60(용산동2가.용산고등학교),geocode_kakao_exact,91.12964276877233
학교,2020,SCH_B000002415,서울특별시 성북구 안암로 5(보문동7가.대광초등학교),geocode_kakao_exact,13.287050045044571
학교,2025,SCH_B000001935,서울특별시 마포구 방울내로5길 28 (망원동. 망원초등학교),geocode_kakao_exact,35.66490125602332
학교,2025,SCH_B000002113,서울특별시 용산구 서빙고로51길 14 서울서빙고초등학교(서빙고동),geocode_kakao_exact,0.00012906288584200917
학교,2020,SCH_B000008097,서울특별시 동대문구 한천로 247휘경여자중학교,geocode_kakao_exact,142.58263275701614
학교,2025,SCH_B000002116,서울특별시 용산구 한강대로14길 9 (한강로3가. 한강초등학교),geocode_kakao_exact,1.8075347280202052
학교,2025,SCH_B000011316,서울특별시 노원구 공릉로 264 (하계동),geocode_kakao_exact,0.0042724981989676015
학교,2025,SCH_B000012026,서울특별시 구로구 경인로67길 159 (신도림동.신도림고등학교),geocode_kakao_exact,0.0015294691958811272
학교,2025,SCH_B000011987,서울특별시 은평구 은평터널로7길 6 (신사동),geocode_kakao_exact,0.0033238413570699558
학교,2025,SCH_B000011358,서울특별시 송파구 송파대로38길 8 (송파동.일신여자상업고등학교),geocode_kakao_exact,0.0022940421798679834
학교,2020,SCH_B000011997,서울특별시 마포구 성미산로 111. 경성고등학교 (연남동),geocode_kakao_exact,0.13448789272411515
학교,2020,SCH_B000008202,서울특별시 도봉구 노해로49길 69(쌍문동),geocode_kakao_exact,73.76731404684215
학교,2025,SCH_B000013454,서울특별시 동대문구 왕산로 303 (청량리동. 청량고등학교),geocode_kakao_exact,0.004430688042895859
휴게음식점,2025,LIC-rest_cafes-3150000-3150000-104-2024-00187,"서울특별시 강서구 화곡로 135, 상원빌딩 1층 102호 (화곡동)",geocode_kakao_exact,2.7870713361537454
휴게음식점,2025,LIC-rest_cafes-3010000-3010000-104-2021-00080,"서울특별시 중구 세종대로 14, 4층 (남대문로5가)",geocode_kakao_exact,5.3605384997153305
휴게음식점,2020,LIC-rest_cafes-3140000-3140000-104-2017-00188,"서울특별시 양천구 오목로 299, 지하2층 (목동, 목동트라팰리스 이마트목동점)",geocode_kakao_exact,10.351353231602243
휴게음식점,2025,LIC-rest_cafes-3010000-3010000-104-2014-00030,"서울특별시 중구 퇴계로 449-8, 1,2층 (황학동)",geocode_kakao_exact,3.7281724664420035
휴게음식점,2020,LIC-rest_cafes-3190000-3190000-104-2017-00101,"서울특별시 동작구 상도로15길 51, 1층 (상도동)",geocode_kakao_exact,1.916498412549668
휴게음식점,2020,LIC-rest_cafes-3030000-3030000-104-2019-00155,"서울특별시 성동구 동일로 273, 2층 (송정동)",geocode_kakao_exact,2.848236536006612
휴게음식점,2025,LIC-rest_cafes-3120000-3120000-104-2023-00240,"서울특별시 서대문구 거북골로 84, 상가2동 지2층 106-1호 (남가좌동, DMC에코자이)",geocode_kakao_exact,118.79803196194278
휴게음식점,2025,LIC-rest_cafes-3200000-3200000-104-2021-00050,"서울특별시 관악구 남부순환로 1929-5, SOL&CITY오피스텔 지하1층 (봉천동)",geocode_kakao_exact,3.407146773518721
휴게음식점,2025,LIC-rest_cafes-3040000-3040000-104-2023-00181,"서울특별시 광진구 아차산로 272, 더샵스타시티 1층 1호 (자양동)",geocode_kakao_exact,89.7413795663398
휴게음식점,2020,LIC-rest_cafes-3080000-3080000-104-2019-00034,"서울특별시 강북구 한천로 1097, 1층 (수유동)",geocode_kakao_exact,1.684162477476918
휴게음식점,2020,LIC-rest_cafes-3070000-3070000-104-2019-00002,"서울특별시 성북구 정릉로26길 14, 1층 (정릉동)",geocode_kakao_exact,1.266556955773469
휴게음식점,2020,LIC-rest_cafes-3050000-3050000-104-2014-00113,"서울특별시 동대문구 답십리로63길 131, 1층 (장안동)",geocode_kakao_exact,1.947942819151449
휴게음식점,2020,LIC-rest_cafes-3100000-3100000-104-2014-00049,서울특별시 노원구 동일로237가길 31 (상계동),geocode_kakao_exact,2.169634130149573
휴게음식점,2025,LIC-rest_cafes-3050000-3050000-104-2007-00008,서울특별시 동대문구 안암로 148-1 (제기동),geocode_kakao_exact,2.5476933605496517
휴게음식점,2025,LIC-rest_cafes-3190000-3190000-104-2022-00121,"서울특별시 동작구 동작대로7길 80, 1층 (사당동)",geocode_kakao_exact,1.1707789647584186
