시설,year,facility_id,name,coord_method,poi,sim,dist_m
가족센터(자치구 본소),2020,FAM00026,중구 건강가정지원센터 (퇴계로),geocode_kakao_exact,,,
가족센터(자치구 본소),2025,FAM00005,강북구 가족센터,geocode_kakao_exact,강북구가족센터,1.0,0.0
가족센터(자치구 본소),2025,FAM00003,강남구 가족센터,geocode_kakao_exact,강남구가족센터,1.0,0.9
가족센터(자치구 본소),2020,FAM00012,도봉구 건강가정지원센터,geocode_kakao_exact,,,
가족센터(자치구 본소),2020,FAM00013,동대문구 건강가정지원센터,geocode_kakao_exact,,,
가족센터(자치구 본소),2020,FAM00016,서대문구 건강가정지원센터,geocode_kakao_exact,서대문구가족센터,0.7,4.0
가족센터(자치구 본소),2020,FAM00018,성동구 건강가정지원센터,geocode_kakao_exact,성동구건강가정다문화가족지원센터 아름인도서관,0.67,1.4
가족센터(자치구 본소),2020,FAM00017,서초구 건강가정지원센터 (강남대로),geocode_kakao_exact,,,
가족센터(자치구 본소),2020,FAM00015,마포구 건강가정지원센터,geocode_kakao_exact,마포구가족센터,0.67,0.1
가족센터(자치구 본소),2020,FAM00023,용산구 건강가정지원센터,geocode_kakao_exact,용산구1인가구지원센터,0.73,3.7
가족센터(자치구 본소),2025,FAM00019,성북구 가족센터,geocode_kakao_exact,성북구가족센터,1.0,414.7
가족센터(자치구 본소),2025,FAM00015,마포구 가족센터,geocode_kakao_exact,마포구가족센터,1.0,0.1
공공도서관,2025,LIB2060111054,역삼푸른솔도서관,geocode_kakao_exact,역삼푸른솔도서관,1.0,9.4
공공도서관,2020,LIB2060111028,글빛정보도서관,geocode_kakao_exact,글빛정보도서관,1.0,4.5
공공도서관,2020,LIB2060111021,정다운도서관,geocode_kakao_exact,강남구립 정다운도서관,0.75,7.0
공공도서관,2020,LIB2060111011,아리랑도서관,geocode_kakao_exact,아리랑도서관,1.0,25.8
공공도서관,2025,LIB2060111068,송중문화정보도서관,geocode_kakao_exact,송중문화정보도서관 개방화장실,0.78,1.5
공공도서관,2020,LIB2060111014,대치도서관,geocode_kakao_exact,대치1작은도서관,0.77,1073.4
공공도서관,2025,LIB2060111078,서울도서관,geocode_kakao_exact,서울도서관,1.0,12.7
공공도서관,2025,LIB20601110018,약수도서관,geocode_kakao_exact,약수도서관,1.0,2.0
공공도서관,2025,LIB2060111085,도곡정보문화도서관,geocode_kakao_exact,도곡정보문화도서관,1.0,20.3
공공도서관,2020,LIB2060111086,미아문화정보도서관,geocode_kakao_exact,미아문화정보도서관,1.0,20.5
공공도서관,2025,LIB20601110069,보문숲길도서관,geocode_kakao_exact,보문숲길도서관,1.0,74.7
공공도서관,2025,LIB2050111005,서울특별시교육청고척도서관,geocode_kakao_exact,서울특별시교육청 고척도서관,1.0,2.1
노인 이용시설,2025,ELD00946,작은베들레헴데이케어센터,geocode_kakao_exact,작은베들레헴 데이케어센터,1.0,1.2
노인 이용시설,2020,ELD01018,마포노인복지센터,geocode_kakao_exact,마포노인복지센터 2관,0.89,66.5
노인 이용시설,2020,ELD01223,서울숲 단기보호센터,geocode_kakao_exact,서울숲단기보호센터,1.0,0.6
노인 이용시설,2020,ELD00578,연희노인여가복지시설,geocode_kakao_exact,연희노인복지관,0.71,2.6
노인 이용시설,2025,ELD00888,두레데이케어,geocode_kakao_exact,,,
노인 이용시설,2020,ELD01213,강동미르친구데이 케어센터,geocode_kakao_exact,,,
노인 이용시설,2025,ELD01194,행복케어,geocode_kakao_exact,송파행복데이케어,0.67,2155.6
노인 이용시설,2025,ELD01012,연희데이케어센터,geocode_kakao_exact,연희데이케어센터,1.0,2.0
노인 이용시설,2025,ELD02720,강동 프라임 데이케어센터,geocode_kakao_exact,강동프라임데이케어센터,1.0,0.0
노인 이용시설,2025,ELD00618,시립강동노인종합복지관,geocode_kakao_exact,시립강동노인종합복지관,1.0,39.2
노인 이용시설,2020,ELD01022,한서데이케어센터,geocode_kakao_exact,한서데이케어센터,1.0,0.0
노인 이용시설,2020,ELD00970,서울송담데이케어 센터,geocode_kakao_exact,,,
노인 입소시설,2025,ELD00359,사랑재활요양원2호점,geocode_kakao_exact,,,
노인 입소시설,2025,ELD00081,푸른요양원1호점,geocode_kakao_exact,푸른요양원 1호점,1.0,0.0
노인 입소시설,2025,ELD01468,서울실버하임,geocode_kakao_exact,서울실버하임,1.0,1.2
노인 입소시설,2020,ELD00204,관악실버케어,geocode_kakao_exact,관악실버케어,1.0,0.5
노인 입소시설,2020,ELD00223,보눔케어요양원,geocode_kakao_exact,보눔케어요양원,1.0,6.0
노인 입소시설,2025,ELD00242,광진노인보호센터,geocode_kakao_exact,광진노인보호센터,1.0,1.1
노인 입소시설,2025,ELD00072,보문요양원,geocode_kakao_exact,보문요양원,1.0,3.0
노인 입소시설,2025,ELD00223,보눔케어요양원,geocode_kakao_exact,보눔케어요양원,1.0,6.0
노인 입소시설,2025,ELD00521,늘편한요양센터,geocode_kakao_exact,늘편한요양센터,1.0,2.9
노인 입소시설,2020,ELD00031,서울여자간호대학교 휴먼캐슬,geocode_kakao_exact,서울여자간호대학교 휴먼캐슬,1.0,1.1
노인 입소시설,2020,ELD00224,경복궁요양센터,geocode_kakao_exact,경복궁요양센터,1.0,0.1
노인 입소시설,2020,ELD00331,가족사랑노인요양센터,geocode_kakao_exact,가족사랑 노인요양센터,1.0,2.9
대규모점포(주요4업태),2020,LIC-large_scale_retail_stores-3130000-2003313009907500001,홈플러스(주)월드컵점,geocode_kakao_exact,벤제프 홈플러스 월드컵점,0.84,102.9
대규모점포(주요4업태),2025,LIC-large_scale_retail_stores-3130000-2003313009907500001,홈플러스(주)월드컵점,geocode_kakao_exact,벤제프 홈플러스 월드컵점,0.84,102.9
등록공연장,2025,MCST-REGHALL-2025-1003,제이티앤 아트홀(JTN ART HALL) 4관,borrowed_lic_same_addrkey,,,
등록공연장,2020,MCST-REGHALL-2020-0243,대학로뮤지컬센터 대극장,borrowed_lic_same_addrkey,,,
등록공연장,2025,MCST-REGHALL-2025-0824,한국예술종합학교 예술(중)극장,borrowed_lic_same_addrkey,,,
등록공연장,2020,MCST-REGHALL-2020-0130,국립국악원 우면당,borrowed_lic_same_addrkey,국립국악원 우면당,1.0,591.8
등록공연장,2020,MCST-REGHALL-2020-0190,로운아뜨리움 로운아트홀,borrowed_lic_same_addrkey,,,
등록공연장,2020,MCST-REGHALL-2020-0006,광림교회 장천홀,borrowed_lic_same_addrkey,광림아트센터 장천홀,0.62,18.0
등록공연장,2020,MCST-REGHALL-2020-0354,콘텐츠그라운드,borrowed_lic_same_addrkey,콘텐츠그라운드,1.0,4.0
등록공연장,2020,MCST-REGHALL-2020-0117,ECC 삼성홀,borrowed_lic_same_addrkey,,,
등록공연장,2025,MCST-REGHALL-2025-0741,윤형빈 소극장,borrowed_lic_same_addrkey,,,
등록공연장,2020,MCST-REGHALL-2020-0373,환상극장,borrowed_lic_same_addrkey,,,
등록공연장,2025,MCST-REGHALL-2025-1006,지인시어터,borrowed_lic_same_addrkey,지인시어터,1.0,14.0
등록공연장,2020,MCST-REGHALL-2020-0341,전통문화공간 창선당,borrowed_lic_same_addrkey,전통문화공간창선당,1.0,38.1
목욕장업,2025,LIC-public_baths-3110000-3110000-202-2015-00003,루하스사우나,geocode_kakao_exact,루하스사우나,1.0,2.1
목욕장업,2025,LIC-public_baths-3130000-3130000-202-2003-00006,월드컵스파랜드24,geocode_kakao_exact,월드컵스파랜드24,1.0,105.3
목욕장업,2020,LIC-public_baths-3130000-3130000-202-2003-00006,월드컵스파랜드24,geocode_kakao_exact,월드컵스파랜드24,1.0,105.3
목욕장업,2025,LIC-public_baths-3110000-3110000-202-2024-00004,썬 사우나,geocode_kakao_exact,썬사우나,1.0,0.0
목욕장업,2020,LIC-public_baths-3110000-3110000-202-2015-00003,루하스사우나,geocode_kakao_exact,루하스사우나,1.0,2.1
문화기반시설,2020,CUL00386,성동문화원,geocode_kakao_exact,성동문화원,1.0,5.0
문화기반시설,2025,CUL00437,김영삼도서관,geocode_kakao_exact,김영삼도서관,1.0,10.6
문화기반시설,2025,CUL00262,피규어뮤지엄W,geocode_kakao_exact,피규어뮤지엄W,1.0,1.5
문화기반시설,2020,CUL00143,소나무언덕3호 작은도서관,geocode_kakao_exact,,,
문화기반시설,2025,CUL00124,성동구립무지개도서관,geocode_kakao_exact,성동구립무지개도서관,1.0,26.6
문화기반시설,2020,CUL00213,서울우리소리박물관,geocode_kakao_exact,서울우리소리박물관,1.0,1.8
문화기반시설,2025,CUL00332,세종문화회관 미술관,geocode_kakao_exact,세종문화회관 미술관,1.0,1.4
문화기반시설,2020,CUL00332,세종문화회관 미술관,geocode_kakao_exact,세종문화회관 미술관,1.0,1.4
문화기반시설,2020,CUL00202,서울약령시한의약박물관,geocode_kakao_exact,서울약령시한의약박물관,1.0,5.6
문화기반시설,2020,CUL00253,전기박물관,geocode_kakao_exact,전기박물관,1.0,44.6
문화기반시설,2025,CUL00063,성현동작은도서관,geocode_kakao_exact,성현동작은도서관,1.0,0.1
문화기반시설,2020,CUL00406,송파문화원,geocode_kakao_exact,송파문화원,1.0,122.6
병원급,2025,LIC-hospitals-3230000-PHMA220173230034021200002,민트병원,geocode_kakao_exact,민트병원,1.0,0.2
병원급,2025,LIC-hospitals-3230000-PHMA220193230034021200005,대전대학교서울한방병원,geocode_kakao_exact,대전대학교 서울한방병원,1.0,0.4
병원급,2025,LIC-hospitals-3230000-PHMA220203230034021200002,새숨병원,geocode_kakao_exact,새숨병원,1.0,8.8
병원급,2020,LIC-hospitals-3230000-PHMA220173230034021200002,민트병원,geocode_kakao_exact,민트병원,1.0,0.2
병원급,2025,LIC-hospitals-3110000-PHMA219973110032021200001,인정병원,geocode_kakao_exact,인정병원,1.0,21.1
병원급,2020,LIC-hospitals-3070000-PHMA220033070034021200001,로덴치과병원,geocode_kakao_exact,,,
병원급,2025,LIC-hospitals-3120000-PHMA220083120033021200002,사랑요양병원,geocode_kakao_exact,사랑요양병원,1.0,2.6
병원급,2025,LIC-hospitals-3070000-PHMA220113070034021200002,동서요양병원,geocode_kakao_exact,동서요양병원,1.0,2.2
병원급,2020,LIC-hospitals-3230000-PHMA220193230034021200005,대전대학교서울한방병원,geocode_kakao_exact,대전대학교 서울한방병원,1.0,0.4
병원급,2020,LIC-hospitals-3120000-PHMA220083120033021200002,사랑요양병원,geocode_kakao_exact,사랑요양병원,1.0,2.6
병원급,2020,LIC-hospitals-3050000-PHMA219823050034021200001,동서울병원,geocode_kakao_exact,동서울병원 주차장,0.77,21.9
병원급,2020,LIC-hospitals-3070000-PHMA220113070034021200002,동서요양병원,geocode_kakao_exact,동서요양병원,1.0,2.2
보건소·보건지소,2025,PHC00043,응암보건지소,geocode_kakao_exact,응암보건지소,1.0,2.1
보건소·보건지소,2025,PHC00004,강북구보건소,geocode_kakao_exact,강북구보건소,1.0,41.8
보건소·보건지소,2025,PHC00062,동작보건지소,geocode_kakao_exact,동작구보건소,0.83,1635.7
보건소·보건지소,2025,PHC00038,양천구보건지소,geocode_kakao_exact,양천구보건소,0.92,3372.1
보건소·보건지소,2020,PHC00048,황학보건지소,geocode_kakao_exact,황학보건지소,1.0,7.5
보건소·보건지소,2020,PHC00014,금천구보건소,geocode_kakao_exact,금천구보건소,1.0,2.7
보건소·보건지소,2025,PHC00035,송파구보건지소,geocode_kakao_exact,송파구 보건지소,1.0,1.9
보건소·보건지소,2020,PHC00020,창동보건지소,geocode_kakao_exact,창동보건지소,1.0,481.0
보건소·보건지소,2025,PHC00058,서강보건지소,geocode_kakao_exact,서강보건지소,1.0,3.9
보건소·보건지소,2025,PHC00025,서대문구보건소,geocode_kakao_exact,서대문구보건소,1.0,0.2
보건소·보건지소,2025,PHC00017,상계보건지소,geocode_kakao_exact,상계보건지소,1.0,1.3
보건소·보건지소,2020,PHC00007,관악구보건지소,geocode_kakao_exact,관악구보건지소,1.0,0.5
세탁업,2025,LIC-laundries-3120000-3120000-205-2023-00001,이엠세탁소,geocode_kakao_exact,이엠세탁소,1.0,0.9
세탁업,2020,LIC-laundries-3230000-3230000-205-2018-00002,크린토피아 문정법조푸르지오시티점,geocode_kakao_exact,크린토피아 코인워시 문정법조푸르지오시티점,0.89,0.0
세탁업,2020,LIC-laundries-3010000-3010000-205-1992-01567,중앙사,geocode_kakao_exact,중앙사,1.0,3032.0
세탁업,2025,LIC-laundries-3210000-3210000-205-2023-00006,원베일리 그레이스 세탁,geocode_kakao_exact,원베일리그레이스세탁,1.0,53.9
세탁업,2020,LIC-laundries-3200000-3200000-205-2017-00002,명품세탁소,geocode_kakao_exact,명품현대세탁,0.73,2615.7
세탁업,2025,LIC-laundries-3210000-3210000-205-2023-00005,원베일리 참좋은세탁소,geocode_kakao_exact,원베일리참좋은세탁소,1.0,2.0
세탁업,2025,LIC-laundries-3110000-3110000-205-2012-00001,명품세탁소,geocode_kakao_exact,명품세탁,0.89,4095.9
세탁업,2020,LIC-laundries-3170000-3170000-205-2013-00008,크린아트세탁,geocode_kakao_exact,크린아트명품세탁,0.86,1.2
세탁업,2020,LIC-laundries-3110000-3110000-205-2018-00002,엘크루세탁소,geocode_kakao_exact,엘크루세탁,0.91,14.7
세탁업,2025,LIC-laundries-3110000-3110000-205-2010-00009,초록세탁,geocode_kakao_exact,초록세탁,1.0,231.3
세탁업,2025,LIC-laundries-3000000-3000000-205-2021-00001,대영드라이크리닝,geocode_kakao_exact,대영드라이크리닝,1.0,0.2
세탁업,2020,LIC-laundries-3230000-3230000-205-2013-00016,문정세탁,geocode_kakao_exact,문정세탁,1.0,15.6
식료품소매(즉석판매·제과),2025,LIC-instant_food_processors-3110000-3110000-107-2020-00215,좋은날애,geocode_kakao_exact,좋은날애,1.0,210.3
식료품소매(즉석판매·제과),2020,LIC-instant_food_processors-3210000-3210000-107-2010-00156,수미찬,geocode_kakao_exact,,,
식료품소매(즉석판매·제과),2020,LIC-instant_food_processors-3210000-3210000-107-2002-00082,고려,geocode_kakao_exact,고려향,0.8,5213.2
식료품소매(즉석판매·제과),2020,LIC-instant_food_processors-3210000-3210000-107-2015-00104,신지유통,geocode_kakao_exact,,,
식료품소매(즉석판매·제과),2025,LIC-instant_food_processors-3120000-3120000-107-2019-00201,완도수산,geocode_kakao_exact,완도수산,1.0,7.8
식료품소매(즉석판매·제과),2020,LIC-instant_food_processors-3190000-3190000-107-2019-00033,오늘은 뭐먹지?,geocode_kakao_exact,,,
식료품소매(즉석판매·제과),2025,LIC-instant_food_processors-3190000-3190000-107-2020-00132,부산갈매기,geocode_kakao_exact,,,
식료품소매(즉석판매·제과),2020,LIC-instant_food_processors-3180000-3180000-107-2012-00113,풍년떡집,geocode_kakao_exact,풍년떡집,1.0,177.5
식료품소매(즉석판매·제과),2025,LIC-instant_food_processors-3180000-3180000-107-2019-00271,해변,geocode_kakao_exact,,,
식료품소매(즉석판매·제과),2025,LIC-instant_food_processors-3190000-3190000-107-2020-00224,충남미림2호점,geocode_kakao_exact,,,
식료품소매(즉석판매·제과),2025,LIC-instant_food_processors-3190000-3190000-107-2021-00110,순천만상회,geocode_kakao_exact,순천만상회,1.0,65.0
식료품소매(즉석판매·제과),2020,LIC-instant_food_processors-3180000-3180000-107-2004-00067,목우촌,geocode_kakao_exact,,,
약국,2025,LIC-pharmacies-3230000-PHMD120163230034084000051,문정이화약국,geocode_kakao_exact,문정이화약국,1.0,61.3
약국,2025,LIC-pharmacies-3220000-PHMD120143220033084000009,가로수길약국,geocode_kakao_exact,가로수길천사약국,0.86,236.3
약국,2025,LIC-pharmacies-3210000-PHMD120243210034084000010,반포종로약국,geocode_kakao_exact,반포종로약국,1.0,54.4
약국,2020,LIC-pharmacies-3150000-PHMD120193150037084000014,튼튼약국,geocode_kakao_exact,튼튼약국,1.0,148.5
약국,2020,LIC-pharmacies-3230000-PHMD120163230034084000052,문정온누리약국,geocode_kakao_exact,문정온누리약국,1.0,0.0
약국,2025,LIC-pharmacies-3230000-PHMD120163230034084000052,문정온누리약국,geocode_kakao_exact,문정온누리약국,1.0,0.0
약국,2020,LIC-pharmacies-3110000-PHMD120193110032084000009,성모제일약국,geocode_kakao_exact,,,
약국,2025,LIC-pharmacies-3110000-PHMD120193110032084000018,주차편한약국,geocode_kakao_exact,,,
약국,2020,LIC-pharmacies-3110000-PHMD120193110032084000003,365미소약국,geocode_kakao_exact,365미소약국,1.0,3.8
약국,2020,LIC-pharmacies-3110000-PHMD120033110032084000015,바로약국,geocode_vworld_exact,,,
약국,2025,LIC-pharmacies-3120000-PHMD120213120033084000002,파인약국,geocode_kakao_exact,,,
약국,2020,LIC-pharmacies-3130000-PHMD120183130033084000002,한마음약국,geocode_kakao_exact,,,
어린이집,2020,CC_11710000746,파인정원어린이집,geocode_kakao_exact_fix_placeholder,,,
어린이집,2020,CC_11380000215,해사랑어린이집,geocode_kakao_exact,해사랑어린이집,1.0,2.6
어린이집,2025,CC_11530000292,하늘빛어린이집,geocode_kakao_exact,하늘빛어린이집,1.0,1687.4
어린이집,2020,CC_11380000207,뿡뿡이어린이집,geocode_kakao_exact,,,
어린이집,2025,CC_11380000207,뿡뿡이어린이집,geocode_kakao_exact,,,
어린이집,2020,CC_11320000169,꼬마어린이집,geocode_kakao_exact_fix_gu_mismatch,,,
어린이집,2025,CC_11530000229,한양어린이집,geocode_kakao_exact,한양키즈어린이집,0.86,1972.4
어린이집,2020,CC_11320000046,샛별 어린이집,geocode_kakao_exact,,,
어린이집,2020,CC_11590000427,구립솔빛어린이집,geocode_kakao_exact_fix_placeholder,,,
어린이집,2020,CC_11410000367,삼성영재어린이집,geocode_kakao_exact_fix_placeholder,삼성영재어린이집,1.0,102.2
어린이집,2020,CC_11530000047,구일방과후교실,geocode_kakao_exact,,,
어린이집,2025,CC_11680000529,현대강남어린이집,geocode_kakao_exact_fix_placeholder,현대오토에버어린이집,0.67,3776.3
응급의료기관,2025,EMR00053,미즈메디병원,geocode_kakao_exact,미즈메디병원,1.0,16.2
응급의료기관,2020,EMR00048,혜민병원,geocode_kakao_exact,혜민병원,1.0,18.5
응급의료기관,2025,EMR00050,희명병원,geocode_kakao_exact,희명병원,1.0,0.0
응급의료기관,2025,EMR00016,가톨릭대학교 여의도성모병원,geocode_kakao_exact,가톨릭대학교 여의도성모병원,1.0,5.8
응급의료기관,2020,EMR00002,고려대학교의과대학부속구로병원,geocode_kakao_exact,고려대학교 구로병원,0.75,110.7
응급의료기관,2020,EMR00003,서울대학교병원,geocode_kakao_exact,서울대학교병원,1.0,189.3
응급의료기관,2020,EMR00041,서울특별시서남병원,geocode_kakao_exact,서울특별시 서남병원,1.0,0.0
응급의료기관,2020,EMR00064,신촌연세병원,geocode_kakao_exact,신촌연세병원,1.0,1.5
응급의료기관,2025,EMR00010,재단법인아산사회복지재단서울아산병원,geocode_kakao_exact,,,
응급의료기관,2020,EMR00009,연세대학교의과대학강남세브란스병원,geocode_kakao_exact,연세대학교 의과대학 강남세브란스병원,1.0,0.0
응급의료기관,2020,EMR00031,한림대학교강남성심병원,geocode_kakao_exact,한림대학교강남성심병원,1.0,15.3
응급의료기관,2025,EMR00065,은평연세병원,geocode_kakao_exact,은평연세병원,1.0,4.5
의원,2025,LIC-clinics-3070000-PHMA120033070034041100028,혜문한의원,geocode_kakao_exact,혜문한의원,1.0,0.1
의원,2025,LIC-clinics-3220000-PHMA120213220033041100025,삼성공감정신건강의학과의원,geocode_kakao_exact,삼성공감정신건강의학과 강남점,0.81,3.2
의원,2025,LIC-clinics-3240000-PHMA120033240033041100050,강동신경외과의원,geocode_kakao_exact,강동신경외과의원,1.0,0.1
의원,2025,LIC-clinics-3120000-PHMA120183120033041100003,리얼라인치과의원,geocode_kakao_exact,리얼라인치과의원,1.0,0.1
의원,2020,LIC-clinics-3240000-PHMA120033240033041100050,강동신경외과의원,geocode_kakao_exact,강동신경외과의원,1.0,0.1
의원,2025,LIC-clinics-3090000-PHMA120013090033041100008,쌍문성모내과의원,geocode_kakao_exact,쌍문성모내과의원,1.0,0.6
의원,2025,LIC-clinics-3060000-PHMA120023060034041100023,건양한의원,geocode_kakao_exact,건양한의원,1.0,1.5
의원,2025,LIC-clinics-3110000-PHMA120163110032041100004,구파발정형외과의원,geocode_kakao_exact,구파발정형외과의원,1.0,0.1
의원,2025,LIC-clinics-3110000-PHMA120173110032041100015,더편한이비인후과의원,geocode_kakao_exact,더편한이비인후과의원,1.0,0.2
의원,2025,LIC-clinics-3230000-PHMA120163230034041100059,샘이비인후과의원,geocode_kakao_exact,,,
의원,2025,LIC-clinics-3220000-PHMA120063220033041101593,파크에비뉴치과의원,geocode_kakao_exact,파크에비뉴치과의원,1.0,1.1
의원,2020,LIC-clinics-3230000-PHMA120093230034041100025,권승로한의원,geocode_kakao_exact,권승로한의원,1.0,47.6
이용업,2025,LIC-barber_shops-3230000-3230000-203-2021-00015,롬바드바버샵,geocode_kakao_exact,롬바드바버샵,1.0,4.5
이용업,2025,LIC-barber_shops-3110000-3110000-203-2024-00002,루하스,geocode_kakao_exact,유호루하스,0.75,1174.6
이용업,2020,LIC-barber_shops-3230000-3230000-203-2019-00007,MANTIQUE (맨티크),geocode_kakao_exact,,,
이용업,2020,LIC-barber_shops-3230000-3230000-203-2018-00008,디웨스트 바버샵,geocode_kakao_exact,디웨스트바버샵 문정점,0.82,10.7
이용업,2025,LIC-barber_shops-3110000-3110000-203-2013-00009,땜빵이발,geocode_kakao_exact,,,
이용업,2020,LIC-barber_shops-3110000-3110000-203-2013-00009,땜빵이발,geocode_kakao_exact,,,
이용업,2025,LIC-barber_shops-3110000-3110000-203-2024-00004,크리스티안 바버샵,geocode_kakao_exact,크리스티안바버샵,1.0,810.7
이용업,2025,LIC-barber_shops-3160000-3160000-203-1976-00322,포맨클럽,geocode_kakao_exact,포맨클럽,1.0,5.5
이용업,2025,LIC-barber_shops-3210000-3210000-203-2009-00002,신사쑥사우나內이용원,geocode_kakao_exact,,,
이용업,2020,LIC-barber_shops-3110000-3110000-203-2013-00004,수놓은염색방,geocode_kakao_exact,,,
이용업,2025,LIC-barber_shops-3230000-3230000-203-2019-00001,업타운바버샵,geocode_kakao_exact,업타운바버샵,1.0,20.5
이용업,2020,LIC-barber_shops-3210000-3210000-203-2009-00002,신사쑥사우나內이용원,geocode_kakao_exact,,,
일반음식점,2025,LIC-general_restaurants-3000000-3000000-101-1996-02572,삼해투,geocode_kakao_exact,,,
일반음식점,2025,LIC-general_restaurants-3000000-3000000-101-1986-04809,아리랑가든,geocode_kakao_exact,,,
일반음식점,2025,LIC-general_restaurants-3070000-3070000-101-2023-00003,꾸메타코야끼,geocode_kakao_exact,,,
일반음식점,2025,LIC-general_restaurants-3230000-3230000-101-2017-00701,가호푸드,geocode_kakao_exact,,,
일반음식점,2020,LIC-general_restaurants-3220000-3220000-101-2016-00081,논현194,geocode_kakao_exact,논현194,1.0,1.1
일반음식점,2025,LIC-general_restaurants-3000000-3000000-101-2006-00194,광희 칼국수,geocode_kakao_exact,광희칼국수,1.0,1390.8
일반음식점,2020,LIC-general_restaurants-3080000-3080000-101-1999-07361,하루엔소쿠 미아점,geocode_kakao_exact,하루엔소쿠 미아점,1.0,0.1
일반음식점,2020,LIC-general_restaurants-3000000-3000000-101-2019-00061,더블유 더블유 종로타워 일호점,geocode_kakao_exact,,,
일반음식점,2020,LIC-general_restaurants-3000000-3000000-101-2015-00031,파스타부스,geocode_kakao_exact,,,
일반음식점,2020,LIC-general_restaurants-3030000-3030000-101-1996-03050,금호동SOOLJIP(술집),geocode_kakao_exact,,,
일반음식점,2025,LIC-general_restaurants-3180000-3180000-101-2014-00490,정가네식당,geocode_kakao_exact,정가네식당,1.0,0.1
일반음식점,2025,LIC-general_restaurants-3000000-3000000-101-2012-00289,화(火)돌구이,geocode_kakao_exact,,,
장애인 이용시설,2025,DIS00401,사랑손주간보호센터,geocode_kakao_exact,사랑손주간보호센터,1.0,204.9
장애인 이용시설,2025,DIS00695,축복의통로장애인주간보호시설,geocode_kakao_exact,,,
장애인 이용시설,2025,DIS00300,금천장애인종합복지관,geocode_kakao_exact,금천장애인종합복지관,1.0,3.4
장애인 이용시설,2020,DIS00356,우리집주간보호,geocode_kakao_exact,우리집주간보호,1.0,1.6
장애인 이용시설,2025,DIS00349,한마음주간보호시설,geocode_kakao_exact,한마음주간보호시설,1.0,0.4
장애인 이용시설,2025,DIS00389,노원1장애인주간보호센터,geocode_kakao_exact,,,
장애인 이용시설,2020,DIS00495,실로암시각장애인복지관 부설 학습지원센터,geocode_kakao_exact,,,
장애인 이용시설,2020,DIS00382,오뚜기뇌성마비인주간보호센터,geocode_kakao_exact,오뚜기뇌성마비인주간보호센터,1.0,10.7
장애인 이용시설,2025,DIS00391,중계종합사회복지관 장애인주간보호센터,geocode_kakao_exact,중계장애인주간보호센터,0.76,72.0
장애인 이용시설,2025,DIS00674,갑을장애인주간보호센터,geocode_kakao_exact,갑을 장애인직업휴먼센터,0.64,1.0
장애인 이용시설,2020,DIS00289,한국시각장애인복지관,geocode_kakao_exact,한국시각장애인복지관,1.0,7.8
장애인 이용시설,2025,DIS00447,바오로교실주간보호시설,geocode_kakao_exact,,,
주민센터,2020,CMC_관악구_낙성대동,낙성대동주민센터,geocode_kakao_exact,낙성대동주민센터,1.0,23.6
주민센터,2025,CMC_강북구_번2동,번2동주민센터,geocode_kakao_exact,번2동주민센터,1.0,56.1
주민센터,2020,CMC_동대문구_이문1동,이문제1동주민센터,geocode_kakao_exact,이문1동주민센터,0.94,283.0
주민센터,2025,CMC_송파구_삼전동,삼전동주민센터,geocode_kakao_exact,삼전동주민센터,1.0,0.6
주민센터,2020,CMC_송파구_거여2동,거여2동주민센터,geocode_kakao_exact,거여2동주민센터,1.0,4.2
주민센터,2020,CMC_마포구_성산1동,성산제1동주민센터,geocode_kakao_exact,성산1동주민센터,0.94,2.0
주민센터,2020,CMC_강동구_강일동,강일동주민센터,geocode_kakao_exact,강일동주민센터,1.0,0.1
주민센터,2020,CMC_강서구_우장산동,우장산동주민센터,geocode_kakao_exact,우장산동주민센터,1.0,10.8
주민센터,2025,CMC_성동구_용답동,용답동주민센터,geocode_kakao_exact,용답동주민센터,1.0,1.3
주민센터,2020,CMC_중랑구_면목본동,면목본동주민센터,geocode_kakao_exact,면목본동주민센터,1.0,10.2
주민센터,2020,CMC_노원구_중계23동,중계2.3동주민센터,geocode_kakao_exact,"중계2,3동주민센터",1.0,4.1
주민센터,2025,CMC_서대문구_홍제2동,홍제제2동주민센터,geocode_kakao_exact,홍제2동주민센터,0.94,5.4
주유소,2025,LIC-oil_retailers-3110000-2017311012601500001,(주)한화미 구파발주유소,geocode_kakao_exact,한화미 구파발주유소,1.0,3.4
주유소,2025,LIC-oil_retailers-3110000-2010311012601500001,주식회사 디오티디 은평유니콘주유소,geocode_kakao_exact,디오티디 은평유니콘주유소,0.86,4.6
주유소,2020,LIC-oil_retailers-3110000-2017311012601500001,(주)한화미 구파발주유소,geocode_kakao_exact,한화미 구파발주유소,1.0,3.4
주유소,2025,LIC-oil_retailers-3210000-1996321007601500075,에너지 플러스 허브 내곡,geocode_kakao_exact,에너지플러스 허브 내곡주유소,0.87,32.4
주유소,2020,LIC-oil_retailers-3160000-1970316007101500001,(주)신강석유,geocode_kakao_exact,,,
주유소,2020,LIC-oil_retailers-3210000-1996321007601500075,에너지 플러스 허브 내곡,geocode_kakao_exact,에너지플러스 허브 내곡주유소,0.87,32.4
주유소,2025,LIC-oil_retailers-3160000-1970316007101500001,(주)신강석유,geocode_kakao_exact,,,
주유소,2020,LIC-oil_retailers-3160000-1996316007101500027,SK글로벌(주) 중아주유소,geocode_kakao_exact,,,
주유소,2025,LIC-oil_retailers-3230000-2016323023101500001,지에스칼텍스(주)가든파이브주유소,geocode_kakao_exact,GS칼텍스 가든파이브주유소,0.81,28.0
주유소,2025,LIC-oil_retailers-3160000-1996316007101500027,SK글로벌(주) 중아주유소,geocode_kakao_exact,,,
주유소,2020,LIC-oil_retailers-3230000-2016323023101500001,지에스칼텍스(주)가든파이브주유소,geocode_kakao_exact,GS칼텍스 가든파이브주유소,0.81,28.0
주유소,2020,LIC-oil_retailers-3010000-1976301007101500012,필동주유소,geocode_kakao_exact,필동주유소,1.0,1.4
청소년수련시설,2025,YTH00023,창동청소년문화의집,geocode_kakao_exact,창동청소년문화의집,1.0,15.9
청소년수련시설,2020,YTH00048,신월청소년문화센터,geocode_kakao_exact,신월청소년문화센터,1.0,0.1
청소년수련시설,2025,YTH00064,서울유스호스텔,geocode_kakao_exact,서울유스호스텔,1.0,95.5
청소년수련시설,2025,YTH00024,시립창동청소년센터,geocode_kakao_exact,시립창동청소년센터,1.0,0.1
청소년수련시설,2025,YTH00060,갈현청소년문화의집,geocode_kakao_exact,갈현청소년문화의집,1.0,4.9
청소년수련시설,2020,YTH00038,서초유스센터,geocode_kakao_exact,서초스마트유스센터,0.8,0.5
청소년수련시설,2020,YTH00053,하이서울유스호스텔,geocode_kakao_exact,하이서울유스호스텔,1.0,48.9
청소년수련시설,2020,YTH00052,청소년성문화센터,geocode_kakao_exact,한국청소년 성문화센터협의회,0.76,2325.9
청소년수련시설,2025,YTH00001,수서청소년수련관,geocode_kakao_exact,수서청소년수련관 수영장,0.84,25.5
청소년수련시설,2020,YTH00049,문래청소년센터,geocode_kakao_exact,시립문래청소년센터,0.88,0.0
청소년수련시설,2025,YTH00041,성북청소년센터,geocode_kakao_exact,시립성북청소년센터,0.88,15.8
청소년수련시설,2025,YTH00008,강서청소년회관,geocode_kakao_exact,강서청소년회관,1.0,0.0
체육시설업,2020,LIC-fitness_centers-3010000-CDFH3301062010000003,엘리트짐,geocode_kakao_exact,,,
체육시설업,2025,LIC-fitness_centers-3180000-CDFH3301062023000011,(주)에스웨이 피트니스 영등포구청점,geocode_kakao_exact,에스웨이피트니스 영등포구청점,1.0,37.4
체육시설업,2025,LIC-billiard_halls-3010000-CDFH3301082004000006,씨티당구장,geocode_kakao_exact,,,
체육시설업,2020,LIC-billiard_halls-3060000-CDFH3301082009000014,에이스 당구클럽,geocode_kakao_exact,에이스당구클럽,1.0,1960.4
체육시설업,2025,LIC-fitness_centers-3180000-CDFH3301062024000002,하이랙스 여의도점,geocode_kakao_exact,하이랙스 여의도점,1.0,95.2
체육시설업,2020,LIC-fitness_centers-3110000-CDFH3301062015000007,M1피티샵,geocode_kakao_exact,,,
체육시설업,2025,LIC-martial_arts_dojo-3210000-CDFH3301022023000007,STG 태권도장,geocode_kakao_exact,,,
체육시설업,2020,LIC-golf_practice_ranges-3230000-CDFH3301052018000006,키움골프GDR아카데미 문정점,geocode_kakao_exact,,,
체육시설업,2025,LIC-fitness_centers-3230000-CDFH3301062020000028,스파인랩,geocode_kakao_exact,스파인랩,1.0,0.0
체육시설업,2025,LIC-golf_practice_ranges-3110000-CDFH3301052018000001,제이투 스크린,geocode_kakao_exact,제이투스크린골프,0.86,7.0
체육시설업,2025,LIC-swimming_pools-3150000-CDFH3301012007000002,마곡레포츠센터,geocode_kakao_exact,마곡레포츠센터,1.0,0.0
체육시설업,2025,LIC-billiard_halls-3140000-CDFH3301082018000001,이펜당구클럽,geocode_kakao_exact,이펜당구클럽,1.0,14.5
학교,2020,SCH_SEN_은평구_선정국제관광고등학교,선정국제관광고등학교,geocode_kakao_exact,선정국제관광고등학교,1.0,57.6
학교,2025,SCH_SEN_광진구_서울광진학교,서울광진학교,geocode_kakao_exact,서울광진학교,1.0,52.9
학교,2020,SCH_SEN_강북구_서울효정학교,서울효정학교,geocode_kakao_exact,서울효정학교,1.0,0.1
학교,2025,SCH_SEN_관악구_미림마이스터고등학교,미림마이스터고등학교,geocode_kakao_exact,미림마이스터고등학교,1.0,96.6
학교,2020,SCH_SEN_구로구_지구촌학교,지구촌학교,geocode_kakao_exact,지구촌학교,1.0,4.4
학교,2025,SCH_SEN_서초구_다니엘학교,다니엘학교,geocode_kakao_exact,다니엘학교,1.0,64.8
학교,2020,SCH_SEN_광진구_선화예술중학교,선화예술중학교,geocode_kakao_exact,선화예술중학교,1.0,117.8
학교,2020,SCH_SEN_서초구_서초문화예술정보학교,서초문화예술정보학교,geocode_kakao_exact,서초문화예술정보학교,1.0,79.2
학교,2020,SCH_SEN_도봉구_서울도솔학교,서울도솔학교,geocode_kakao_exact,서울도솔학교 본교,0.86,46.6
학교,2020,SCH_SEN_종로구_서울경운학교,서울경운학교,geocode_kakao_exact,서울경운학교,1.0,3.7
학교,2020,SCH_SEN_강동구_한국구화학교,한국구화학교,geocode_kakao_exact,한국구화학교,1.0,4.8
학교,2020,SCH_SEN_동작구_서울삼성학교,서울삼성학교,geocode_kakao_exact,서울삼성학교,1.0,61.7
