snapshot,official_source,official_ref_date,official_value,ours_version,ours_value,diff_pct
2020_01,"서울시 OA-22223 일별 대여소별 거치수량, 2019-12-31 목록(1~99번 센터 3개 제외)",2019-12-31,1533,"역산판(03_, 21.01.31판 설치≤2019-12-31)",1483,-3.26
2020_01,"서울시 내 손안에 서울 2020-04-08 ""따릉이 25,000대, 약 1,540개 대여소""",2020-04 발표(2020-03 시점 서술),1540,역산판,1483,-3.7
2020_01,"서울시 내 손안에 서울 2020-04-08 ""약 1,540개""",2020-04 발표,1540,운영목록판(11_),1533,-0.45
2020_01,"이투데이 2019-12-10(서울시 발표 인용) ""2만5000대, 1540곳""",2019-12 발표,1540,운영목록판(11_),1533,-0.45
2020_01,"서울시설공단 따릉이 운영현황 표 ""2019년"" 열(2026-09-24 열람)",2019년(월 미표기),2085,운영목록판(11_),1533,-26.47
2020_01,"서울시설공단 운영현황 표 ""2018년"" 열",2018년(월 미표기),1540,운영목록판(11_),1533,-0.45
2025_01,"서울시설공단 따릉이 운영현황 표 ""2024년"" 열 2,766(+4)",2024년(연말 추정),2766,"24.12월 기준판(03_, A)",2766,0.0
(참고),OA-22223 2020-12-31 목록,2020-12-31,2126,OA-13252 21.01.31판 행수,2154,1.32
(참고),"서울시설공단 표 ""2020년"" 열",2020년,2228,OA-22223 2020-12-31 목록,2126,-4.58
(참고),"서울시설공단 표 ""2021년"" 열",2021년,2600,OA-13252 21.12월판 행수,2586,-0.54
