snapshot,scenario,subtype,gu,built,official,official_method
2020_01,A_전체,당구장,종로구,101,100.0,책자 구별표
2020_01,A_전체,당구장,중구,221,,책자 구별표
2020_01,A_전체,당구장,용산구,44,44.0,책자 구별표
2020_01,A_전체,당구장,성동구,146,84.0,책자 구별표
2020_01,A_전체,당구장,광진구,272,129.0,책자 구별표
2020_01,A_전체,당구장,동대문구,180,96.0,책자 구별표
2020_01,A_전체,당구장,중랑구,161,153.0,책자 구별표
2020_01,A_전체,당구장,성북구,139,130.0,책자 구별표
2020_01,A_전체,당구장,강북구,119,100.0,책자 구별표
2020_01,A_전체,당구장,도봉구,134,100.0,책자 구별표
2020_01,A_전체,당구장,노원구,153,109.0,책자 구별표
2020_01,A_전체,당구장,은평구,183,183.0,책자 구별표
2020_01,A_전체,당구장,서대문구,101,80.0,책자 구별표
2020_01,A_전체,당구장,마포구,105,99.0,책자 구별표
2020_01,A_전체,당구장,양천구,96,99.0,책자 구별표
2020_01,A_전체,당구장,강서구,227,138.0,책자 구별표
2020_01,A_전체,당구장,구로구,188,183.0,책자 구별표
2020_01,A_전체,당구장,금천구,138,138.0,책자 구별표
2020_01,A_전체,당구장,영등포구,335,328.0,책자 구별표
2020_01,A_전체,당구장,동작구,82,80.0,책자 구별표
2020_01,A_전체,당구장,관악구,130,130.0,책자 구별표
2020_01,A_전체,당구장,서초구,230,225.0,책자 구별표
2020_01,A_전체,당구장,강남구,440,180.0,책자 구별표
2020_01,A_전체,당구장,송파구,177,170.0,책자 구별표
2020_01,A_전체,당구장,강동구,204,195.0,책자 구별표
2020_01,A_전체,체력단련장,종로구,48,43.0,책자 구별표
2020_01,A_전체,체력단련장,중구,101,,책자 구별표
2020_01,A_전체,체력단련장,용산구,57,57.0,책자 구별표
2020_01,A_전체,체력단련장,성동구,68,69.0,책자 구별표
2020_01,A_전체,체력단련장,광진구,118,72.0,책자 구별표
2020_01,A_전체,체력단련장,동대문구,87,66.0,책자 구별표
2020_01,A_전체,체력단련장,중랑구,63,60.0,책자 구별표
2020_01,A_전체,체력단련장,성북구,66,63.0,책자 구별표
2020_01,A_전체,체력단련장,강북구,49,45.0,책자 구별표
2020_01,A_전체,체력단련장,도봉구,61,52.0,책자 구별표
2020_01,A_전체,체력단련장,노원구,77,70.0,책자 구별표
2020_01,A_전체,체력단련장,은평구,96,94.0,책자 구별표
2020_01,A_전체,체력단련장,서대문구,64,57.0,책자 구별표
2020_01,A_전체,체력단련장,마포구,113,120.0,책자 구별표
2020_01,A_전체,체력단련장,양천구,103,105.0,책자 구별표
2020_01,A_전체,체력단련장,강서구,132,157.0,책자 구별표
2020_01,A_전체,체력단련장,구로구,89,95.0,책자 구별표
2020_01,A_전체,체력단련장,금천구,49,55.0,책자 구별표
2020_01,A_전체,체력단련장,영등포구,126,125.0,책자 구별표
2020_01,A_전체,체력단련장,동작구,63,61.0,책자 구별표
2020_01,A_전체,체력단련장,관악구,93,90.0,책자 구별표
2020_01,A_전체,체력단련장,서초구,197,196.0,책자 구별표
2020_01,A_전체,체력단련장,강남구,433,467.0,책자 구별표
2020_01,A_전체,체력단련장,송파구,199,191.0,책자 구별표
2020_01,A_전체,체력단련장,강동구,106,114.0,책자 구별표
2020_01,A_전체,체육도장,종로구,24,22.0,책자 구별표
2020_01,A_전체,체육도장,중구,42,,책자 구별표
2020_01,A_전체,체육도장,용산구,31,31.0,책자 구별표
2020_01,A_전체,체육도장,성동구,82,55.0,책자 구별표
2020_01,A_전체,체육도장,광진구,102,69.0,책자 구별표
2020_01,A_전체,체육도장,동대문구,89,64.0,책자 구별표
2020_01,A_전체,체육도장,중랑구,101,101.0,책자 구별표
2020_01,A_전체,체육도장,성북구,118,110.0,책자 구별표
2020_01,A_전체,체육도장,강북구,62,61.0,책자 구별표
2020_01,A_전체,체육도장,도봉구,96,79.0,책자 구별표
2020_01,A_전체,체육도장,노원구,157,127.0,책자 구별표
2020_01,A_전체,체육도장,은평구,111,134.0,책자 구별표
2020_01,A_전체,체육도장,서대문구,76,72.0,책자 구별표
2020_01,A_전체,체육도장,마포구,93,99.0,책자 구별표
2020_01,A_전체,체육도장,양천구,130,127.0,책자 구별표
2020_01,A_전체,체육도장,강서구,169,173.0,책자 구별표
2020_01,A_전체,체육도장,구로구,109,113.0,책자 구별표
2020_01,A_전체,체육도장,금천구,62,67.0,책자 구별표
2020_01,A_전체,체육도장,영등포구,115,112.0,책자 구별표
2020_01,A_전체,체육도장,동작구,81,77.0,책자 구별표
2020_01,A_전체,체육도장,관악구,104,103.0,책자 구별표
2020_01,A_전체,체육도장,서초구,117,114.0,책자 구별표
2020_01,A_전체,체육도장,강남구,168,59.0,책자 구별표
2020_01,A_전체,체육도장,송파구,165,149.0,책자 구별표
2020_01,A_전체,체육도장,강동구,144,55.0,책자 구별표
2020_01,A_전체,골프연습장,종로구,24,24.0,책자 업소목록 소재지 구 토큰 계수
2020_01,A_전체,골프연습장,중구,85,0.0,책자 업소목록 소재지 구 토큰 계수
2020_01,A_전체,골프연습장,용산구,28,28.0,책자 업소목록 소재지 구 토큰 계수
2020_01,A_전체,골프연습장,성동구,61,57.0,책자 업소목록 소재지 구 토큰 계수
2020_01,A_전체,골프연습장,광진구,73,73.0,책자 업소목록 소재지 구 토큰 계수
2020_01,A_전체,골프연습장,동대문구,41,48.0,책자 업소목록 소재지 구 토큰 계수
2020_01,A_전체,골프연습장,중랑구,34,29.0,책자 업소목록 소재지 구 토큰 계수
2020_01,A_전체,골프연습장,성북구,48,42.0,책자 업소목록 소재지 구 토큰 계수
2020_01,A_전체,골프연습장,강북구,17,16.0,책자 업소목록 소재지 구 토큰 계수
2020_01,A_전체,골프연습장,도봉구,41,29.0,책자 업소목록 소재지 구 토큰 계수
2020_01,A_전체,골프연습장,노원구,82,69.0,책자 업소목록 소재지 구 토큰 계수
2020_01,A_전체,골프연습장,은평구,58,43.0,책자 업소목록 소재지 구 토큰 계수
2020_01,A_전체,골프연습장,서대문구,28,26.0,책자 업소목록 소재지 구 토큰 계수
2020_01,A_전체,골프연습장,마포구,63,58.0,책자 업소목록 소재지 구 토큰 계수
2020_01,A_전체,골프연습장,양천구,73,95.0,책자 업소목록 소재지 구 토큰 계수
2020_01,A_전체,골프연습장,강서구,101,93.0,책자 업소목록 소재지 구 토큰 계수
2020_01,A_전체,골프연습장,구로구,85,44.0,책자 업소목록 소재지 구 토큰 계수
2020_01,A_전체,골프연습장,금천구,40,43.0,책자 업소목록 소재지 구 토큰 계수
2020_01,A_전체,골프연습장,영등포구,118,105.0,책자 업소목록 소재지 구 토큰 계수
2020_01,A_전체,골프연습장,동작구,41,41.0,책자 업소목록 소재지 구 토큰 계수
2020_01,A_전체,골프연습장,관악구,52,46.0,책자 업소목록 소재지 구 토큰 계수
2020_01,A_전체,골프연습장,서초구,183,180.0,책자 업소목록 소재지 구 토큰 계수
2020_01,A_전체,골프연습장,강남구,356,308.0,책자 업소목록 소재지 구 토큰 계수
2020_01,A_전체,골프연습장,송파구,174,171.0,책자 업소목록 소재지 구 토큰 계수
2020_01,A_전체,골프연습장,강동구,102,86.0,책자 업소목록 소재지 구 토큰 계수
2020_01,A_전체,수영장,종로구,1,1.0,책자 업소목록 소재지 구 토큰 계수
2020_01,A_전체,수영장,중구,9,0.0,책자 업소목록 소재지 구 토큰 계수
2020_01,A_전체,수영장,용산구,3,2.0,책자 업소목록 소재지 구 토큰 계수
2020_01,A_전체,수영장,성동구,2,2.0,책자 업소목록 소재지 구 토큰 계수
2020_01,A_전체,수영장,광진구,8,14.0,책자 업소목록 소재지 구 토큰 계수
2020_01,A_전체,수영장,동대문구,4,4.0,책자 업소목록 소재지 구 토큰 계수
2020_01,A_전체,수영장,중랑구,2,2.0,책자 업소목록 소재지 구 토큰 계수
2020_01,A_전체,수영장,성북구,6,5.0,책자 업소목록 소재지 구 토큰 계수
2020_01,A_전체,수영장,강북구,1,0.0,책자 업소목록 소재지 구 토큰 계수
2020_01,A_전체,수영장,도봉구,3,2.0,책자 업소목록 소재지 구 토큰 계수
2020_01,A_전체,수영장,노원구,4,4.0,책자 업소목록 소재지 구 토큰 계수
2020_01,A_전체,수영장,은평구,9,9.0,책자 업소목록 소재지 구 토큰 계수
2020_01,A_전체,수영장,서대문구,3,3.0,책자 업소목록 소재지 구 토큰 계수
2020_01,A_전체,수영장,마포구,4,5.0,책자 업소목록 소재지 구 토큰 계수
2020_01,A_전체,수영장,양천구,14,11.0,책자 업소목록 소재지 구 토큰 계수
2020_01,A_전체,수영장,강서구,10,9.0,책자 업소목록 소재지 구 토큰 계수
2020_01,A_전체,수영장,구로구,2,3.0,책자 업소목록 소재지 구 토큰 계수
2020_01,A_전체,수영장,금천구,1,1.0,책자 업소목록 소재지 구 토큰 계수
2020_01,A_전체,수영장,영등포구,3,3.0,책자 업소목록 소재지 구 토큰 계수
2020_01,A_전체,수영장,동작구,3,3.0,책자 업소목록 소재지 구 토큰 계수
2020_01,A_전체,수영장,관악구,4,4.0,책자 업소목록 소재지 구 토큰 계수
2020_01,A_전체,수영장,서초구,11,11.0,책자 업소목록 소재지 구 토큰 계수
2020_01,A_전체,수영장,강남구,11,10.0,책자 업소목록 소재지 구 토큰 계수
2020_01,A_전체,수영장,송파구,13,13.0,책자 업소목록 소재지 구 토큰 계수
2020_01,A_전체,수영장,강동구,6,5.0,책자 업소목록 소재지 구 토큰 계수
2020_01,A_전체,종합체육시설,종로구,7,6.0,책자 업소목록 소재지 구 토큰 계수
2020_01,A_전체,종합체육시설,중구,11,0.0,책자 업소목록 소재지 구 토큰 계수
2020_01,A_전체,종합체육시설,용산구,5,3.0,책자 업소목록 소재지 구 토큰 계수
2020_01,A_전체,종합체육시설,성동구,0,0.0,책자 업소목록 소재지 구 토큰 계수
2020_01,A_전체,종합체육시설,광진구,5,2.0,책자 업소목록 소재지 구 토큰 계수
2020_01,A_전체,종합체육시설,동대문구,3,2.0,책자 업소목록 소재지 구 토큰 계수
2020_01,A_전체,종합체육시설,중랑구,3,3.0,책자 업소목록 소재지 구 토큰 계수
2020_01,A_전체,종합체육시설,성북구,0,0.0,책자 업소목록 소재지 구 토큰 계수
2020_01,A_전체,종합체육시설,강북구,0,0.0,책자 업소목록 소재지 구 토큰 계수
2020_01,A_전체,종합체육시설,도봉구,1,1.0,책자 업소목록 소재지 구 토큰 계수
2020_01,A_전체,종합체육시설,노원구,0,0.0,책자 업소목록 소재지 구 토큰 계수
2020_01,A_전체,종합체육시설,은평구,1,1.0,책자 업소목록 소재지 구 토큰 계수
2020_01,A_전체,종합체육시설,서대문구,4,4.0,책자 업소목록 소재지 구 토큰 계수
2020_01,A_전체,종합체육시설,마포구,5,5.0,책자 업소목록 소재지 구 토큰 계수
2020_01,A_전체,종합체육시설,양천구,3,2.0,책자 업소목록 소재지 구 토큰 계수
2020_01,A_전체,종합체육시설,강서구,3,3.0,책자 업소목록 소재지 구 토큰 계수
2020_01,A_전체,종합체육시설,구로구,2,2.0,책자 업소목록 소재지 구 토큰 계수
2020_01,A_전체,종합체육시설,금천구,1,1.0,책자 업소목록 소재지 구 토큰 계수
2020_01,A_전체,종합체육시설,영등포구,3,3.0,책자 업소목록 소재지 구 토큰 계수
2020_01,A_전체,종합체육시설,동작구,1,1.0,책자 업소목록 소재지 구 토큰 계수
2020_01,A_전체,종합체육시설,관악구,2,1.0,책자 업소목록 소재지 구 토큰 계수
2020_01,A_전체,종합체육시설,서초구,15,15.0,책자 업소목록 소재지 구 토큰 계수
2020_01,A_전체,종합체육시설,강남구,27,26.0,책자 업소목록 소재지 구 토큰 계수
2020_01,A_전체,종합체육시설,송파구,7,7.0,책자 업소목록 소재지 구 토큰 계수
2020_01,A_전체,종합체육시설,강동구,1,1.0,책자 업소목록 소재지 구 토큰 계수
2020_01,A_전체,빙상장,종로구,1,1.0,책자 업소목록 소재지 구 토큰 계수
2020_01,A_전체,빙상장,중구,1,0.0,책자 업소목록 소재지 구 토큰 계수
2020_01,A_전체,빙상장,용산구,0,0.0,책자 업소목록 소재지 구 토큰 계수
2020_01,A_전체,빙상장,성동구,0,0.0,책자 업소목록 소재지 구 토큰 계수
2020_01,A_전체,빙상장,광진구,0,0.0,책자 업소목록 소재지 구 토큰 계수
2020_01,A_전체,빙상장,동대문구,0,0.0,책자 업소목록 소재지 구 토큰 계수
2020_01,A_전체,빙상장,중랑구,1,1.0,책자 업소목록 소재지 구 토큰 계수
2020_01,A_전체,빙상장,성북구,1,1.0,책자 업소목록 소재지 구 토큰 계수
2020_01,A_전체,빙상장,강북구,0,0.0,책자 업소목록 소재지 구 토큰 계수
2020_01,A_전체,빙상장,도봉구,0,0.0,책자 업소목록 소재지 구 토큰 계수
2020_01,A_전체,빙상장,노원구,2,2.0,책자 업소목록 소재지 구 토큰 계수
2020_01,A_전체,빙상장,은평구,0,0.0,책자 업소목록 소재지 구 토큰 계수
2020_01,A_전체,빙상장,서대문구,0,0.0,책자 업소목록 소재지 구 토큰 계수
2020_01,A_전체,빙상장,마포구,0,0.0,책자 업소목록 소재지 구 토큰 계수
2020_01,A_전체,빙상장,양천구,2,0.0,책자 업소목록 소재지 구 토큰 계수
2020_01,A_전체,빙상장,강서구,1,1.0,책자 업소목록 소재지 구 토큰 계수
2020_01,A_전체,빙상장,구로구,1,2.0,책자 업소목록 소재지 구 토큰 계수
2020_01,A_전체,빙상장,금천구,0,0.0,책자 업소목록 소재지 구 토큰 계수
2020_01,A_전체,빙상장,영등포구,0,0.0,책자 업소목록 소재지 구 토큰 계수
2020_01,A_전체,빙상장,동작구,0,0.0,책자 업소목록 소재지 구 토큰 계수
2020_01,A_전체,빙상장,관악구,0,0.0,책자 업소목록 소재지 구 토큰 계수
2020_01,A_전체,빙상장,서초구,4,3.0,책자 업소목록 소재지 구 토큰 계수
2020_01,A_전체,빙상장,강남구,2,1.0,책자 업소목록 소재지 구 토큰 계수
2020_01,A_전체,빙상장,송파구,2,1.0,책자 업소목록 소재지 구 토큰 계수
2020_01,A_전체,빙상장,강동구,0,0.0,책자 업소목록 소재지 구 토큰 계수
2020_01,A_전체,7업종합계,종로구,206,197.0,혼합(구별표+목록계수)
2020_01,A_전체,7업종합계,중구,470,0.0,혼합(구별표+목록계수)
2020_01,A_전체,7업종합계,용산구,168,165.0,혼합(구별표+목록계수)
2020_01,A_전체,7업종합계,성동구,359,267.0,혼합(구별표+목록계수)
2020_01,A_전체,7업종합계,광진구,578,359.0,혼합(구별표+목록계수)
2020_01,A_전체,7업종합계,동대문구,404,280.0,혼합(구별표+목록계수)
2020_01,A_전체,7업종합계,중랑구,365,349.0,혼합(구별표+목록계수)
2020_01,A_전체,7업종합계,성북구,378,351.0,혼합(구별표+목록계수)
2020_01,A_전체,7업종합계,강북구,248,222.0,혼합(구별표+목록계수)
2020_01,A_전체,7업종합계,도봉구,336,263.0,혼합(구별표+목록계수)
2020_01,A_전체,7업종합계,노원구,475,381.0,혼합(구별표+목록계수)
2020_01,A_전체,7업종합계,은평구,458,464.0,혼합(구별표+목록계수)
2020_01,A_전체,7업종합계,서대문구,276,242.0,혼합(구별표+목록계수)
2020_01,A_전체,7업종합계,마포구,383,386.0,혼합(구별표+목록계수)
2020_01,A_전체,7업종합계,양천구,421,439.0,혼합(구별표+목록계수)
2020_01,A_전체,7업종합계,강서구,643,574.0,혼합(구별표+목록계수)
2020_01,A_전체,7업종합계,구로구,476,442.0,혼합(구별표+목록계수)
2020_01,A_전체,7업종합계,금천구,291,305.0,혼합(구별표+목록계수)
2020_01,A_전체,7업종합계,영등포구,700,676.0,혼합(구별표+목록계수)
2020_01,A_전체,7업종합계,동작구,271,263.0,혼합(구별표+목록계수)
2020_01,A_전체,7업종합계,관악구,385,374.0,혼합(구별표+목록계수)
2020_01,A_전체,7업종합계,서초구,757,744.0,혼합(구별표+목록계수)
2020_01,A_전체,7업종합계,강남구,1437,1051.0,혼합(구별표+목록계수)
2020_01,A_전체,7업종합계,송파구,737,702.0,혼합(구별표+목록계수)
2020_01,A_전체,7업종합계,강동구,563,456.0,혼합(구별표+목록계수)
2020_01,B_일괄말소제외,당구장,종로구,101,100.0,책자 구별표
2020_01,B_일괄말소제외,당구장,중구,220,,책자 구별표
2020_01,B_일괄말소제외,당구장,용산구,44,44.0,책자 구별표
2020_01,B_일괄말소제외,당구장,성동구,86,84.0,책자 구별표
2020_01,B_일괄말소제외,당구장,광진구,157,129.0,책자 구별표
2020_01,B_일괄말소제외,당구장,동대문구,97,96.0,책자 구별표
2020_01,B_일괄말소제외,당구장,중랑구,122,153.0,책자 구별표
2020_01,B_일괄말소제외,당구장,성북구,139,130.0,책자 구별표
2020_01,B_일괄말소제외,당구장,강북구,119,100.0,책자 구별표
2020_01,B_일괄말소제외,당구장,도봉구,134,100.0,책자 구별표
2020_01,B_일괄말소제외,당구장,노원구,115,109.0,책자 구별표
2020_01,B_일괄말소제외,당구장,은평구,147,183.0,책자 구별표
2020_01,B_일괄말소제외,당구장,서대문구,101,80.0,책자 구별표
2020_01,B_일괄말소제외,당구장,마포구,105,99.0,책자 구별표
2020_01,B_일괄말소제외,당구장,양천구,96,99.0,책자 구별표
2020_01,B_일괄말소제외,당구장,강서구,163,138.0,책자 구별표
2020_01,B_일괄말소제외,당구장,구로구,97,183.0,책자 구별표
2020_01,B_일괄말소제외,당구장,금천구,138,138.0,책자 구별표
2020_01,B_일괄말소제외,당구장,영등포구,335,328.0,책자 구별표
2020_01,B_일괄말소제외,당구장,동작구,82,80.0,책자 구별표
2020_01,B_일괄말소제외,당구장,관악구,130,130.0,책자 구별표
2020_01,B_일괄말소제외,당구장,서초구,230,225.0,책자 구별표
2020_01,B_일괄말소제외,당구장,강남구,440,180.0,책자 구별표
2020_01,B_일괄말소제외,당구장,송파구,153,170.0,책자 구별표
2020_01,B_일괄말소제외,당구장,강동구,127,195.0,책자 구별표
2020_01,B_일괄말소제외,체력단련장,종로구,48,43.0,책자 구별표
2020_01,B_일괄말소제외,체력단련장,중구,101,,책자 구별표
2020_01,B_일괄말소제외,체력단련장,용산구,57,57.0,책자 구별표
2020_01,B_일괄말소제외,체력단련장,성동구,68,69.0,책자 구별표
2020_01,B_일괄말소제외,체력단련장,광진구,87,72.0,책자 구별표
2020_01,B_일괄말소제외,체력단련장,동대문구,87,66.0,책자 구별표
2020_01,B_일괄말소제외,체력단련장,중랑구,63,60.0,책자 구별표
2020_01,B_일괄말소제외,체력단련장,성북구,66,63.0,책자 구별표
2020_01,B_일괄말소제외,체력단련장,강북구,49,45.0,책자 구별표
2020_01,B_일괄말소제외,체력단련장,도봉구,61,52.0,책자 구별표
2020_01,B_일괄말소제외,체력단련장,노원구,77,70.0,책자 구별표
2020_01,B_일괄말소제외,체력단련장,은평구,96,94.0,책자 구별표
2020_01,B_일괄말소제외,체력단련장,서대문구,64,57.0,책자 구별표
2020_01,B_일괄말소제외,체력단련장,마포구,113,120.0,책자 구별표
2020_01,B_일괄말소제외,체력단련장,양천구,103,105.0,책자 구별표
2020_01,B_일괄말소제외,체력단련장,강서구,132,157.0,책자 구별표
2020_01,B_일괄말소제외,체력단련장,구로구,89,95.0,책자 구별표
2020_01,B_일괄말소제외,체력단련장,금천구,49,55.0,책자 구별표
2020_01,B_일괄말소제외,체력단련장,영등포구,126,125.0,책자 구별표
2020_01,B_일괄말소제외,체력단련장,동작구,63,61.0,책자 구별표
2020_01,B_일괄말소제외,체력단련장,관악구,93,90.0,책자 구별표
2020_01,B_일괄말소제외,체력단련장,서초구,197,196.0,책자 구별표
2020_01,B_일괄말소제외,체력단련장,강남구,433,467.0,책자 구별표
2020_01,B_일괄말소제외,체력단련장,송파구,174,191.0,책자 구별표
2020_01,B_일괄말소제외,체력단련장,강동구,76,114.0,책자 구별표
2020_01,B_일괄말소제외,체육도장,종로구,24,22.0,책자 구별표
2020_01,B_일괄말소제외,체육도장,중구,42,,책자 구별표
2020_01,B_일괄말소제외,체육도장,용산구,31,31.0,책자 구별표
2020_01,B_일괄말소제외,체육도장,성동구,59,55.0,책자 구별표
2020_01,B_일괄말소제외,체육도장,광진구,81,69.0,책자 구별표
2020_01,B_일괄말소제외,체육도장,동대문구,89,64.0,책자 구별표
2020_01,B_일괄말소제외,체육도장,중랑구,101,101.0,책자 구별표
2020_01,B_일괄말소제외,체육도장,성북구,118,110.0,책자 구별표
2020_01,B_일괄말소제외,체육도장,강북구,62,61.0,책자 구별표
2020_01,B_일괄말소제외,체육도장,도봉구,96,79.0,책자 구별표
2020_01,B_일괄말소제외,체육도장,노원구,134,127.0,책자 구별표
2020_01,B_일괄말소제외,체육도장,은평구,111,134.0,책자 구별표
2020_01,B_일괄말소제외,체육도장,서대문구,76,72.0,책자 구별표
2020_01,B_일괄말소제외,체육도장,마포구,93,99.0,책자 구별표
2020_01,B_일괄말소제외,체육도장,양천구,130,127.0,책자 구별표
2020_01,B_일괄말소제외,체육도장,강서구,169,173.0,책자 구별표
2020_01,B_일괄말소제외,체육도장,구로구,109,113.0,책자 구별표
2020_01,B_일괄말소제외,체육도장,금천구,62,67.0,책자 구별표
2020_01,B_일괄말소제외,체육도장,영등포구,115,112.0,책자 구별표
2020_01,B_일괄말소제외,체육도장,동작구,81,77.0,책자 구별표
2020_01,B_일괄말소제외,체육도장,관악구,104,103.0,책자 구별표
2020_01,B_일괄말소제외,체육도장,서초구,117,114.0,책자 구별표
2020_01,B_일괄말소제외,체육도장,강남구,146,59.0,책자 구별표
2020_01,B_일괄말소제외,체육도장,송파구,144,149.0,책자 구별표
2020_01,B_일괄말소제외,체육도장,강동구,115,55.0,책자 구별표
2020_01,B_일괄말소제외,골프연습장,종로구,24,24.0,책자 업소목록 소재지 구 토큰 계수
2020_01,B_일괄말소제외,골프연습장,중구,85,0.0,책자 업소목록 소재지 구 토큰 계수
2020_01,B_일괄말소제외,골프연습장,용산구,28,28.0,책자 업소목록 소재지 구 토큰 계수
2020_01,B_일괄말소제외,골프연습장,성동구,61,57.0,책자 업소목록 소재지 구 토큰 계수
2020_01,B_일괄말소제외,골프연습장,광진구,73,73.0,책자 업소목록 소재지 구 토큰 계수
2020_01,B_일괄말소제외,골프연습장,동대문구,41,48.0,책자 업소목록 소재지 구 토큰 계수
2020_01,B_일괄말소제외,골프연습장,중랑구,34,29.0,책자 업소목록 소재지 구 토큰 계수
2020_01,B_일괄말소제외,골프연습장,성북구,48,42.0,책자 업소목록 소재지 구 토큰 계수
2020_01,B_일괄말소제외,골프연습장,강북구,17,16.0,책자 업소목록 소재지 구 토큰 계수
2020_01,B_일괄말소제외,골프연습장,도봉구,41,29.0,책자 업소목록 소재지 구 토큰 계수
2020_01,B_일괄말소제외,골프연습장,노원구,82,69.0,책자 업소목록 소재지 구 토큰 계수
2020_01,B_일괄말소제외,골프연습장,은평구,58,43.0,책자 업소목록 소재지 구 토큰 계수
2020_01,B_일괄말소제외,골프연습장,서대문구,28,26.0,책자 업소목록 소재지 구 토큰 계수
2020_01,B_일괄말소제외,골프연습장,마포구,63,58.0,책자 업소목록 소재지 구 토큰 계수
2020_01,B_일괄말소제외,골프연습장,양천구,73,95.0,책자 업소목록 소재지 구 토큰 계수
2020_01,B_일괄말소제외,골프연습장,강서구,101,93.0,책자 업소목록 소재지 구 토큰 계수
2020_01,B_일괄말소제외,골프연습장,구로구,85,44.0,책자 업소목록 소재지 구 토큰 계수
2020_01,B_일괄말소제외,골프연습장,금천구,40,43.0,책자 업소목록 소재지 구 토큰 계수
2020_01,B_일괄말소제외,골프연습장,영등포구,118,105.0,책자 업소목록 소재지 구 토큰 계수
2020_01,B_일괄말소제외,골프연습장,동작구,41,41.0,책자 업소목록 소재지 구 토큰 계수
2020_01,B_일괄말소제외,골프연습장,관악구,52,46.0,책자 업소목록 소재지 구 토큰 계수
2020_01,B_일괄말소제외,골프연습장,서초구,183,180.0,책자 업소목록 소재지 구 토큰 계수
2020_01,B_일괄말소제외,골프연습장,강남구,356,308.0,책자 업소목록 소재지 구 토큰 계수
2020_01,B_일괄말소제외,골프연습장,송파구,143,171.0,책자 업소목록 소재지 구 토큰 계수
2020_01,B_일괄말소제외,골프연습장,강동구,67,86.0,책자 업소목록 소재지 구 토큰 계수
2020_01,B_일괄말소제외,수영장,종로구,1,1.0,책자 업소목록 소재지 구 토큰 계수
2020_01,B_일괄말소제외,수영장,중구,9,0.0,책자 업소목록 소재지 구 토큰 계수
2020_01,B_일괄말소제외,수영장,용산구,3,2.0,책자 업소목록 소재지 구 토큰 계수
2020_01,B_일괄말소제외,수영장,성동구,2,2.0,책자 업소목록 소재지 구 토큰 계수
2020_01,B_일괄말소제외,수영장,광진구,8,14.0,책자 업소목록 소재지 구 토큰 계수
2020_01,B_일괄말소제외,수영장,동대문구,4,4.0,책자 업소목록 소재지 구 토큰 계수
2020_01,B_일괄말소제외,수영장,중랑구,2,2.0,책자 업소목록 소재지 구 토큰 계수
2020_01,B_일괄말소제외,수영장,성북구,6,5.0,책자 업소목록 소재지 구 토큰 계수
2020_01,B_일괄말소제외,수영장,강북구,1,0.0,책자 업소목록 소재지 구 토큰 계수
2020_01,B_일괄말소제외,수영장,도봉구,3,2.0,책자 업소목록 소재지 구 토큰 계수
2020_01,B_일괄말소제외,수영장,노원구,4,4.0,책자 업소목록 소재지 구 토큰 계수
2020_01,B_일괄말소제외,수영장,은평구,9,9.0,책자 업소목록 소재지 구 토큰 계수
2020_01,B_일괄말소제외,수영장,서대문구,3,3.0,책자 업소목록 소재지 구 토큰 계수
2020_01,B_일괄말소제외,수영장,마포구,4,5.0,책자 업소목록 소재지 구 토큰 계수
2020_01,B_일괄말소제외,수영장,양천구,14,11.0,책자 업소목록 소재지 구 토큰 계수
2020_01,B_일괄말소제외,수영장,강서구,10,9.0,책자 업소목록 소재지 구 토큰 계수
2020_01,B_일괄말소제외,수영장,구로구,2,3.0,책자 업소목록 소재지 구 토큰 계수
2020_01,B_일괄말소제외,수영장,금천구,1,1.0,책자 업소목록 소재지 구 토큰 계수
2020_01,B_일괄말소제외,수영장,영등포구,3,3.0,책자 업소목록 소재지 구 토큰 계수
2020_01,B_일괄말소제외,수영장,동작구,3,3.0,책자 업소목록 소재지 구 토큰 계수
2020_01,B_일괄말소제외,수영장,관악구,4,4.0,책자 업소목록 소재지 구 토큰 계수
2020_01,B_일괄말소제외,수영장,서초구,11,11.0,책자 업소목록 소재지 구 토큰 계수
2020_01,B_일괄말소제외,수영장,강남구,11,10.0,책자 업소목록 소재지 구 토큰 계수
2020_01,B_일괄말소제외,수영장,송파구,13,13.0,책자 업소목록 소재지 구 토큰 계수
2020_01,B_일괄말소제외,수영장,강동구,6,5.0,책자 업소목록 소재지 구 토큰 계수
2020_01,B_일괄말소제외,종합체육시설,종로구,7,6.0,책자 업소목록 소재지 구 토큰 계수
2020_01,B_일괄말소제외,종합체육시설,중구,11,0.0,책자 업소목록 소재지 구 토큰 계수
2020_01,B_일괄말소제외,종합체육시설,용산구,5,3.0,책자 업소목록 소재지 구 토큰 계수
2020_01,B_일괄말소제외,종합체육시설,성동구,0,0.0,책자 업소목록 소재지 구 토큰 계수
2020_01,B_일괄말소제외,종합체육시설,광진구,5,2.0,책자 업소목록 소재지 구 토큰 계수
2020_01,B_일괄말소제외,종합체육시설,동대문구,3,2.0,책자 업소목록 소재지 구 토큰 계수
2020_01,B_일괄말소제외,종합체육시설,중랑구,3,3.0,책자 업소목록 소재지 구 토큰 계수
2020_01,B_일괄말소제외,종합체육시설,성북구,0,0.0,책자 업소목록 소재지 구 토큰 계수
2020_01,B_일괄말소제외,종합체육시설,강북구,0,0.0,책자 업소목록 소재지 구 토큰 계수
2020_01,B_일괄말소제외,종합체육시설,도봉구,1,1.0,책자 업소목록 소재지 구 토큰 계수
2020_01,B_일괄말소제외,종합체육시설,노원구,0,0.0,책자 업소목록 소재지 구 토큰 계수
2020_01,B_일괄말소제외,종합체육시설,은평구,1,1.0,책자 업소목록 소재지 구 토큰 계수
2020_01,B_일괄말소제외,종합체육시설,서대문구,4,4.0,책자 업소목록 소재지 구 토큰 계수
2020_01,B_일괄말소제외,종합체육시설,마포구,5,5.0,책자 업소목록 소재지 구 토큰 계수
2020_01,B_일괄말소제외,종합체육시설,양천구,3,2.0,책자 업소목록 소재지 구 토큰 계수
2020_01,B_일괄말소제외,종합체육시설,강서구,3,3.0,책자 업소목록 소재지 구 토큰 계수
2020_01,B_일괄말소제외,종합체육시설,구로구,2,2.0,책자 업소목록 소재지 구 토큰 계수
2020_01,B_일괄말소제외,종합체육시설,금천구,1,1.0,책자 업소목록 소재지 구 토큰 계수
2020_01,B_일괄말소제외,종합체육시설,영등포구,3,3.0,책자 업소목록 소재지 구 토큰 계수
2020_01,B_일괄말소제외,종합체육시설,동작구,1,1.0,책자 업소목록 소재지 구 토큰 계수
2020_01,B_일괄말소제외,종합체육시설,관악구,2,1.0,책자 업소목록 소재지 구 토큰 계수
2020_01,B_일괄말소제외,종합체육시설,서초구,15,15.0,책자 업소목록 소재지 구 토큰 계수
2020_01,B_일괄말소제외,종합체육시설,강남구,27,26.0,책자 업소목록 소재지 구 토큰 계수
2020_01,B_일괄말소제외,종합체육시설,송파구,7,7.0,책자 업소목록 소재지 구 토큰 계수
2020_01,B_일괄말소제외,종합체육시설,강동구,1,1.0,책자 업소목록 소재지 구 토큰 계수
2020_01,B_일괄말소제외,빙상장,종로구,1,1.0,책자 업소목록 소재지 구 토큰 계수
2020_01,B_일괄말소제외,빙상장,중구,1,0.0,책자 업소목록 소재지 구 토큰 계수
2020_01,B_일괄말소제외,빙상장,용산구,0,0.0,책자 업소목록 소재지 구 토큰 계수
2020_01,B_일괄말소제외,빙상장,성동구,0,0.0,책자 업소목록 소재지 구 토큰 계수
2020_01,B_일괄말소제외,빙상장,광진구,0,0.0,책자 업소목록 소재지 구 토큰 계수
2020_01,B_일괄말소제외,빙상장,동대문구,0,0.0,책자 업소목록 소재지 구 토큰 계수
2020_01,B_일괄말소제외,빙상장,중랑구,1,1.0,책자 업소목록 소재지 구 토큰 계수
2020_01,B_일괄말소제외,빙상장,성북구,1,1.0,책자 업소목록 소재지 구 토큰 계수
2020_01,B_일괄말소제외,빙상장,강북구,0,0.0,책자 업소목록 소재지 구 토큰 계수
2020_01,B_일괄말소제외,빙상장,도봉구,0,0.0,책자 업소목록 소재지 구 토큰 계수
2020_01,B_일괄말소제외,빙상장,노원구,2,2.0,책자 업소목록 소재지 구 토큰 계수
2020_01,B_일괄말소제외,빙상장,은평구,0,0.0,책자 업소목록 소재지 구 토큰 계수
2020_01,B_일괄말소제외,빙상장,서대문구,0,0.0,책자 업소목록 소재지 구 토큰 계수
2020_01,B_일괄말소제외,빙상장,마포구,0,0.0,책자 업소목록 소재지 구 토큰 계수
2020_01,B_일괄말소제외,빙상장,양천구,2,0.0,책자 업소목록 소재지 구 토큰 계수
2020_01,B_일괄말소제외,빙상장,강서구,1,1.0,책자 업소목록 소재지 구 토큰 계수
2020_01,B_일괄말소제외,빙상장,구로구,1,2.0,책자 업소목록 소재지 구 토큰 계수
2020_01,B_일괄말소제외,빙상장,금천구,0,0.0,책자 업소목록 소재지 구 토큰 계수
2020_01,B_일괄말소제외,빙상장,영등포구,0,0.0,책자 업소목록 소재지 구 토큰 계수
2020_01,B_일괄말소제외,빙상장,동작구,0,0.0,책자 업소목록 소재지 구 토큰 계수
2020_01,B_일괄말소제외,빙상장,관악구,0,0.0,책자 업소목록 소재지 구 토큰 계수
2020_01,B_일괄말소제외,빙상장,서초구,4,3.0,책자 업소목록 소재지 구 토큰 계수
2020_01,B_일괄말소제외,빙상장,강남구,2,1.0,책자 업소목록 소재지 구 토큰 계수
2020_01,B_일괄말소제외,빙상장,송파구,2,1.0,책자 업소목록 소재지 구 토큰 계수
2020_01,B_일괄말소제외,빙상장,강동구,0,0.0,책자 업소목록 소재지 구 토큰 계수
2020_01,B_일괄말소제외,7업종합계,종로구,206,197.0,혼합(구별표+목록계수)
2020_01,B_일괄말소제외,7업종합계,중구,469,0.0,혼합(구별표+목록계수)
2020_01,B_일괄말소제외,7업종합계,용산구,168,165.0,혼합(구별표+목록계수)
2020_01,B_일괄말소제외,7업종합계,성동구,276,267.0,혼합(구별표+목록계수)
2020_01,B_일괄말소제외,7업종합계,광진구,411,359.0,혼합(구별표+목록계수)
2020_01,B_일괄말소제외,7업종합계,동대문구,321,280.0,혼합(구별표+목록계수)
2020_01,B_일괄말소제외,7업종합계,중랑구,326,349.0,혼합(구별표+목록계수)
2020_01,B_일괄말소제외,7업종합계,성북구,378,351.0,혼합(구별표+목록계수)
2020_01,B_일괄말소제외,7업종합계,강북구,248,222.0,혼합(구별표+목록계수)
2020_01,B_일괄말소제외,7업종합계,도봉구,336,263.0,혼합(구별표+목록계수)
2020_01,B_일괄말소제외,7업종합계,노원구,414,381.0,혼합(구별표+목록계수)
2020_01,B_일괄말소제외,7업종합계,은평구,422,464.0,혼합(구별표+목록계수)
2020_01,B_일괄말소제외,7업종합계,서대문구,276,242.0,혼합(구별표+목록계수)
2020_01,B_일괄말소제외,7업종합계,마포구,383,386.0,혼합(구별표+목록계수)
2020_01,B_일괄말소제외,7업종합계,양천구,421,439.0,혼합(구별표+목록계수)
2020_01,B_일괄말소제외,7업종합계,강서구,579,574.0,혼합(구별표+목록계수)
2020_01,B_일괄말소제외,7업종합계,구로구,385,442.0,혼합(구별표+목록계수)
2020_01,B_일괄말소제외,7업종합계,금천구,291,305.0,혼합(구별표+목록계수)
2020_01,B_일괄말소제외,7업종합계,영등포구,700,676.0,혼합(구별표+목록계수)
2020_01,B_일괄말소제외,7업종합계,동작구,271,263.0,혼합(구별표+목록계수)
2020_01,B_일괄말소제외,7업종합계,관악구,385,374.0,혼합(구별표+목록계수)
2020_01,B_일괄말소제외,7업종합계,서초구,757,744.0,혼합(구별표+목록계수)
2020_01,B_일괄말소제외,7업종합계,강남구,1415,1051.0,혼합(구별표+목록계수)
2020_01,B_일괄말소제외,7업종합계,송파구,636,702.0,혼합(구별표+목록계수)
2020_01,B_일괄말소제외,7업종합계,강동구,392,456.0,혼합(구별표+목록계수)
2020_01,C_취소말소상태전체제외,당구장,종로구,101,100.0,책자 구별표
2020_01,C_취소말소상태전체제외,당구장,중구,220,,책자 구별표
2020_01,C_취소말소상태전체제외,당구장,용산구,44,44.0,책자 구별표
2020_01,C_취소말소상태전체제외,당구장,성동구,85,84.0,책자 구별표
2020_01,C_취소말소상태전체제외,당구장,광진구,102,129.0,책자 구별표
2020_01,C_취소말소상태전체제외,당구장,동대문구,90,96.0,책자 구별표
2020_01,C_취소말소상태전체제외,당구장,중랑구,122,153.0,책자 구별표
2020_01,C_취소말소상태전체제외,당구장,성북구,129,130.0,책자 구별표
2020_01,C_취소말소상태전체제외,당구장,강북구,108,100.0,책자 구별표
2020_01,C_취소말소상태전체제외,당구장,도봉구,134,100.0,책자 구별표
2020_01,C_취소말소상태전체제외,당구장,노원구,114,109.0,책자 구별표
2020_01,C_취소말소상태전체제외,당구장,은평구,119,183.0,책자 구별표
2020_01,C_취소말소상태전체제외,당구장,서대문구,87,80.0,책자 구별표
2020_01,C_취소말소상태전체제외,당구장,마포구,105,99.0,책자 구별표
2020_01,C_취소말소상태전체제외,당구장,양천구,92,99.0,책자 구별표
2020_01,C_취소말소상태전체제외,당구장,강서구,161,138.0,책자 구별표
2020_01,C_취소말소상태전체제외,당구장,구로구,92,183.0,책자 구별표
2020_01,C_취소말소상태전체제외,당구장,금천구,138,138.0,책자 구별표
2020_01,C_취소말소상태전체제외,당구장,영등포구,327,328.0,책자 구별표
2020_01,C_취소말소상태전체제외,당구장,동작구,81,80.0,책자 구별표
2020_01,C_취소말소상태전체제외,당구장,관악구,101,130.0,책자 구별표
2020_01,C_취소말소상태전체제외,당구장,서초구,230,225.0,책자 구별표
2020_01,C_취소말소상태전체제외,당구장,강남구,439,180.0,책자 구별표
2020_01,C_취소말소상태전체제외,당구장,송파구,149,170.0,책자 구별표
2020_01,C_취소말소상태전체제외,당구장,강동구,127,195.0,책자 구별표
2020_01,C_취소말소상태전체제외,체력단련장,종로구,48,43.0,책자 구별표
2020_01,C_취소말소상태전체제외,체력단련장,중구,100,,책자 구별표
2020_01,C_취소말소상태전체제외,체력단련장,용산구,56,57.0,책자 구별표
2020_01,C_취소말소상태전체제외,체력단련장,성동구,56,69.0,책자 구별표
2020_01,C_취소말소상태전체제외,체력단련장,광진구,74,72.0,책자 구별표
2020_01,C_취소말소상태전체제외,체력단련장,동대문구,64,66.0,책자 구별표
2020_01,C_취소말소상태전체제외,체력단련장,중랑구,53,60.0,책자 구별표
2020_01,C_취소말소상태전체제외,체력단련장,성북구,64,63.0,책자 구별표
2020_01,C_취소말소상태전체제외,체력단련장,강북구,47,45.0,책자 구별표
2020_01,C_취소말소상태전체제외,체력단련장,도봉구,61,52.0,책자 구별표
2020_01,C_취소말소상태전체제외,체력단련장,노원구,68,70.0,책자 구별표
2020_01,C_취소말소상태전체제외,체력단련장,은평구,72,94.0,책자 구별표
2020_01,C_취소말소상태전체제외,체력단련장,서대문구,59,57.0,책자 구별표
2020_01,C_취소말소상태전체제외,체력단련장,마포구,111,120.0,책자 구별표
2020_01,C_취소말소상태전체제외,체력단련장,양천구,99,105.0,책자 구별표
2020_01,C_취소말소상태전체제외,체력단련장,강서구,132,157.0,책자 구별표
2020_01,C_취소말소상태전체제외,체력단련장,구로구,70,95.0,책자 구별표
2020_01,C_취소말소상태전체제외,체력단련장,금천구,49,55.0,책자 구별표
2020_01,C_취소말소상태전체제외,체력단련장,영등포구,126,125.0,책자 구별표
2020_01,C_취소말소상태전체제외,체력단련장,동작구,63,61.0,책자 구별표
2020_01,C_취소말소상태전체제외,체력단련장,관악구,87,90.0,책자 구별표
2020_01,C_취소말소상태전체제외,체력단련장,서초구,196,196.0,책자 구별표
2020_01,C_취소말소상태전체제외,체력단련장,강남구,432,467.0,책자 구별표
2020_01,C_취소말소상태전체제외,체력단련장,송파구,172,191.0,책자 구별표
2020_01,C_취소말소상태전체제외,체력단련장,강동구,73,114.0,책자 구별표
2020_01,C_취소말소상태전체제외,체육도장,종로구,23,22.0,책자 구별표
2020_01,C_취소말소상태전체제외,체육도장,중구,42,,책자 구별표
2020_01,C_취소말소상태전체제외,체육도장,용산구,31,31.0,책자 구별표
2020_01,C_취소말소상태전체제외,체육도장,성동구,59,55.0,책자 구별표
2020_01,C_취소말소상태전체제외,체육도장,광진구,66,69.0,책자 구별표
2020_01,C_취소말소상태전체제외,체육도장,동대문구,72,64.0,책자 구별표
2020_01,C_취소말소상태전체제외,체육도장,중랑구,87,101.0,책자 구별표
2020_01,C_취소말소상태전체제외,체육도장,성북구,110,110.0,책자 구별표
2020_01,C_취소말소상태전체제외,체육도장,강북구,62,61.0,책자 구별표
2020_01,C_취소말소상태전체제외,체육도장,도봉구,96,79.0,책자 구별표
2020_01,C_취소말소상태전체제외,체육도장,노원구,134,127.0,책자 구별표
2020_01,C_취소말소상태전체제외,체육도장,은평구,95,134.0,책자 구별표
2020_01,C_취소말소상태전체제외,체육도장,서대문구,72,72.0,책자 구별표
2020_01,C_취소말소상태전체제외,체육도장,마포구,93,99.0,책자 구별표
2020_01,C_취소말소상태전체제외,체육도장,양천구,128,127.0,책자 구별표
2020_01,C_취소말소상태전체제외,체육도장,강서구,169,173.0,책자 구별표
2020_01,C_취소말소상태전체제외,체육도장,구로구,92,113.0,책자 구별표
2020_01,C_취소말소상태전체제외,체육도장,금천구,62,67.0,책자 구별표
2020_01,C_취소말소상태전체제외,체육도장,영등포구,114,112.0,책자 구별표
2020_01,C_취소말소상태전체제외,체육도장,동작구,81,77.0,책자 구별표
2020_01,C_취소말소상태전체제외,체육도장,관악구,97,103.0,책자 구별표
2020_01,C_취소말소상태전체제외,체육도장,서초구,117,114.0,책자 구별표
2020_01,C_취소말소상태전체제외,체육도장,강남구,128,59.0,책자 구별표
2020_01,C_취소말소상태전체제외,체육도장,송파구,142,149.0,책자 구별표
2020_01,C_취소말소상태전체제외,체육도장,강동구,115,55.0,책자 구별표
2020_01,C_취소말소상태전체제외,골프연습장,종로구,23,24.0,책자 업소목록 소재지 구 토큰 계수
2020_01,C_취소말소상태전체제외,골프연습장,중구,84,0.0,책자 업소목록 소재지 구 토큰 계수
2020_01,C_취소말소상태전체제외,골프연습장,용산구,27,28.0,책자 업소목록 소재지 구 토큰 계수
2020_01,C_취소말소상태전체제외,골프연습장,성동구,44,57.0,책자 업소목록 소재지 구 토큰 계수
2020_01,C_취소말소상태전체제외,골프연습장,광진구,44,73.0,책자 업소목록 소재지 구 토큰 계수
2020_01,C_취소말소상태전체제외,골프연습장,동대문구,33,48.0,책자 업소목록 소재지 구 토큰 계수
2020_01,C_취소말소상태전체제외,골프연습장,중랑구,30,29.0,책자 업소목록 소재지 구 토큰 계수
2020_01,C_취소말소상태전체제외,골프연습장,성북구,43,42.0,책자 업소목록 소재지 구 토큰 계수
2020_01,C_취소말소상태전체제외,골프연습장,강북구,17,16.0,책자 업소목록 소재지 구 토큰 계수
2020_01,C_취소말소상태전체제외,골프연습장,도봉구,40,29.0,책자 업소목록 소재지 구 토큰 계수
2020_01,C_취소말소상태전체제외,골프연습장,노원구,72,69.0,책자 업소목록 소재지 구 토큰 계수
2020_01,C_취소말소상태전체제외,골프연습장,은평구,46,43.0,책자 업소목록 소재지 구 토큰 계수
2020_01,C_취소말소상태전체제외,골프연습장,서대문구,26,26.0,책자 업소목록 소재지 구 토큰 계수
2020_01,C_취소말소상태전체제외,골프연습장,마포구,63,58.0,책자 업소목록 소재지 구 토큰 계수
2020_01,C_취소말소상태전체제외,골프연습장,양천구,72,95.0,책자 업소목록 소재지 구 토큰 계수
2020_01,C_취소말소상태전체제외,골프연습장,강서구,101,93.0,책자 업소목록 소재지 구 토큰 계수
2020_01,C_취소말소상태전체제외,골프연습장,구로구,69,44.0,책자 업소목록 소재지 구 토큰 계수
2020_01,C_취소말소상태전체제외,골프연습장,금천구,40,43.0,책자 업소목록 소재지 구 토큰 계수
2020_01,C_취소말소상태전체제외,골프연습장,영등포구,117,105.0,책자 업소목록 소재지 구 토큰 계수
2020_01,C_취소말소상태전체제외,골프연습장,동작구,41,41.0,책자 업소목록 소재지 구 토큰 계수
2020_01,C_취소말소상태전체제외,골프연습장,관악구,48,46.0,책자 업소목록 소재지 구 토큰 계수
2020_01,C_취소말소상태전체제외,골프연습장,서초구,183,180.0,책자 업소목록 소재지 구 토큰 계수
2020_01,C_취소말소상태전체제외,골프연습장,강남구,354,308.0,책자 업소목록 소재지 구 토큰 계수
2020_01,C_취소말소상태전체제외,골프연습장,송파구,140,171.0,책자 업소목록 소재지 구 토큰 계수
2020_01,C_취소말소상태전체제외,골프연습장,강동구,62,86.0,책자 업소목록 소재지 구 토큰 계수
2020_01,C_취소말소상태전체제외,수영장,종로구,0,1.0,책자 업소목록 소재지 구 토큰 계수
2020_01,C_취소말소상태전체제외,수영장,중구,7,0.0,책자 업소목록 소재지 구 토큰 계수
2020_01,C_취소말소상태전체제외,수영장,용산구,3,2.0,책자 업소목록 소재지 구 토큰 계수
2020_01,C_취소말소상태전체제외,수영장,성동구,2,2.0,책자 업소목록 소재지 구 토큰 계수
2020_01,C_취소말소상태전체제외,수영장,광진구,8,14.0,책자 업소목록 소재지 구 토큰 계수
2020_01,C_취소말소상태전체제외,수영장,동대문구,4,4.0,책자 업소목록 소재지 구 토큰 계수
2020_01,C_취소말소상태전체제외,수영장,중랑구,2,2.0,책자 업소목록 소재지 구 토큰 계수
2020_01,C_취소말소상태전체제외,수영장,성북구,6,5.0,책자 업소목록 소재지 구 토큰 계수
2020_01,C_취소말소상태전체제외,수영장,강북구,1,0.0,책자 업소목록 소재지 구 토큰 계수
2020_01,C_취소말소상태전체제외,수영장,도봉구,3,2.0,책자 업소목록 소재지 구 토큰 계수
2020_01,C_취소말소상태전체제외,수영장,노원구,4,4.0,책자 업소목록 소재지 구 토큰 계수
2020_01,C_취소말소상태전체제외,수영장,은평구,9,9.0,책자 업소목록 소재지 구 토큰 계수
2020_01,C_취소말소상태전체제외,수영장,서대문구,3,3.0,책자 업소목록 소재지 구 토큰 계수
2020_01,C_취소말소상태전체제외,수영장,마포구,3,5.0,책자 업소목록 소재지 구 토큰 계수
2020_01,C_취소말소상태전체제외,수영장,양천구,14,11.0,책자 업소목록 소재지 구 토큰 계수
2020_01,C_취소말소상태전체제외,수영장,강서구,10,9.0,책자 업소목록 소재지 구 토큰 계수
2020_01,C_취소말소상태전체제외,수영장,구로구,2,3.0,책자 업소목록 소재지 구 토큰 계수
2020_01,C_취소말소상태전체제외,수영장,금천구,1,1.0,책자 업소목록 소재지 구 토큰 계수
2020_01,C_취소말소상태전체제외,수영장,영등포구,3,3.0,책자 업소목록 소재지 구 토큰 계수
2020_01,C_취소말소상태전체제외,수영장,동작구,3,3.0,책자 업소목록 소재지 구 토큰 계수
2020_01,C_취소말소상태전체제외,수영장,관악구,4,4.0,책자 업소목록 소재지 구 토큰 계수
2020_01,C_취소말소상태전체제외,수영장,서초구,11,11.0,책자 업소목록 소재지 구 토큰 계수
2020_01,C_취소말소상태전체제외,수영장,강남구,11,10.0,책자 업소목록 소재지 구 토큰 계수
2020_01,C_취소말소상태전체제외,수영장,송파구,12,13.0,책자 업소목록 소재지 구 토큰 계수
2020_01,C_취소말소상태전체제외,수영장,강동구,6,5.0,책자 업소목록 소재지 구 토큰 계수
2020_01,C_취소말소상태전체제외,종합체육시설,종로구,7,6.0,책자 업소목록 소재지 구 토큰 계수
2020_01,C_취소말소상태전체제외,종합체육시설,중구,11,0.0,책자 업소목록 소재지 구 토큰 계수
2020_01,C_취소말소상태전체제외,종합체육시설,용산구,5,3.0,책자 업소목록 소재지 구 토큰 계수
2020_01,C_취소말소상태전체제외,종합체육시설,성동구,0,0.0,책자 업소목록 소재지 구 토큰 계수
2020_01,C_취소말소상태전체제외,종합체육시설,광진구,5,2.0,책자 업소목록 소재지 구 토큰 계수
2020_01,C_취소말소상태전체제외,종합체육시설,동대문구,2,2.0,책자 업소목록 소재지 구 토큰 계수
2020_01,C_취소말소상태전체제외,종합체육시설,중랑구,1,3.0,책자 업소목록 소재지 구 토큰 계수
2020_01,C_취소말소상태전체제외,종합체육시설,성북구,0,0.0,책자 업소목록 소재지 구 토큰 계수
2020_01,C_취소말소상태전체제외,종합체육시설,강북구,0,0.0,책자 업소목록 소재지 구 토큰 계수
2020_01,C_취소말소상태전체제외,종합체육시설,도봉구,1,1.0,책자 업소목록 소재지 구 토큰 계수
2020_01,C_취소말소상태전체제외,종합체육시설,노원구,0,0.0,책자 업소목록 소재지 구 토큰 계수
2020_01,C_취소말소상태전체제외,종합체육시설,은평구,1,1.0,책자 업소목록 소재지 구 토큰 계수
2020_01,C_취소말소상태전체제외,종합체육시설,서대문구,4,4.0,책자 업소목록 소재지 구 토큰 계수
2020_01,C_취소말소상태전체제외,종합체육시설,마포구,5,5.0,책자 업소목록 소재지 구 토큰 계수
2020_01,C_취소말소상태전체제외,종합체육시설,양천구,3,2.0,책자 업소목록 소재지 구 토큰 계수
2020_01,C_취소말소상태전체제외,종합체육시설,강서구,3,3.0,책자 업소목록 소재지 구 토큰 계수
2020_01,C_취소말소상태전체제외,종합체육시설,구로구,2,2.0,책자 업소목록 소재지 구 토큰 계수
2020_01,C_취소말소상태전체제외,종합체육시설,금천구,1,1.0,책자 업소목록 소재지 구 토큰 계수
2020_01,C_취소말소상태전체제외,종합체육시설,영등포구,3,3.0,책자 업소목록 소재지 구 토큰 계수
2020_01,C_취소말소상태전체제외,종합체육시설,동작구,1,1.0,책자 업소목록 소재지 구 토큰 계수
2020_01,C_취소말소상태전체제외,종합체육시설,관악구,1,1.0,책자 업소목록 소재지 구 토큰 계수
2020_01,C_취소말소상태전체제외,종합체육시설,서초구,15,15.0,책자 업소목록 소재지 구 토큰 계수
2020_01,C_취소말소상태전체제외,종합체육시설,강남구,27,26.0,책자 업소목록 소재지 구 토큰 계수
2020_01,C_취소말소상태전체제외,종합체육시설,송파구,7,7.0,책자 업소목록 소재지 구 토큰 계수
2020_01,C_취소말소상태전체제외,종합체육시설,강동구,1,1.0,책자 업소목록 소재지 구 토큰 계수
2020_01,C_취소말소상태전체제외,빙상장,종로구,1,1.0,책자 업소목록 소재지 구 토큰 계수
2020_01,C_취소말소상태전체제외,빙상장,중구,1,0.0,책자 업소목록 소재지 구 토큰 계수
2020_01,C_취소말소상태전체제외,빙상장,용산구,0,0.0,책자 업소목록 소재지 구 토큰 계수
2020_01,C_취소말소상태전체제외,빙상장,성동구,0,0.0,책자 업소목록 소재지 구 토큰 계수
2020_01,C_취소말소상태전체제외,빙상장,광진구,0,0.0,책자 업소목록 소재지 구 토큰 계수
2020_01,C_취소말소상태전체제외,빙상장,동대문구,0,0.0,책자 업소목록 소재지 구 토큰 계수
2020_01,C_취소말소상태전체제외,빙상장,중랑구,1,1.0,책자 업소목록 소재지 구 토큰 계수
2020_01,C_취소말소상태전체제외,빙상장,성북구,1,1.0,책자 업소목록 소재지 구 토큰 계수
2020_01,C_취소말소상태전체제외,빙상장,강북구,0,0.0,책자 업소목록 소재지 구 토큰 계수
2020_01,C_취소말소상태전체제외,빙상장,도봉구,0,0.0,책자 업소목록 소재지 구 토큰 계수
2020_01,C_취소말소상태전체제외,빙상장,노원구,2,2.0,책자 업소목록 소재지 구 토큰 계수
2020_01,C_취소말소상태전체제외,빙상장,은평구,0,0.0,책자 업소목록 소재지 구 토큰 계수
2020_01,C_취소말소상태전체제외,빙상장,서대문구,0,0.0,책자 업소목록 소재지 구 토큰 계수
2020_01,C_취소말소상태전체제외,빙상장,마포구,0,0.0,책자 업소목록 소재지 구 토큰 계수
2020_01,C_취소말소상태전체제외,빙상장,양천구,2,0.0,책자 업소목록 소재지 구 토큰 계수
2020_01,C_취소말소상태전체제외,빙상장,강서구,1,1.0,책자 업소목록 소재지 구 토큰 계수
2020_01,C_취소말소상태전체제외,빙상장,구로구,1,2.0,책자 업소목록 소재지 구 토큰 계수
2020_01,C_취소말소상태전체제외,빙상장,금천구,0,0.0,책자 업소목록 소재지 구 토큰 계수
2020_01,C_취소말소상태전체제외,빙상장,영등포구,0,0.0,책자 업소목록 소재지 구 토큰 계수
2020_01,C_취소말소상태전체제외,빙상장,동작구,0,0.0,책자 업소목록 소재지 구 토큰 계수
2020_01,C_취소말소상태전체제외,빙상장,관악구,0,0.0,책자 업소목록 소재지 구 토큰 계수
2020_01,C_취소말소상태전체제외,빙상장,서초구,4,3.0,책자 업소목록 소재지 구 토큰 계수
2020_01,C_취소말소상태전체제외,빙상장,강남구,2,1.0,책자 업소목록 소재지 구 토큰 계수
2020_01,C_취소말소상태전체제외,빙상장,송파구,2,1.0,책자 업소목록 소재지 구 토큰 계수
2020_01,C_취소말소상태전체제외,빙상장,강동구,0,0.0,책자 업소목록 소재지 구 토큰 계수
2020_01,C_취소말소상태전체제외,7업종합계,종로구,203,197.0,혼합(구별표+목록계수)
2020_01,C_취소말소상태전체제외,7업종합계,중구,465,0.0,혼합(구별표+목록계수)
2020_01,C_취소말소상태전체제외,7업종합계,용산구,166,165.0,혼합(구별표+목록계수)
2020_01,C_취소말소상태전체제외,7업종합계,성동구,246,267.0,혼합(구별표+목록계수)
2020_01,C_취소말소상태전체제외,7업종합계,광진구,299,359.0,혼합(구별표+목록계수)
2020_01,C_취소말소상태전체제외,7업종합계,동대문구,265,280.0,혼합(구별표+목록계수)
2020_01,C_취소말소상태전체제외,7업종합계,중랑구,296,349.0,혼합(구별표+목록계수)
2020_01,C_취소말소상태전체제외,7업종합계,성북구,353,351.0,혼합(구별표+목록계수)
2020_01,C_취소말소상태전체제외,7업종합계,강북구,235,222.0,혼합(구별표+목록계수)
2020_01,C_취소말소상태전체제외,7업종합계,도봉구,335,263.0,혼합(구별표+목록계수)
2020_01,C_취소말소상태전체제외,7업종합계,노원구,394,381.0,혼합(구별표+목록계수)
2020_01,C_취소말소상태전체제외,7업종합계,은평구,342,464.0,혼합(구별표+목록계수)
2020_01,C_취소말소상태전체제외,7업종합계,서대문구,251,242.0,혼합(구별표+목록계수)
2020_01,C_취소말소상태전체제외,7업종합계,마포구,380,386.0,혼합(구별표+목록계수)
2020_01,C_취소말소상태전체제외,7업종합계,양천구,410,439.0,혼합(구별표+목록계수)
2020_01,C_취소말소상태전체제외,7업종합계,강서구,577,574.0,혼합(구별표+목록계수)
2020_01,C_취소말소상태전체제외,7업종합계,구로구,328,442.0,혼합(구별표+목록계수)
2020_01,C_취소말소상태전체제외,7업종합계,금천구,291,305.0,혼합(구별표+목록계수)
2020_01,C_취소말소상태전체제외,7업종합계,영등포구,690,676.0,혼합(구별표+목록계수)
2020_01,C_취소말소상태전체제외,7업종합계,동작구,270,263.0,혼합(구별표+목록계수)
2020_01,C_취소말소상태전체제외,7업종합계,관악구,338,374.0,혼합(구별표+목록계수)
2020_01,C_취소말소상태전체제외,7업종합계,서초구,756,744.0,혼합(구별표+목록계수)
2020_01,C_취소말소상태전체제외,7업종합계,강남구,1393,1051.0,혼합(구별표+목록계수)
2020_01,C_취소말소상태전체제외,7업종합계,송파구,624,702.0,혼합(구별표+목록계수)
2020_01,C_취소말소상태전체제외,7업종합계,강동구,384,456.0,혼합(구별표+목록계수)
2025_01,A_전체,당구장,종로구,84,82.0,책자 구별표
2025_01,A_전체,당구장,중구,203,81.0,책자 구별표
2025_01,A_전체,당구장,용산구,34,32.0,책자 구별표
2025_01,A_전체,당구장,성동구,71,71.0,책자 구별표
2025_01,A_전체,당구장,광진구,143,91.0,책자 구별표
2025_01,A_전체,당구장,동대문구,88,86.0,책자 구별표
2025_01,A_전체,당구장,중랑구,110,107.0,책자 구별표
2025_01,A_전체,당구장,성북구,128,131.0,책자 구별표
2025_01,A_전체,당구장,강북구,100,95.0,책자 구별표
2025_01,A_전체,당구장,도봉구,133,131.0,책자 구별표
2025_01,A_전체,당구장,노원구,113,109.0,책자 구별표
2025_01,A_전체,당구장,은평구,95,95.0,책자 구별표
2025_01,A_전체,당구장,서대문구,62,61.0,책자 구별표
2025_01,A_전체,당구장,마포구,90,69.0,책자 구별표
2025_01,A_전체,당구장,양천구,90,88.0,책자 구별표
2025_01,A_전체,당구장,강서구,122,122.0,책자 구별표
2025_01,A_전체,당구장,구로구,89,85.0,책자 구별표
2025_01,A_전체,당구장,금천구,97,94.0,책자 구별표
2025_01,A_전체,당구장,영등포구,112,114.0,책자 구별표
2025_01,A_전체,당구장,동작구,78,78.0,책자 구별표
2025_01,A_전체,당구장,관악구,80,80.0,책자 구별표
2025_01,A_전체,당구장,서초구,210,211.0,책자 구별표
2025_01,A_전체,당구장,강남구,160,156.0,책자 구별표
2025_01,A_전체,당구장,송파구,137,139.0,책자 구별표
2025_01,A_전체,당구장,강동구,108,105.0,책자 구별표
2025_01,A_전체,체력단련장,종로구,73,79.0,책자 구별표
2025_01,A_전체,체력단련장,중구,132,73.0,책자 구별표
2025_01,A_전체,체력단련장,용산구,84,82.0,책자 구별표
2025_01,A_전체,체력단련장,성동구,110,114.0,책자 구별표
2025_01,A_전체,체력단련장,광진구,153,138.0,책자 구별표
2025_01,A_전체,체력단련장,동대문구,128,119.0,책자 구별표
2025_01,A_전체,체력단련장,중랑구,89,86.0,책자 구별표
2025_01,A_전체,체력단련장,성북구,116,130.0,책자 구별표
2025_01,A_전체,체력단련장,강북구,65,64.0,책자 구별표
2025_01,A_전체,체력단련장,도봉구,84,75.0,책자 구별표
2025_01,A_전체,체력단련장,노원구,137,136.0,책자 구별표
2025_01,A_전체,체력단련장,은평구,122,121.0,책자 구별표
2025_01,A_전체,체력단련장,서대문구,99,99.0,책자 구별표
2025_01,A_전체,체력단련장,마포구,195,186.0,책자 구별표
2025_01,A_전체,체력단련장,양천구,164,160.0,책자 구별표
2025_01,A_전체,체력단련장,강서구,265,262.0,책자 구별표
2025_01,A_전체,체력단련장,구로구,117,109.0,책자 구별표
2025_01,A_전체,체력단련장,금천구,84,82.0,책자 구별표
2025_01,A_전체,체력단련장,영등포구,180,208.0,책자 구별표
2025_01,A_전체,체력단련장,동작구,106,107.0,책자 구별표
2025_01,A_전체,체력단련장,관악구,184,180.0,책자 구별표
2025_01,A_전체,체력단련장,서초구,333,362.0,책자 구별표
2025_01,A_전체,체력단련장,강남구,552,529.0,책자 구별표
2025_01,A_전체,체력단련장,송파구,332,334.0,책자 구별표
2025_01,A_전체,체력단련장,강동구,156,152.0,책자 구별표
2025_01,A_전체,체육도장,종로구,24,22.0,책자 구별표
2025_01,A_전체,체육도장,중구,42,23.0,책자 구별표
2025_01,A_전체,체육도장,용산구,33,33.0,책자 구별표
2025_01,A_전체,체육도장,성동구,64,66.0,책자 구별표
2025_01,A_전체,체육도장,광진구,89,46.0,책자 구별표
2025_01,A_전체,체육도장,동대문구,80,79.0,책자 구별표
2025_01,A_전체,체육도장,중랑구,88,87.0,책자 구별표
2025_01,A_전체,체육도장,성북구,129,129.0,책자 구별표
2025_01,A_전체,체육도장,강북구,67,67.0,책자 구별표
2025_01,A_전체,체육도장,도봉구,99,83.0,책자 구별표
2025_01,A_전체,체육도장,노원구,147,144.0,책자 구별표
2025_01,A_전체,체육도장,은평구,124,114.0,책자 구별표
2025_01,A_전체,체육도장,서대문구,72,73.0,책자 구별표
2025_01,A_전체,체육도장,마포구,98,75.0,책자 구별표
2025_01,A_전체,체육도장,양천구,146,63.0,책자 구별표
2025_01,A_전체,체육도장,강서구,190,189.0,책자 구별표
2025_01,A_전체,체육도장,구로구,101,98.0,책자 구별표
2025_01,A_전체,체육도장,금천구,72,68.0,책자 구별표
2025_01,A_전체,체육도장,영등포구,96,99.0,책자 구별표
2025_01,A_전체,체육도장,동작구,89,87.0,책자 구별표
2025_01,A_전체,체육도장,관악구,100,100.0,책자 구별표
2025_01,A_전체,체육도장,서초구,145,142.0,책자 구별표
2025_01,A_전체,체육도장,강남구,173,169.0,책자 구별표
2025_01,A_전체,체육도장,송파구,163,155.0,책자 구별표
2025_01,A_전체,체육도장,강동구,142,138.0,책자 구별표
2025_01,A_전체,골프연습장,종로구,20,17.0,책자 업소목록 소재지 구 토큰 계수
2025_01,A_전체,골프연습장,중구,74,39.0,책자 업소목록 소재지 구 토큰 계수
2025_01,A_전체,골프연습장,용산구,26,24.0,책자 업소목록 소재지 구 토큰 계수
2025_01,A_전체,골프연습장,성동구,43,41.0,책자 업소목록 소재지 구 토큰 계수
2025_01,A_전체,골프연습장,광진구,46,36.0,책자 업소목록 소재지 구 토큰 계수
2025_01,A_전체,골프연습장,동대문구,40,33.0,책자 업소목록 소재지 구 토큰 계수
2025_01,A_전체,골프연습장,중랑구,27,26.0,책자 업소목록 소재지 구 토큰 계수
2025_01,A_전체,골프연습장,성북구,41,41.0,책자 업소목록 소재지 구 토큰 계수
2025_01,A_전체,골프연습장,강북구,15,14.0,책자 업소목록 소재지 구 토큰 계수
2025_01,A_전체,골프연습장,도봉구,34,15.0,책자 업소목록 소재지 구 토큰 계수
2025_01,A_전체,골프연습장,노원구,62,57.0,책자 업소목록 소재지 구 토큰 계수
2025_01,A_전체,골프연습장,은평구,34,34.0,책자 업소목록 소재지 구 토큰 계수
2025_01,A_전체,골프연습장,서대문구,18,17.0,책자 업소목록 소재지 구 토큰 계수
2025_01,A_전체,골프연습장,마포구,43,35.0,책자 업소목록 소재지 구 토큰 계수
2025_01,A_전체,골프연습장,양천구,61,60.0,책자 업소목록 소재지 구 토큰 계수
2025_01,A_전체,골프연습장,강서구,65,64.0,책자 업소목록 소재지 구 토큰 계수
2025_01,A_전체,골프연습장,구로구,47,45.0,책자 업소목록 소재지 구 토큰 계수
2025_01,A_전체,골프연습장,금천구,26,26.0,책자 업소목록 소재지 구 토큰 계수
2025_01,A_전체,골프연습장,영등포구,80,76.0,책자 업소목록 소재지 구 토큰 계수
2025_01,A_전체,골프연습장,동작구,35,34.0,책자 업소목록 소재지 구 토큰 계수
2025_01,A_전체,골프연습장,관악구,43,43.0,책자 업소목록 소재지 구 토큰 계수
2025_01,A_전체,골프연습장,서초구,154,150.0,책자 업소목록 소재지 구 토큰 계수
2025_01,A_전체,골프연습장,강남구,313,308.0,책자 업소목록 소재지 구 토큰 계수
2025_01,A_전체,골프연습장,송파구,124,123.0,책자 업소목록 소재지 구 토큰 계수
2025_01,A_전체,골프연습장,강동구,62,54.0,책자 업소목록 소재지 구 토큰 계수
2025_01,A_전체,수영장,종로구,0,0.0,책자 업소목록 소재지 구 토큰 계수
2025_01,A_전체,수영장,중구,7,4.0,책자 업소목록 소재지 구 토큰 계수
2025_01,A_전체,수영장,용산구,4,4.0,책자 업소목록 소재지 구 토큰 계수
2025_01,A_전체,수영장,성동구,2,2.0,책자 업소목록 소재지 구 토큰 계수
2025_01,A_전체,수영장,광진구,7,7.0,책자 업소목록 소재지 구 토큰 계수
2025_01,A_전체,수영장,동대문구,5,5.0,책자 업소목록 소재지 구 토큰 계수
2025_01,A_전체,수영장,중랑구,2,2.0,책자 업소목록 소재지 구 토큰 계수
2025_01,A_전체,수영장,성북구,6,6.0,책자 업소목록 소재지 구 토큰 계수
2025_01,A_전체,수영장,강북구,1,0.0,책자 업소목록 소재지 구 토큰 계수
2025_01,A_전체,수영장,도봉구,3,2.0,책자 업소목록 소재지 구 토큰 계수
2025_01,A_전체,수영장,노원구,6,6.0,책자 업소목록 소재지 구 토큰 계수
2025_01,A_전체,수영장,은평구,7,7.0,책자 업소목록 소재지 구 토큰 계수
2025_01,A_전체,수영장,서대문구,3,3.0,책자 업소목록 소재지 구 토큰 계수
2025_01,A_전체,수영장,마포구,4,4.0,책자 업소목록 소재지 구 토큰 계수
2025_01,A_전체,수영장,양천구,15,14.0,책자 업소목록 소재지 구 토큰 계수
2025_01,A_전체,수영장,강서구,10,7.0,책자 업소목록 소재지 구 토큰 계수
2025_01,A_전체,수영장,구로구,3,3.0,책자 업소목록 소재지 구 토큰 계수
2025_01,A_전체,수영장,금천구,1,1.0,책자 업소목록 소재지 구 토큰 계수
2025_01,A_전체,수영장,영등포구,4,4.0,책자 업소목록 소재지 구 토큰 계수
2025_01,A_전체,수영장,동작구,2,2.0,책자 업소목록 소재지 구 토큰 계수
2025_01,A_전체,수영장,관악구,4,4.0,책자 업소목록 소재지 구 토큰 계수
2025_01,A_전체,수영장,서초구,12,11.0,책자 업소목록 소재지 구 토큰 계수
2025_01,A_전체,수영장,강남구,12,11.0,책자 업소목록 소재지 구 토큰 계수
2025_01,A_전체,수영장,송파구,15,14.0,책자 업소목록 소재지 구 토큰 계수
2025_01,A_전체,수영장,강동구,6,6.0,책자 업소목록 소재지 구 토큰 계수
2025_01,A_전체,종합체육시설,종로구,7,7.0,책자 업소목록 소재지 구 토큰 계수
2025_01,A_전체,종합체육시설,중구,10,9.0,책자 업소목록 소재지 구 토큰 계수
2025_01,A_전체,종합체육시설,용산구,4,4.0,책자 업소목록 소재지 구 토큰 계수
2025_01,A_전체,종합체육시설,성동구,0,0.0,책자 업소목록 소재지 구 토큰 계수
2025_01,A_전체,종합체육시설,광진구,5,2.0,책자 업소목록 소재지 구 토큰 계수
2025_01,A_전체,종합체육시설,동대문구,2,2.0,책자 업소목록 소재지 구 토큰 계수
2025_01,A_전체,종합체육시설,중랑구,2,2.0,책자 업소목록 소재지 구 토큰 계수
2025_01,A_전체,종합체육시설,성북구,2,2.0,책자 업소목록 소재지 구 토큰 계수
2025_01,A_전체,종합체육시설,강북구,2,1.0,책자 업소목록 소재지 구 토큰 계수
2025_01,A_전체,종합체육시설,도봉구,1,1.0,책자 업소목록 소재지 구 토큰 계수
2025_01,A_전체,종합체육시설,노원구,0,0.0,책자 업소목록 소재지 구 토큰 계수
2025_01,A_전체,종합체육시설,은평구,2,1.0,책자 업소목록 소재지 구 토큰 계수
2025_01,A_전체,종합체육시설,서대문구,3,3.0,책자 업소목록 소재지 구 토큰 계수
2025_01,A_전체,종합체육시설,마포구,4,3.0,책자 업소목록 소재지 구 토큰 계수
2025_01,A_전체,종합체육시설,양천구,4,3.0,책자 업소목록 소재지 구 토큰 계수
2025_01,A_전체,종합체육시설,강서구,3,3.0,책자 업소목록 소재지 구 토큰 계수
2025_01,A_전체,종합체육시설,구로구,1,1.0,책자 업소목록 소재지 구 토큰 계수
2025_01,A_전체,종합체육시설,금천구,0,0.0,책자 업소목록 소재지 구 토큰 계수
2025_01,A_전체,종합체육시설,영등포구,5,5.0,책자 업소목록 소재지 구 토큰 계수
2025_01,A_전체,종합체육시설,동작구,1,1.0,책자 업소목록 소재지 구 토큰 계수
2025_01,A_전체,종합체육시설,관악구,1,1.0,책자 업소목록 소재지 구 토큰 계수
2025_01,A_전체,종합체육시설,서초구,16,16.0,책자 업소목록 소재지 구 토큰 계수
2025_01,A_전체,종합체육시설,강남구,26,24.0,책자 업소목록 소재지 구 토큰 계수
2025_01,A_전체,종합체육시설,송파구,7,7.0,책자 업소목록 소재지 구 토큰 계수
2025_01,A_전체,종합체육시설,강동구,1,1.0,책자 업소목록 소재지 구 토큰 계수
2025_01,A_전체,빙상장,종로구,0,0.0,책자 업소목록 소재지 구 토큰 계수
2025_01,A_전체,빙상장,중구,2,1.0,책자 업소목록 소재지 구 토큰 계수
2025_01,A_전체,빙상장,용산구,0,0.0,책자 업소목록 소재지 구 토큰 계수
2025_01,A_전체,빙상장,성동구,1,1.0,책자 업소목록 소재지 구 토큰 계수
2025_01,A_전체,빙상장,광진구,0,0.0,책자 업소목록 소재지 구 토큰 계수
2025_01,A_전체,빙상장,동대문구,0,0.0,책자 업소목록 소재지 구 토큰 계수
2025_01,A_전체,빙상장,중랑구,0,0.0,책자 업소목록 소재지 구 토큰 계수
2025_01,A_전체,빙상장,성북구,1,1.0,책자 업소목록 소재지 구 토큰 계수
2025_01,A_전체,빙상장,강북구,0,0.0,책자 업소목록 소재지 구 토큰 계수
2025_01,A_전체,빙상장,도봉구,0,0.0,책자 업소목록 소재지 구 토큰 계수
2025_01,A_전체,빙상장,노원구,2,2.0,책자 업소목록 소재지 구 토큰 계수
2025_01,A_전체,빙상장,은평구,0,0.0,책자 업소목록 소재지 구 토큰 계수
2025_01,A_전체,빙상장,서대문구,1,1.0,책자 업소목록 소재지 구 토큰 계수
2025_01,A_전체,빙상장,마포구,1,1.0,책자 업소목록 소재지 구 토큰 계수
2025_01,A_전체,빙상장,양천구,4,4.0,책자 업소목록 소재지 구 토큰 계수
2025_01,A_전체,빙상장,강서구,1,1.0,책자 업소목록 소재지 구 토큰 계수
2025_01,A_전체,빙상장,구로구,2,2.0,책자 업소목록 소재지 구 토큰 계수
2025_01,A_전체,빙상장,금천구,0,0.0,책자 업소목록 소재지 구 토큰 계수
2025_01,A_전체,빙상장,영등포구,1,1.0,책자 업소목록 소재지 구 토큰 계수
2025_01,A_전체,빙상장,동작구,0,0.0,책자 업소목록 소재지 구 토큰 계수
2025_01,A_전체,빙상장,관악구,0,0.0,책자 업소목록 소재지 구 토큰 계수
2025_01,A_전체,빙상장,서초구,3,3.0,책자 업소목록 소재지 구 토큰 계수
2025_01,A_전체,빙상장,강남구,2,2.0,책자 업소목록 소재지 구 토큰 계수
2025_01,A_전체,빙상장,송파구,2,2.0,책자 업소목록 소재지 구 토큰 계수
2025_01,A_전체,빙상장,강동구,0,0.0,책자 업소목록 소재지 구 토큰 계수
2025_01,A_전체,7업종합계,종로구,208,207.0,혼합(구별표+목록계수)
2025_01,A_전체,7업종합계,중구,470,230.0,혼합(구별표+목록계수)
2025_01,A_전체,7업종합계,용산구,185,179.0,혼합(구별표+목록계수)
2025_01,A_전체,7업종합계,성동구,291,295.0,혼합(구별표+목록계수)
2025_01,A_전체,7업종합계,광진구,443,320.0,혼합(구별표+목록계수)
2025_01,A_전체,7업종합계,동대문구,343,324.0,혼합(구별표+목록계수)
2025_01,A_전체,7업종합계,중랑구,318,310.0,혼합(구별표+목록계수)
2025_01,A_전체,7업종합계,성북구,423,440.0,혼합(구별표+목록계수)
2025_01,A_전체,7업종합계,강북구,250,241.0,혼합(구별표+목록계수)
2025_01,A_전체,7업종합계,도봉구,354,307.0,혼합(구별표+목록계수)
2025_01,A_전체,7업종합계,노원구,467,454.0,혼합(구별표+목록계수)
2025_01,A_전체,7업종합계,은평구,384,372.0,혼합(구별표+목록계수)
2025_01,A_전체,7업종합계,서대문구,258,257.0,혼합(구별표+목록계수)
2025_01,A_전체,7업종합계,마포구,435,373.0,혼합(구별표+목록계수)
2025_01,A_전체,7업종합계,양천구,484,392.0,혼합(구별표+목록계수)
2025_01,A_전체,7업종합계,강서구,656,648.0,혼합(구별표+목록계수)
2025_01,A_전체,7업종합계,구로구,360,343.0,혼합(구별표+목록계수)
2025_01,A_전체,7업종합계,금천구,280,271.0,혼합(구별표+목록계수)
2025_01,A_전체,7업종합계,영등포구,478,507.0,혼합(구별표+목록계수)
2025_01,A_전체,7업종합계,동작구,311,309.0,혼합(구별표+목록계수)
2025_01,A_전체,7업종합계,관악구,412,408.0,혼합(구별표+목록계수)
2025_01,A_전체,7업종합계,서초구,873,895.0,혼합(구별표+목록계수)
2025_01,A_전체,7업종합계,강남구,1238,1199.0,혼합(구별표+목록계수)
2025_01,A_전체,7업종합계,송파구,780,774.0,혼합(구별표+목록계수)
2025_01,A_전체,7업종합계,강동구,475,456.0,혼합(구별표+목록계수)
2025_01,B_일괄말소제외,당구장,종로구,84,82.0,책자 구별표
2025_01,B_일괄말소제외,당구장,중구,203,81.0,책자 구별표
2025_01,B_일괄말소제외,당구장,용산구,34,32.0,책자 구별표
2025_01,B_일괄말소제외,당구장,성동구,71,71.0,책자 구별표
2025_01,B_일괄말소제외,당구장,광진구,96,91.0,책자 구별표
2025_01,B_일괄말소제외,당구장,동대문구,88,86.0,책자 구별표
2025_01,B_일괄말소제외,당구장,중랑구,110,107.0,책자 구별표
2025_01,B_일괄말소제외,당구장,성북구,128,131.0,책자 구별표
2025_01,B_일괄말소제외,당구장,강북구,100,95.0,책자 구별표
2025_01,B_일괄말소제외,당구장,도봉구,133,131.0,책자 구별표
2025_01,B_일괄말소제외,당구장,노원구,113,109.0,책자 구별표
2025_01,B_일괄말소제외,당구장,은평구,95,95.0,책자 구별표
2025_01,B_일괄말소제외,당구장,서대문구,62,61.0,책자 구별표
2025_01,B_일괄말소제외,당구장,마포구,90,69.0,책자 구별표
2025_01,B_일괄말소제외,당구장,양천구,90,88.0,책자 구별표
2025_01,B_일괄말소제외,당구장,강서구,122,122.0,책자 구별표
2025_01,B_일괄말소제외,당구장,구로구,89,85.0,책자 구별표
2025_01,B_일괄말소제외,당구장,금천구,97,94.0,책자 구별표
2025_01,B_일괄말소제외,당구장,영등포구,112,114.0,책자 구별표
2025_01,B_일괄말소제외,당구장,동작구,78,78.0,책자 구별표
2025_01,B_일괄말소제외,당구장,관악구,80,80.0,책자 구별표
2025_01,B_일괄말소제외,당구장,서초구,210,211.0,책자 구별표
2025_01,B_일괄말소제외,당구장,강남구,160,156.0,책자 구별표
2025_01,B_일괄말소제외,당구장,송파구,137,139.0,책자 구별표
2025_01,B_일괄말소제외,당구장,강동구,108,105.0,책자 구별표
2025_01,B_일괄말소제외,체력단련장,종로구,73,79.0,책자 구별표
2025_01,B_일괄말소제외,체력단련장,중구,132,73.0,책자 구별표
2025_01,B_일괄말소제외,체력단련장,용산구,84,82.0,책자 구별표
2025_01,B_일괄말소제외,체력단련장,성동구,110,114.0,책자 구별표
2025_01,B_일괄말소제외,체력단련장,광진구,153,138.0,책자 구별표
2025_01,B_일괄말소제외,체력단련장,동대문구,128,119.0,책자 구별표
2025_01,B_일괄말소제외,체력단련장,중랑구,89,86.0,책자 구별표
2025_01,B_일괄말소제외,체력단련장,성북구,116,130.0,책자 구별표
2025_01,B_일괄말소제외,체력단련장,강북구,65,64.0,책자 구별표
2025_01,B_일괄말소제외,체력단련장,도봉구,84,75.0,책자 구별표
2025_01,B_일괄말소제외,체력단련장,노원구,137,136.0,책자 구별표
2025_01,B_일괄말소제외,체력단련장,은평구,122,121.0,책자 구별표
2025_01,B_일괄말소제외,체력단련장,서대문구,99,99.0,책자 구별표
2025_01,B_일괄말소제외,체력단련장,마포구,195,186.0,책자 구별표
2025_01,B_일괄말소제외,체력단련장,양천구,164,160.0,책자 구별표
2025_01,B_일괄말소제외,체력단련장,강서구,265,262.0,책자 구별표
2025_01,B_일괄말소제외,체력단련장,구로구,117,109.0,책자 구별표
2025_01,B_일괄말소제외,체력단련장,금천구,84,82.0,책자 구별표
2025_01,B_일괄말소제외,체력단련장,영등포구,180,208.0,책자 구별표
2025_01,B_일괄말소제외,체력단련장,동작구,106,107.0,책자 구별표
2025_01,B_일괄말소제외,체력단련장,관악구,184,180.0,책자 구별표
2025_01,B_일괄말소제외,체력단련장,서초구,333,362.0,책자 구별표
2025_01,B_일괄말소제외,체력단련장,강남구,552,529.0,책자 구별표
2025_01,B_일괄말소제외,체력단련장,송파구,332,334.0,책자 구별표
2025_01,B_일괄말소제외,체력단련장,강동구,156,152.0,책자 구별표
2025_01,B_일괄말소제외,체육도장,종로구,24,22.0,책자 구별표
2025_01,B_일괄말소제외,체육도장,중구,42,23.0,책자 구별표
2025_01,B_일괄말소제외,체육도장,용산구,33,33.0,책자 구별표
2025_01,B_일괄말소제외,체육도장,성동구,64,66.0,책자 구별표
2025_01,B_일괄말소제외,체육도장,광진구,67,46.0,책자 구별표
2025_01,B_일괄말소제외,체육도장,동대문구,80,79.0,책자 구별표
2025_01,B_일괄말소제외,체육도장,중랑구,88,87.0,책자 구별표
2025_01,B_일괄말소제외,체육도장,성북구,129,129.0,책자 구별표
2025_01,B_일괄말소제외,체육도장,강북구,67,67.0,책자 구별표
2025_01,B_일괄말소제외,체육도장,도봉구,99,83.0,책자 구별표
2025_01,B_일괄말소제외,체육도장,노원구,147,144.0,책자 구별표
2025_01,B_일괄말소제외,체육도장,은평구,124,114.0,책자 구별표
2025_01,B_일괄말소제외,체육도장,서대문구,72,73.0,책자 구별표
2025_01,B_일괄말소제외,체육도장,마포구,98,75.0,책자 구별표
2025_01,B_일괄말소제외,체육도장,양천구,146,63.0,책자 구별표
2025_01,B_일괄말소제외,체육도장,강서구,190,189.0,책자 구별표
2025_01,B_일괄말소제외,체육도장,구로구,101,98.0,책자 구별표
2025_01,B_일괄말소제외,체육도장,금천구,72,68.0,책자 구별표
2025_01,B_일괄말소제외,체육도장,영등포구,96,99.0,책자 구별표
2025_01,B_일괄말소제외,체육도장,동작구,89,87.0,책자 구별표
2025_01,B_일괄말소제외,체육도장,관악구,100,100.0,책자 구별표
2025_01,B_일괄말소제외,체육도장,서초구,145,142.0,책자 구별표
2025_01,B_일괄말소제외,체육도장,강남구,173,169.0,책자 구별표
2025_01,B_일괄말소제외,체육도장,송파구,163,155.0,책자 구별표
2025_01,B_일괄말소제외,체육도장,강동구,142,138.0,책자 구별표
2025_01,B_일괄말소제외,골프연습장,종로구,20,17.0,책자 업소목록 소재지 구 토큰 계수
2025_01,B_일괄말소제외,골프연습장,중구,74,39.0,책자 업소목록 소재지 구 토큰 계수
2025_01,B_일괄말소제외,골프연습장,용산구,26,24.0,책자 업소목록 소재지 구 토큰 계수
2025_01,B_일괄말소제외,골프연습장,성동구,43,41.0,책자 업소목록 소재지 구 토큰 계수
2025_01,B_일괄말소제외,골프연습장,광진구,46,36.0,책자 업소목록 소재지 구 토큰 계수
2025_01,B_일괄말소제외,골프연습장,동대문구,40,33.0,책자 업소목록 소재지 구 토큰 계수
2025_01,B_일괄말소제외,골프연습장,중랑구,27,26.0,책자 업소목록 소재지 구 토큰 계수
2025_01,B_일괄말소제외,골프연습장,성북구,41,41.0,책자 업소목록 소재지 구 토큰 계수
2025_01,B_일괄말소제외,골프연습장,강북구,15,14.0,책자 업소목록 소재지 구 토큰 계수
2025_01,B_일괄말소제외,골프연습장,도봉구,34,15.0,책자 업소목록 소재지 구 토큰 계수
2025_01,B_일괄말소제외,골프연습장,노원구,62,57.0,책자 업소목록 소재지 구 토큰 계수
2025_01,B_일괄말소제외,골프연습장,은평구,34,34.0,책자 업소목록 소재지 구 토큰 계수
2025_01,B_일괄말소제외,골프연습장,서대문구,18,17.0,책자 업소목록 소재지 구 토큰 계수
2025_01,B_일괄말소제외,골프연습장,마포구,43,35.0,책자 업소목록 소재지 구 토큰 계수
2025_01,B_일괄말소제외,골프연습장,양천구,61,60.0,책자 업소목록 소재지 구 토큰 계수
2025_01,B_일괄말소제외,골프연습장,강서구,65,64.0,책자 업소목록 소재지 구 토큰 계수
2025_01,B_일괄말소제외,골프연습장,구로구,47,45.0,책자 업소목록 소재지 구 토큰 계수
2025_01,B_일괄말소제외,골프연습장,금천구,26,26.0,책자 업소목록 소재지 구 토큰 계수
2025_01,B_일괄말소제외,골프연습장,영등포구,80,76.0,책자 업소목록 소재지 구 토큰 계수
2025_01,B_일괄말소제외,골프연습장,동작구,35,34.0,책자 업소목록 소재지 구 토큰 계수
2025_01,B_일괄말소제외,골프연습장,관악구,43,43.0,책자 업소목록 소재지 구 토큰 계수
2025_01,B_일괄말소제외,골프연습장,서초구,154,150.0,책자 업소목록 소재지 구 토큰 계수
2025_01,B_일괄말소제외,골프연습장,강남구,313,308.0,책자 업소목록 소재지 구 토큰 계수
2025_01,B_일괄말소제외,골프연습장,송파구,124,123.0,책자 업소목록 소재지 구 토큰 계수
2025_01,B_일괄말소제외,골프연습장,강동구,62,54.0,책자 업소목록 소재지 구 토큰 계수
2025_01,B_일괄말소제외,수영장,종로구,0,0.0,책자 업소목록 소재지 구 토큰 계수
2025_01,B_일괄말소제외,수영장,중구,7,4.0,책자 업소목록 소재지 구 토큰 계수
2025_01,B_일괄말소제외,수영장,용산구,4,4.0,책자 업소목록 소재지 구 토큰 계수
2025_01,B_일괄말소제외,수영장,성동구,2,2.0,책자 업소목록 소재지 구 토큰 계수
2025_01,B_일괄말소제외,수영장,광진구,7,7.0,책자 업소목록 소재지 구 토큰 계수
2025_01,B_일괄말소제외,수영장,동대문구,5,5.0,책자 업소목록 소재지 구 토큰 계수
2025_01,B_일괄말소제외,수영장,중랑구,2,2.0,책자 업소목록 소재지 구 토큰 계수
2025_01,B_일괄말소제외,수영장,성북구,6,6.0,책자 업소목록 소재지 구 토큰 계수
2025_01,B_일괄말소제외,수영장,강북구,1,0.0,책자 업소목록 소재지 구 토큰 계수
2025_01,B_일괄말소제외,수영장,도봉구,3,2.0,책자 업소목록 소재지 구 토큰 계수
2025_01,B_일괄말소제외,수영장,노원구,6,6.0,책자 업소목록 소재지 구 토큰 계수
2025_01,B_일괄말소제외,수영장,은평구,7,7.0,책자 업소목록 소재지 구 토큰 계수
2025_01,B_일괄말소제외,수영장,서대문구,3,3.0,책자 업소목록 소재지 구 토큰 계수
2025_01,B_일괄말소제외,수영장,마포구,4,4.0,책자 업소목록 소재지 구 토큰 계수
2025_01,B_일괄말소제외,수영장,양천구,15,14.0,책자 업소목록 소재지 구 토큰 계수
2025_01,B_일괄말소제외,수영장,강서구,10,7.0,책자 업소목록 소재지 구 토큰 계수
2025_01,B_일괄말소제외,수영장,구로구,3,3.0,책자 업소목록 소재지 구 토큰 계수
2025_01,B_일괄말소제외,수영장,금천구,1,1.0,책자 업소목록 소재지 구 토큰 계수
2025_01,B_일괄말소제외,수영장,영등포구,4,4.0,책자 업소목록 소재지 구 토큰 계수
2025_01,B_일괄말소제외,수영장,동작구,2,2.0,책자 업소목록 소재지 구 토큰 계수
2025_01,B_일괄말소제외,수영장,관악구,4,4.0,책자 업소목록 소재지 구 토큰 계수
2025_01,B_일괄말소제외,수영장,서초구,12,11.0,책자 업소목록 소재지 구 토큰 계수
2025_01,B_일괄말소제외,수영장,강남구,12,11.0,책자 업소목록 소재지 구 토큰 계수
2025_01,B_일괄말소제외,수영장,송파구,15,14.0,책자 업소목록 소재지 구 토큰 계수
2025_01,B_일괄말소제외,수영장,강동구,6,6.0,책자 업소목록 소재지 구 토큰 계수
2025_01,B_일괄말소제외,종합체육시설,종로구,7,7.0,책자 업소목록 소재지 구 토큰 계수
2025_01,B_일괄말소제외,종합체육시설,중구,10,9.0,책자 업소목록 소재지 구 토큰 계수
2025_01,B_일괄말소제외,종합체육시설,용산구,4,4.0,책자 업소목록 소재지 구 토큰 계수
2025_01,B_일괄말소제외,종합체육시설,성동구,0,0.0,책자 업소목록 소재지 구 토큰 계수
2025_01,B_일괄말소제외,종합체육시설,광진구,5,2.0,책자 업소목록 소재지 구 토큰 계수
2025_01,B_일괄말소제외,종합체육시설,동대문구,2,2.0,책자 업소목록 소재지 구 토큰 계수
2025_01,B_일괄말소제외,종합체육시설,중랑구,2,2.0,책자 업소목록 소재지 구 토큰 계수
2025_01,B_일괄말소제외,종합체육시설,성북구,2,2.0,책자 업소목록 소재지 구 토큰 계수
2025_01,B_일괄말소제외,종합체육시설,강북구,2,1.0,책자 업소목록 소재지 구 토큰 계수
2025_01,B_일괄말소제외,종합체육시설,도봉구,1,1.0,책자 업소목록 소재지 구 토큰 계수
2025_01,B_일괄말소제외,종합체육시설,노원구,0,0.0,책자 업소목록 소재지 구 토큰 계수
2025_01,B_일괄말소제외,종합체육시설,은평구,2,1.0,책자 업소목록 소재지 구 토큰 계수
2025_01,B_일괄말소제외,종합체육시설,서대문구,3,3.0,책자 업소목록 소재지 구 토큰 계수
2025_01,B_일괄말소제외,종합체육시설,마포구,4,3.0,책자 업소목록 소재지 구 토큰 계수
2025_01,B_일괄말소제외,종합체육시설,양천구,4,3.0,책자 업소목록 소재지 구 토큰 계수
2025_01,B_일괄말소제외,종합체육시설,강서구,3,3.0,책자 업소목록 소재지 구 토큰 계수
2025_01,B_일괄말소제외,종합체육시설,구로구,1,1.0,책자 업소목록 소재지 구 토큰 계수
2025_01,B_일괄말소제외,종합체육시설,금천구,0,0.0,책자 업소목록 소재지 구 토큰 계수
2025_01,B_일괄말소제외,종합체육시설,영등포구,5,5.0,책자 업소목록 소재지 구 토큰 계수
2025_01,B_일괄말소제외,종합체육시설,동작구,1,1.0,책자 업소목록 소재지 구 토큰 계수
2025_01,B_일괄말소제외,종합체육시설,관악구,1,1.0,책자 업소목록 소재지 구 토큰 계수
2025_01,B_일괄말소제외,종합체육시설,서초구,16,16.0,책자 업소목록 소재지 구 토큰 계수
2025_01,B_일괄말소제외,종합체육시설,강남구,26,24.0,책자 업소목록 소재지 구 토큰 계수
2025_01,B_일괄말소제외,종합체육시설,송파구,7,7.0,책자 업소목록 소재지 구 토큰 계수
2025_01,B_일괄말소제외,종합체육시설,강동구,1,1.0,책자 업소목록 소재지 구 토큰 계수
2025_01,B_일괄말소제외,빙상장,종로구,0,0.0,책자 업소목록 소재지 구 토큰 계수
2025_01,B_일괄말소제외,빙상장,중구,2,1.0,책자 업소목록 소재지 구 토큰 계수
2025_01,B_일괄말소제외,빙상장,용산구,0,0.0,책자 업소목록 소재지 구 토큰 계수
2025_01,B_일괄말소제외,빙상장,성동구,1,1.0,책자 업소목록 소재지 구 토큰 계수
2025_01,B_일괄말소제외,빙상장,광진구,0,0.0,책자 업소목록 소재지 구 토큰 계수
2025_01,B_일괄말소제외,빙상장,동대문구,0,0.0,책자 업소목록 소재지 구 토큰 계수
2025_01,B_일괄말소제외,빙상장,중랑구,0,0.0,책자 업소목록 소재지 구 토큰 계수
2025_01,B_일괄말소제외,빙상장,성북구,1,1.0,책자 업소목록 소재지 구 토큰 계수
2025_01,B_일괄말소제외,빙상장,강북구,0,0.0,책자 업소목록 소재지 구 토큰 계수
2025_01,B_일괄말소제외,빙상장,도봉구,0,0.0,책자 업소목록 소재지 구 토큰 계수
2025_01,B_일괄말소제외,빙상장,노원구,2,2.0,책자 업소목록 소재지 구 토큰 계수
2025_01,B_일괄말소제외,빙상장,은평구,0,0.0,책자 업소목록 소재지 구 토큰 계수
2025_01,B_일괄말소제외,빙상장,서대문구,1,1.0,책자 업소목록 소재지 구 토큰 계수
2025_01,B_일괄말소제외,빙상장,마포구,1,1.0,책자 업소목록 소재지 구 토큰 계수
2025_01,B_일괄말소제외,빙상장,양천구,4,4.0,책자 업소목록 소재지 구 토큰 계수
2025_01,B_일괄말소제외,빙상장,강서구,1,1.0,책자 업소목록 소재지 구 토큰 계수
2025_01,B_일괄말소제외,빙상장,구로구,2,2.0,책자 업소목록 소재지 구 토큰 계수
2025_01,B_일괄말소제외,빙상장,금천구,0,0.0,책자 업소목록 소재지 구 토큰 계수
2025_01,B_일괄말소제외,빙상장,영등포구,1,1.0,책자 업소목록 소재지 구 토큰 계수
2025_01,B_일괄말소제외,빙상장,동작구,0,0.0,책자 업소목록 소재지 구 토큰 계수
2025_01,B_일괄말소제외,빙상장,관악구,0,0.0,책자 업소목록 소재지 구 토큰 계수
2025_01,B_일괄말소제외,빙상장,서초구,3,3.0,책자 업소목록 소재지 구 토큰 계수
2025_01,B_일괄말소제외,빙상장,강남구,2,2.0,책자 업소목록 소재지 구 토큰 계수
2025_01,B_일괄말소제외,빙상장,송파구,2,2.0,책자 업소목록 소재지 구 토큰 계수
2025_01,B_일괄말소제외,빙상장,강동구,0,0.0,책자 업소목록 소재지 구 토큰 계수
2025_01,B_일괄말소제외,7업종합계,종로구,208,207.0,혼합(구별표+목록계수)
2025_01,B_일괄말소제외,7업종합계,중구,470,230.0,혼합(구별표+목록계수)
2025_01,B_일괄말소제외,7업종합계,용산구,185,179.0,혼합(구별표+목록계수)
2025_01,B_일괄말소제외,7업종합계,성동구,291,295.0,혼합(구별표+목록계수)
2025_01,B_일괄말소제외,7업종합계,광진구,374,320.0,혼합(구별표+목록계수)
2025_01,B_일괄말소제외,7업종합계,동대문구,343,324.0,혼합(구별표+목록계수)
2025_01,B_일괄말소제외,7업종합계,중랑구,318,310.0,혼합(구별표+목록계수)
2025_01,B_일괄말소제외,7업종합계,성북구,423,440.0,혼합(구별표+목록계수)
2025_01,B_일괄말소제외,7업종합계,강북구,250,241.0,혼합(구별표+목록계수)
2025_01,B_일괄말소제외,7업종합계,도봉구,354,307.0,혼합(구별표+목록계수)
2025_01,B_일괄말소제외,7업종합계,노원구,467,454.0,혼합(구별표+목록계수)
2025_01,B_일괄말소제외,7업종합계,은평구,384,372.0,혼합(구별표+목록계수)
2025_01,B_일괄말소제외,7업종합계,서대문구,258,257.0,혼합(구별표+목록계수)
2025_01,B_일괄말소제외,7업종합계,마포구,435,373.0,혼합(구별표+목록계수)
2025_01,B_일괄말소제외,7업종합계,양천구,484,392.0,혼합(구별표+목록계수)
2025_01,B_일괄말소제외,7업종합계,강서구,656,648.0,혼합(구별표+목록계수)
2025_01,B_일괄말소제외,7업종합계,구로구,360,343.0,혼합(구별표+목록계수)
2025_01,B_일괄말소제외,7업종합계,금천구,280,271.0,혼합(구별표+목록계수)
2025_01,B_일괄말소제외,7업종합계,영등포구,478,507.0,혼합(구별표+목록계수)
2025_01,B_일괄말소제외,7업종합계,동작구,311,309.0,혼합(구별표+목록계수)
2025_01,B_일괄말소제외,7업종합계,관악구,412,408.0,혼합(구별표+목록계수)
2025_01,B_일괄말소제외,7업종합계,서초구,873,895.0,혼합(구별표+목록계수)
2025_01,B_일괄말소제외,7업종합계,강남구,1238,1199.0,혼합(구별표+목록계수)
2025_01,B_일괄말소제외,7업종합계,송파구,780,774.0,혼합(구별표+목록계수)
2025_01,B_일괄말소제외,7업종합계,강동구,475,456.0,혼합(구별표+목록계수)
2025_01,C_취소말소상태전체제외,당구장,종로구,84,82.0,책자 구별표
2025_01,C_취소말소상태전체제외,당구장,중구,203,81.0,책자 구별표
2025_01,C_취소말소상태전체제외,당구장,용산구,34,32.0,책자 구별표
2025_01,C_취소말소상태전체제외,당구장,성동구,71,71.0,책자 구별표
2025_01,C_취소말소상태전체제외,당구장,광진구,93,91.0,책자 구별표
2025_01,C_취소말소상태전체제외,당구장,동대문구,80,86.0,책자 구별표
2025_01,C_취소말소상태전체제외,당구장,중랑구,110,107.0,책자 구별표
2025_01,C_취소말소상태전체제외,당구장,성북구,128,131.0,책자 구별표
2025_01,C_취소말소상태전체제외,당구장,강북구,100,95.0,책자 구별표
2025_01,C_취소말소상태전체제외,당구장,도봉구,133,131.0,책자 구별표
2025_01,C_취소말소상태전체제외,당구장,노원구,113,109.0,책자 구별표
2025_01,C_취소말소상태전체제외,당구장,은평구,75,95.0,책자 구별표
2025_01,C_취소말소상태전체제외,당구장,서대문구,62,61.0,책자 구별표
2025_01,C_취소말소상태전체제외,당구장,마포구,90,69.0,책자 구별표
2025_01,C_취소말소상태전체제외,당구장,양천구,90,88.0,책자 구별표
2025_01,C_취소말소상태전체제외,당구장,강서구,121,122.0,책자 구별표
2025_01,C_취소말소상태전체제외,당구장,구로구,89,85.0,책자 구별표
2025_01,C_취소말소상태전체제외,당구장,금천구,97,94.0,책자 구별표
2025_01,C_취소말소상태전체제외,당구장,영등포구,112,114.0,책자 구별표
2025_01,C_취소말소상태전체제외,당구장,동작구,78,78.0,책자 구별표
2025_01,C_취소말소상태전체제외,당구장,관악구,80,80.0,책자 구별표
2025_01,C_취소말소상태전체제외,당구장,서초구,210,211.0,책자 구별표
2025_01,C_취소말소상태전체제외,당구장,강남구,160,156.0,책자 구별표
2025_01,C_취소말소상태전체제외,당구장,송파구,133,139.0,책자 구별표
2025_01,C_취소말소상태전체제외,당구장,강동구,108,105.0,책자 구별표
2025_01,C_취소말소상태전체제외,체력단련장,종로구,73,79.0,책자 구별표
2025_01,C_취소말소상태전체제외,체력단련장,중구,132,73.0,책자 구별표
2025_01,C_취소말소상태전체제외,체력단련장,용산구,84,82.0,책자 구별표
2025_01,C_취소말소상태전체제외,체력단련장,성동구,110,114.0,책자 구별표
2025_01,C_취소말소상태전체제외,체력단련장,광진구,139,138.0,책자 구별표
2025_01,C_취소말소상태전체제외,체력단련장,동대문구,124,119.0,책자 구별표
2025_01,C_취소말소상태전체제외,체력단련장,중랑구,89,86.0,책자 구별표
2025_01,C_취소말소상태전체제외,체력단련장,성북구,116,130.0,책자 구별표
2025_01,C_취소말소상태전체제외,체력단련장,강북구,65,64.0,책자 구별표
2025_01,C_취소말소상태전체제외,체력단련장,도봉구,84,75.0,책자 구별표
2025_01,C_취소말소상태전체제외,체력단련장,노원구,137,136.0,책자 구별표
2025_01,C_취소말소상태전체제외,체력단련장,은평구,111,121.0,책자 구별표
2025_01,C_취소말소상태전체제외,체력단련장,서대문구,99,99.0,책자 구별표
2025_01,C_취소말소상태전체제외,체력단련장,마포구,195,186.0,책자 구별표
2025_01,C_취소말소상태전체제외,체력단련장,양천구,164,160.0,책자 구별표
2025_01,C_취소말소상태전체제외,체력단련장,강서구,265,262.0,책자 구별표
2025_01,C_취소말소상태전체제외,체력단련장,구로구,117,109.0,책자 구별표
2025_01,C_취소말소상태전체제외,체력단련장,금천구,84,82.0,책자 구별표
2025_01,C_취소말소상태전체제외,체력단련장,영등포구,180,208.0,책자 구별표
2025_01,C_취소말소상태전체제외,체력단련장,동작구,106,107.0,책자 구별표
2025_01,C_취소말소상태전체제외,체력단련장,관악구,184,180.0,책자 구별표
2025_01,C_취소말소상태전체제외,체력단련장,서초구,332,362.0,책자 구별표
2025_01,C_취소말소상태전체제외,체력단련장,강남구,552,529.0,책자 구별표
2025_01,C_취소말소상태전체제외,체력단련장,송파구,330,334.0,책자 구별표
2025_01,C_취소말소상태전체제외,체력단련장,강동구,156,152.0,책자 구별표
2025_01,C_취소말소상태전체제외,체육도장,종로구,24,22.0,책자 구별표
2025_01,C_취소말소상태전체제외,체육도장,중구,42,23.0,책자 구별표
2025_01,C_취소말소상태전체제외,체육도장,용산구,33,33.0,책자 구별표
2025_01,C_취소말소상태전체제외,체육도장,성동구,64,66.0,책자 구별표
2025_01,C_취소말소상태전체제외,체육도장,광진구,67,46.0,책자 구별표
2025_01,C_취소말소상태전체제외,체육도장,동대문구,80,79.0,책자 구별표
2025_01,C_취소말소상태전체제외,체육도장,중랑구,88,87.0,책자 구별표
2025_01,C_취소말소상태전체제외,체육도장,성북구,129,129.0,책자 구별표
2025_01,C_취소말소상태전체제외,체육도장,강북구,67,67.0,책자 구별표
2025_01,C_취소말소상태전체제외,체육도장,도봉구,99,83.0,책자 구별표
2025_01,C_취소말소상태전체제외,체육도장,노원구,147,144.0,책자 구별표
2025_01,C_취소말소상태전체제외,체육도장,은평구,113,114.0,책자 구별표
2025_01,C_취소말소상태전체제외,체육도장,서대문구,72,73.0,책자 구별표
2025_01,C_취소말소상태전체제외,체육도장,마포구,98,75.0,책자 구별표
2025_01,C_취소말소상태전체제외,체육도장,양천구,146,63.0,책자 구별표
2025_01,C_취소말소상태전체제외,체육도장,강서구,190,189.0,책자 구별표
2025_01,C_취소말소상태전체제외,체육도장,구로구,101,98.0,책자 구별표
2025_01,C_취소말소상태전체제외,체육도장,금천구,72,68.0,책자 구별표
2025_01,C_취소말소상태전체제외,체육도장,영등포구,96,99.0,책자 구별표
2025_01,C_취소말소상태전체제외,체육도장,동작구,89,87.0,책자 구별표
2025_01,C_취소말소상태전체제외,체육도장,관악구,100,100.0,책자 구별표
2025_01,C_취소말소상태전체제외,체육도장,서초구,145,142.0,책자 구별표
2025_01,C_취소말소상태전체제외,체육도장,강남구,173,169.0,책자 구별표
2025_01,C_취소말소상태전체제외,체육도장,송파구,162,155.0,책자 구별표
2025_01,C_취소말소상태전체제외,체육도장,강동구,142,138.0,책자 구별표
2025_01,C_취소말소상태전체제외,골프연습장,종로구,20,17.0,책자 업소목록 소재지 구 토큰 계수
2025_01,C_취소말소상태전체제외,골프연습장,중구,74,39.0,책자 업소목록 소재지 구 토큰 계수
2025_01,C_취소말소상태전체제외,골프연습장,용산구,26,24.0,책자 업소목록 소재지 구 토큰 계수
2025_01,C_취소말소상태전체제외,골프연습장,성동구,43,41.0,책자 업소목록 소재지 구 토큰 계수
2025_01,C_취소말소상태전체제외,골프연습장,광진구,42,36.0,책자 업소목록 소재지 구 토큰 계수
2025_01,C_취소말소상태전체제외,골프연습장,동대문구,36,33.0,책자 업소목록 소재지 구 토큰 계수
2025_01,C_취소말소상태전체제외,골프연습장,중랑구,27,26.0,책자 업소목록 소재지 구 토큰 계수
2025_01,C_취소말소상태전체제외,골프연습장,성북구,40,41.0,책자 업소목록 소재지 구 토큰 계수
2025_01,C_취소말소상태전체제외,골프연습장,강북구,15,14.0,책자 업소목록 소재지 구 토큰 계수
2025_01,C_취소말소상태전체제외,골프연습장,도봉구,34,15.0,책자 업소목록 소재지 구 토큰 계수
2025_01,C_취소말소상태전체제외,골프연습장,노원구,62,57.0,책자 업소목록 소재지 구 토큰 계수
2025_01,C_취소말소상태전체제외,골프연습장,은평구,30,34.0,책자 업소목록 소재지 구 토큰 계수
2025_01,C_취소말소상태전체제외,골프연습장,서대문구,18,17.0,책자 업소목록 소재지 구 토큰 계수
2025_01,C_취소말소상태전체제외,골프연습장,마포구,43,35.0,책자 업소목록 소재지 구 토큰 계수
2025_01,C_취소말소상태전체제외,골프연습장,양천구,61,60.0,책자 업소목록 소재지 구 토큰 계수
2025_01,C_취소말소상태전체제외,골프연습장,강서구,65,64.0,책자 업소목록 소재지 구 토큰 계수
2025_01,C_취소말소상태전체제외,골프연습장,구로구,47,45.0,책자 업소목록 소재지 구 토큰 계수
2025_01,C_취소말소상태전체제외,골프연습장,금천구,26,26.0,책자 업소목록 소재지 구 토큰 계수
2025_01,C_취소말소상태전체제외,골프연습장,영등포구,80,76.0,책자 업소목록 소재지 구 토큰 계수
2025_01,C_취소말소상태전체제외,골프연습장,동작구,35,34.0,책자 업소목록 소재지 구 토큰 계수
2025_01,C_취소말소상태전체제외,골프연습장,관악구,43,43.0,책자 업소목록 소재지 구 토큰 계수
2025_01,C_취소말소상태전체제외,골프연습장,서초구,154,150.0,책자 업소목록 소재지 구 토큰 계수
2025_01,C_취소말소상태전체제외,골프연습장,강남구,313,308.0,책자 업소목록 소재지 구 토큰 계수
2025_01,C_취소말소상태전체제외,골프연습장,송파구,121,123.0,책자 업소목록 소재지 구 토큰 계수
2025_01,C_취소말소상태전체제외,골프연습장,강동구,62,54.0,책자 업소목록 소재지 구 토큰 계수
2025_01,C_취소말소상태전체제외,수영장,종로구,0,0.0,책자 업소목록 소재지 구 토큰 계수
2025_01,C_취소말소상태전체제외,수영장,중구,7,4.0,책자 업소목록 소재지 구 토큰 계수
2025_01,C_취소말소상태전체제외,수영장,용산구,4,4.0,책자 업소목록 소재지 구 토큰 계수
2025_01,C_취소말소상태전체제외,수영장,성동구,2,2.0,책자 업소목록 소재지 구 토큰 계수
2025_01,C_취소말소상태전체제외,수영장,광진구,7,7.0,책자 업소목록 소재지 구 토큰 계수
2025_01,C_취소말소상태전체제외,수영장,동대문구,5,5.0,책자 업소목록 소재지 구 토큰 계수
2025_01,C_취소말소상태전체제외,수영장,중랑구,2,2.0,책자 업소목록 소재지 구 토큰 계수
2025_01,C_취소말소상태전체제외,수영장,성북구,6,6.0,책자 업소목록 소재지 구 토큰 계수
2025_01,C_취소말소상태전체제외,수영장,강북구,1,0.0,책자 업소목록 소재지 구 토큰 계수
2025_01,C_취소말소상태전체제외,수영장,도봉구,3,2.0,책자 업소목록 소재지 구 토큰 계수
2025_01,C_취소말소상태전체제외,수영장,노원구,6,6.0,책자 업소목록 소재지 구 토큰 계수
2025_01,C_취소말소상태전체제외,수영장,은평구,7,7.0,책자 업소목록 소재지 구 토큰 계수
2025_01,C_취소말소상태전체제외,수영장,서대문구,3,3.0,책자 업소목록 소재지 구 토큰 계수
2025_01,C_취소말소상태전체제외,수영장,마포구,4,4.0,책자 업소목록 소재지 구 토큰 계수
2025_01,C_취소말소상태전체제외,수영장,양천구,15,14.0,책자 업소목록 소재지 구 토큰 계수
2025_01,C_취소말소상태전체제외,수영장,강서구,10,7.0,책자 업소목록 소재지 구 토큰 계수
2025_01,C_취소말소상태전체제외,수영장,구로구,3,3.0,책자 업소목록 소재지 구 토큰 계수
2025_01,C_취소말소상태전체제외,수영장,금천구,1,1.0,책자 업소목록 소재지 구 토큰 계수
2025_01,C_취소말소상태전체제외,수영장,영등포구,4,4.0,책자 업소목록 소재지 구 토큰 계수
2025_01,C_취소말소상태전체제외,수영장,동작구,2,2.0,책자 업소목록 소재지 구 토큰 계수
2025_01,C_취소말소상태전체제외,수영장,관악구,4,4.0,책자 업소목록 소재지 구 토큰 계수
2025_01,C_취소말소상태전체제외,수영장,서초구,12,11.0,책자 업소목록 소재지 구 토큰 계수
2025_01,C_취소말소상태전체제외,수영장,강남구,12,11.0,책자 업소목록 소재지 구 토큰 계수
2025_01,C_취소말소상태전체제외,수영장,송파구,14,14.0,책자 업소목록 소재지 구 토큰 계수
2025_01,C_취소말소상태전체제외,수영장,강동구,6,6.0,책자 업소목록 소재지 구 토큰 계수
2025_01,C_취소말소상태전체제외,종합체육시설,종로구,7,7.0,책자 업소목록 소재지 구 토큰 계수
2025_01,C_취소말소상태전체제외,종합체육시설,중구,10,9.0,책자 업소목록 소재지 구 토큰 계수
2025_01,C_취소말소상태전체제외,종합체육시설,용산구,4,4.0,책자 업소목록 소재지 구 토큰 계수
2025_01,C_취소말소상태전체제외,종합체육시설,성동구,0,0.0,책자 업소목록 소재지 구 토큰 계수
2025_01,C_취소말소상태전체제외,종합체육시설,광진구,5,2.0,책자 업소목록 소재지 구 토큰 계수
2025_01,C_취소말소상태전체제외,종합체육시설,동대문구,2,2.0,책자 업소목록 소재지 구 토큰 계수
2025_01,C_취소말소상태전체제외,종합체육시설,중랑구,2,2.0,책자 업소목록 소재지 구 토큰 계수
2025_01,C_취소말소상태전체제외,종합체육시설,성북구,2,2.0,책자 업소목록 소재지 구 토큰 계수
2025_01,C_취소말소상태전체제외,종합체육시설,강북구,2,1.0,책자 업소목록 소재지 구 토큰 계수
2025_01,C_취소말소상태전체제외,종합체육시설,도봉구,1,1.0,책자 업소목록 소재지 구 토큰 계수
2025_01,C_취소말소상태전체제외,종합체육시설,노원구,0,0.0,책자 업소목록 소재지 구 토큰 계수
2025_01,C_취소말소상태전체제외,종합체육시설,은평구,2,1.0,책자 업소목록 소재지 구 토큰 계수
2025_01,C_취소말소상태전체제외,종합체육시설,서대문구,3,3.0,책자 업소목록 소재지 구 토큰 계수
2025_01,C_취소말소상태전체제외,종합체육시설,마포구,4,3.0,책자 업소목록 소재지 구 토큰 계수
2025_01,C_취소말소상태전체제외,종합체육시설,양천구,4,3.0,책자 업소목록 소재지 구 토큰 계수
2025_01,C_취소말소상태전체제외,종합체육시설,강서구,3,3.0,책자 업소목록 소재지 구 토큰 계수
2025_01,C_취소말소상태전체제외,종합체육시설,구로구,1,1.0,책자 업소목록 소재지 구 토큰 계수
2025_01,C_취소말소상태전체제외,종합체육시설,금천구,0,0.0,책자 업소목록 소재지 구 토큰 계수
2025_01,C_취소말소상태전체제외,종합체육시설,영등포구,5,5.0,책자 업소목록 소재지 구 토큰 계수
2025_01,C_취소말소상태전체제외,종합체육시설,동작구,1,1.0,책자 업소목록 소재지 구 토큰 계수
2025_01,C_취소말소상태전체제외,종합체육시설,관악구,1,1.0,책자 업소목록 소재지 구 토큰 계수
2025_01,C_취소말소상태전체제외,종합체육시설,서초구,16,16.0,책자 업소목록 소재지 구 토큰 계수
2025_01,C_취소말소상태전체제외,종합체육시설,강남구,26,24.0,책자 업소목록 소재지 구 토큰 계수
2025_01,C_취소말소상태전체제외,종합체육시설,송파구,7,7.0,책자 업소목록 소재지 구 토큰 계수
2025_01,C_취소말소상태전체제외,종합체육시설,강동구,1,1.0,책자 업소목록 소재지 구 토큰 계수
2025_01,C_취소말소상태전체제외,빙상장,종로구,0,0.0,책자 업소목록 소재지 구 토큰 계수
2025_01,C_취소말소상태전체제외,빙상장,중구,2,1.0,책자 업소목록 소재지 구 토큰 계수
2025_01,C_취소말소상태전체제외,빙상장,용산구,0,0.0,책자 업소목록 소재지 구 토큰 계수
2025_01,C_취소말소상태전체제외,빙상장,성동구,1,1.0,책자 업소목록 소재지 구 토큰 계수
2025_01,C_취소말소상태전체제외,빙상장,광진구,0,0.0,책자 업소목록 소재지 구 토큰 계수
2025_01,C_취소말소상태전체제외,빙상장,동대문구,0,0.0,책자 업소목록 소재지 구 토큰 계수
2025_01,C_취소말소상태전체제외,빙상장,중랑구,0,0.0,책자 업소목록 소재지 구 토큰 계수
2025_01,C_취소말소상태전체제외,빙상장,성북구,1,1.0,책자 업소목록 소재지 구 토큰 계수
2025_01,C_취소말소상태전체제외,빙상장,강북구,0,0.0,책자 업소목록 소재지 구 토큰 계수
2025_01,C_취소말소상태전체제외,빙상장,도봉구,0,0.0,책자 업소목록 소재지 구 토큰 계수
2025_01,C_취소말소상태전체제외,빙상장,노원구,2,2.0,책자 업소목록 소재지 구 토큰 계수
2025_01,C_취소말소상태전체제외,빙상장,은평구,0,0.0,책자 업소목록 소재지 구 토큰 계수
2025_01,C_취소말소상태전체제외,빙상장,서대문구,1,1.0,책자 업소목록 소재지 구 토큰 계수
2025_01,C_취소말소상태전체제외,빙상장,마포구,1,1.0,책자 업소목록 소재지 구 토큰 계수
2025_01,C_취소말소상태전체제외,빙상장,양천구,4,4.0,책자 업소목록 소재지 구 토큰 계수
2025_01,C_취소말소상태전체제외,빙상장,강서구,1,1.0,책자 업소목록 소재지 구 토큰 계수
2025_01,C_취소말소상태전체제외,빙상장,구로구,1,2.0,책자 업소목록 소재지 구 토큰 계수
2025_01,C_취소말소상태전체제외,빙상장,금천구,0,0.0,책자 업소목록 소재지 구 토큰 계수
2025_01,C_취소말소상태전체제외,빙상장,영등포구,1,1.0,책자 업소목록 소재지 구 토큰 계수
2025_01,C_취소말소상태전체제외,빙상장,동작구,0,0.0,책자 업소목록 소재지 구 토큰 계수
2025_01,C_취소말소상태전체제외,빙상장,관악구,0,0.0,책자 업소목록 소재지 구 토큰 계수
2025_01,C_취소말소상태전체제외,빙상장,서초구,3,3.0,책자 업소목록 소재지 구 토큰 계수
2025_01,C_취소말소상태전체제외,빙상장,강남구,2,2.0,책자 업소목록 소재지 구 토큰 계수
2025_01,C_취소말소상태전체제외,빙상장,송파구,2,2.0,책자 업소목록 소재지 구 토큰 계수
2025_01,C_취소말소상태전체제외,빙상장,강동구,0,0.0,책자 업소목록 소재지 구 토큰 계수
2025_01,C_취소말소상태전체제외,7업종합계,종로구,208,207.0,혼합(구별표+목록계수)
2025_01,C_취소말소상태전체제외,7업종합계,중구,470,230.0,혼합(구별표+목록계수)
2025_01,C_취소말소상태전체제외,7업종합계,용산구,185,179.0,혼합(구별표+목록계수)
2025_01,C_취소말소상태전체제외,7업종합계,성동구,291,295.0,혼합(구별표+목록계수)
2025_01,C_취소말소상태전체제외,7업종합계,광진구,353,320.0,혼합(구별표+목록계수)
2025_01,C_취소말소상태전체제외,7업종합계,동대문구,327,324.0,혼합(구별표+목록계수)
2025_01,C_취소말소상태전체제외,7업종합계,중랑구,318,310.0,혼합(구별표+목록계수)
2025_01,C_취소말소상태전체제외,7업종합계,성북구,422,440.0,혼합(구별표+목록계수)
2025_01,C_취소말소상태전체제외,7업종합계,강북구,250,241.0,혼합(구별표+목록계수)
2025_01,C_취소말소상태전체제외,7업종합계,도봉구,354,307.0,혼합(구별표+목록계수)
2025_01,C_취소말소상태전체제외,7업종합계,노원구,467,454.0,혼합(구별표+목록계수)
2025_01,C_취소말소상태전체제외,7업종합계,은평구,338,372.0,혼합(구별표+목록계수)
2025_01,C_취소말소상태전체제외,7업종합계,서대문구,258,257.0,혼합(구별표+목록계수)
2025_01,C_취소말소상태전체제외,7업종합계,마포구,435,373.0,혼합(구별표+목록계수)
2025_01,C_취소말소상태전체제외,7업종합계,양천구,484,392.0,혼합(구별표+목록계수)
2025_01,C_취소말소상태전체제외,7업종합계,강서구,655,648.0,혼합(구별표+목록계수)
2025_01,C_취소말소상태전체제외,7업종합계,구로구,359,343.0,혼합(구별표+목록계수)
2025_01,C_취소말소상태전체제외,7업종합계,금천구,280,271.0,혼합(구별표+목록계수)
2025_01,C_취소말소상태전체제외,7업종합계,영등포구,478,507.0,혼합(구별표+목록계수)
2025_01,C_취소말소상태전체제외,7업종합계,동작구,311,309.0,혼합(구별표+목록계수)
2025_01,C_취소말소상태전체제외,7업종합계,관악구,412,408.0,혼합(구별표+목록계수)
2025_01,C_취소말소상태전체제외,7업종합계,서초구,872,895.0,혼합(구별표+목록계수)
2025_01,C_취소말소상태전체제외,7업종합계,강남구,1238,1199.0,혼합(구별표+목록계수)
2025_01,C_취소말소상태전체제외,7업종합계,송파구,769,774.0,혼합(구별표+목록계수)
2025_01,C_취소말소상태전체제외,7업종합계,강동구,475,456.0,혼합(구별표+목록계수)
