level,snapshot,official_date,kind,ours,official,diff,diff_pct,source,gu
서울,2020_01,2019-12-31,종합병원,58,57,1,1.75,보건복지부_병원 및 의원 수_의료기관 종류별_시도별_20241231 (data.go.kr 15127855),
서울,2020_01,2019-12-31,병원,226,228,-2,-0.88,보건복지부_병원 및 의원 수_의료기관 종류별_시도별_20241231 (data.go.kr 15127855),
서울,2020_01,2019-12-31,요양병원,109,123,-14,-11.38,보건복지부_병원 및 의원 수_의료기관 종류별_시도별_20241231 (data.go.kr 15127855),
서울,2020_01,2019-12-31,정신병원,14,1,13,1300.0,보건복지부_병원 및 의원 수_의료기관 종류별_시도별_20241231 (data.go.kr 15127855),
서울,2020_01,2019-12-31,치과병원,65,65,0,0.0,보건복지부_병원 및 의원 수_의료기관 종류별_시도별_20241231 (data.go.kr 15127855),
서울,2020_01,2019-12-31,한방병원,54,53,1,1.89,보건복지부_병원 및 의원 수_의료기관 종류별_시도별_20241231 (data.go.kr 15127855),
서울,2020_01,2019-12-31,요양+정신,123,124,-1,-0.81,보건복지부_병원 및 의원 수_의료기관 종류별_시도별_20241231 (data.go.kr 15127855),
서울,2020_01,2019-12-31,합계,526,527,-1,-0.19,보건복지부_병원 및 의원 수_의료기관 종류별_시도별_20241231 (data.go.kr 15127855),
서울,2025_01,2024-12-31,종합병원,58,58,0,0.0,보건복지부_병원 및 의원 수_의료기관 종류별_시도별_20241231 (data.go.kr 15127855),
서울,2025_01,2024-12-31,병원,229,225,4,1.78,보건복지부_병원 및 의원 수_의료기관 종류별_시도별_20241231 (data.go.kr 15127855),
서울,2025_01,2024-12-31,요양병원,102,107,-5,-4.67,보건복지부_병원 및 의원 수_의료기관 종류별_시도별_20241231 (data.go.kr 15127855),
서울,2025_01,2024-12-31,정신병원,13,13,0,0.0,보건복지부_병원 및 의원 수_의료기관 종류별_시도별_20241231 (data.go.kr 15127855),
서울,2025_01,2024-12-31,치과병원,57,56,1,1.79,보건복지부_병원 및 의원 수_의료기관 종류별_시도별_20241231 (data.go.kr 15127855),
서울,2025_01,2024-12-31,한방병원,89,89,0,0.0,보건복지부_병원 및 의원 수_의료기관 종류별_시도별_20241231 (data.go.kr 15127855),
서울,2025_01,2024-12-31,요양+정신,115,120,-5,-4.17,보건복지부_병원 및 의원 수_의료기관 종류별_시도별_20241231 (data.go.kr 15127855),
서울,2025_01,2024-12-31,합계,548,548,0,0.0,보건복지부_병원 및 의원 수_의료기관 종류별_시도별_20241231 (data.go.kr 15127855),
구:직접,2025_01,2024-12-31,병원급 전체,66,65,1,1.5,심평원 요양기관개설현황 2024.12판 (data.go.kr 15051057),강남구
구:직접,2025_01,2024-12-31,병원급 전체,36,35,1,2.9,심평원 요양기관개설현황 2024.12판 (data.go.kr 15051057),강동구
구:직접,2025_01,2024-12-31,병원급 전체,16,16,0,0.0,심평원 요양기관개설현황 2024.12판 (data.go.kr 15051057),강북구
구:직접,2025_01,2024-12-31,병원급 전체,40,40,0,0.0,심평원 요양기관개설현황 2024.12판 (data.go.kr 15051057),강서구
구:직접,2025_01,2024-12-31,병원급 전체,18,18,0,0.0,심평원 요양기관개설현황 2024.12판 (data.go.kr 15051057),관악구
구:직접,2025_01,2024-12-31,병원급 전체,13,13,0,0.0,심평원 요양기관개설현황 2024.12판 (data.go.kr 15051057),광진구
구:직접,2025_01,2024-12-31,병원급 전체,22,21,1,4.8,심평원 요양기관개설현황 2024.12판 (data.go.kr 15051057),구로구
구:직접,2025_01,2024-12-31,병원급 전체,14,14,0,0.0,심평원 요양기관개설현황 2024.12판 (data.go.kr 15051057),금천구
구:직접,2025_01,2024-12-31,병원급 전체,22,22,0,0.0,심평원 요양기관개설현황 2024.12판 (data.go.kr 15051057),노원구
구:직접,2025_01,2024-12-31,병원급 전체,18,18,0,0.0,심평원 요양기관개설현황 2024.12판 (data.go.kr 15051057),도봉구
구:직접,2025_01,2024-12-31,병원급 전체,32,32,0,0.0,심평원 요양기관개설현황 2024.12판 (data.go.kr 15051057),동대문구
구:직접,2025_01,2024-12-31,병원급 전체,12,12,0,0.0,심평원 요양기관개설현황 2024.12판 (data.go.kr 15051057),동작구
구:직접,2025_01,2024-12-31,병원급 전체,14,14,0,0.0,심평원 요양기관개설현황 2024.12판 (data.go.kr 15051057),마포구
구:직접,2025_01,2024-12-31,병원급 전체,15,15,0,0.0,심평원 요양기관개설현황 2024.12판 (data.go.kr 15051057),서대문구
구:직접,2025_01,2024-12-31,병원급 전체,31,30,1,3.3,심평원 요양기관개설현황 2024.12판 (data.go.kr 15051057),서초구
구:직접,2025_01,2024-12-31,병원급 전체,10,10,0,0.0,심평원 요양기관개설현황 2024.12판 (data.go.kr 15051057),성동구
구:직접,2025_01,2024-12-31,병원급 전체,17,17,0,0.0,심평원 요양기관개설현황 2024.12판 (data.go.kr 15051057),성북구
구:직접,2025_01,2024-12-31,병원급 전체,43,44,-1,-2.3,심평원 요양기관개설현황 2024.12판 (data.go.kr 15051057),송파구
구:직접,2025_01,2024-12-31,병원급 전체,17,17,0,0.0,심평원 요양기관개설현황 2024.12판 (data.go.kr 15051057),양천구
구:직접,2025_01,2024-12-31,병원급 전체,30,30,0,0.0,심평원 요양기관개설현황 2024.12판 (data.go.kr 15051057),영등포구
구:직접,2025_01,2024-12-31,병원급 전체,2,2,0,0.0,심평원 요양기관개설현황 2024.12판 (data.go.kr 15051057),용산구
구:직접,2025_01,2024-12-31,병원급 전체,21,21,0,0.0,심평원 요양기관개설현황 2024.12판 (data.go.kr 15051057),은평구
구:직접,2025_01,2024-12-31,병원급 전체,11,10,1,10.0,심평원 요양기관개설현황 2024.12판 (data.go.kr 15051057),종로구
구:직접,2025_01,2024-12-31,병원급 전체,9,9,0,0.0,심평원 요양기관개설현황 2024.12판 (data.go.kr 15051057),중구
구:직접,2025_01,2024-12-31,병원급 전체,19,20,-1,-5.0,심평원 요양기관개설현황 2024.12판 (data.go.kr 15051057),중랑구
구:생존맞춤,2020_01,2021-12-31,병원급 전체,62,63,-1,-1.6,심평원 요양기관개설현황 2021.12판 개설일자≤2019-12-31 (data.go.kr 15051057),강남구
구:생존맞춤,2020_01,2021-12-31,병원급 전체,30,30,0,0.0,심평원 요양기관개설현황 2021.12판 개설일자≤2019-12-31 (data.go.kr 15051057),강동구
구:생존맞춤,2020_01,2021-12-31,병원급 전체,14,14,0,0.0,심평원 요양기관개설현황 2021.12판 개설일자≤2019-12-31 (data.go.kr 15051057),강북구
구:생존맞춤,2020_01,2021-12-31,병원급 전체,32,32,0,0.0,심평원 요양기관개설현황 2021.12판 개설일자≤2019-12-31 (data.go.kr 15051057),강서구
구:생존맞춤,2020_01,2021-12-31,병원급 전체,17,17,0,0.0,심평원 요양기관개설현황 2021.12판 개설일자≤2019-12-31 (data.go.kr 15051057),관악구
구:생존맞춤,2020_01,2021-12-31,병원급 전체,11,11,0,0.0,심평원 요양기관개설현황 2021.12판 개설일자≤2019-12-31 (data.go.kr 15051057),광진구
구:생존맞춤,2020_01,2021-12-31,병원급 전체,20,20,0,0.0,심평원 요양기관개설현황 2021.12판 개설일자≤2019-12-31 (data.go.kr 15051057),구로구
구:생존맞춤,2020_01,2021-12-31,병원급 전체,13,13,0,0.0,심평원 요양기관개설현황 2021.12판 개설일자≤2019-12-31 (data.go.kr 15051057),금천구
구:생존맞춤,2020_01,2021-12-31,병원급 전체,19,19,0,0.0,심평원 요양기관개설현황 2021.12판 개설일자≤2019-12-31 (data.go.kr 15051057),노원구
구:생존맞춤,2020_01,2021-12-31,병원급 전체,18,18,0,0.0,심평원 요양기관개설현황 2021.12판 개설일자≤2019-12-31 (data.go.kr 15051057),도봉구
구:생존맞춤,2020_01,2021-12-31,병원급 전체,29,29,0,0.0,심평원 요양기관개설현황 2021.12판 개설일자≤2019-12-31 (data.go.kr 15051057),동대문구
구:생존맞춤,2020_01,2021-12-31,병원급 전체,13,13,0,0.0,심평원 요양기관개설현황 2021.12판 개설일자≤2019-12-31 (data.go.kr 15051057),동작구
구:생존맞춤,2020_01,2021-12-31,병원급 전체,9,9,0,0.0,심평원 요양기관개설현황 2021.12판 개설일자≤2019-12-31 (data.go.kr 15051057),마포구
구:생존맞춤,2020_01,2021-12-31,병원급 전체,13,13,0,0.0,심평원 요양기관개설현황 2021.12판 개설일자≤2019-12-31 (data.go.kr 15051057),서대문구
구:생존맞춤,2020_01,2021-12-31,병원급 전체,27,26,1,3.8,심평원 요양기관개설현황 2021.12판 개설일자≤2019-12-31 (data.go.kr 15051057),서초구
구:생존맞춤,2020_01,2021-12-31,병원급 전체,10,11,-1,-9.1,심평원 요양기관개설현황 2021.12판 개설일자≤2019-12-31 (data.go.kr 15051057),성동구
구:생존맞춤,2020_01,2021-12-31,병원급 전체,15,15,0,0.0,심평원 요양기관개설현황 2021.12판 개설일자≤2019-12-31 (data.go.kr 15051057),성북구
구:생존맞춤,2020_01,2021-12-31,병원급 전체,35,36,-1,-2.8,심평원 요양기관개설현황 2021.12판 개설일자≤2019-12-31 (data.go.kr 15051057),송파구
구:생존맞춤,2020_01,2021-12-31,병원급 전체,16,16,0,0.0,심평원 요양기관개설현황 2021.12판 개설일자≤2019-12-31 (data.go.kr 15051057),양천구
구:생존맞춤,2020_01,2021-12-31,병원급 전체,29,29,0,0.0,심평원 요양기관개설현황 2021.12판 개설일자≤2019-12-31 (data.go.kr 15051057),영등포구
구:생존맞춤,2020_01,2021-12-31,병원급 전체,3,3,0,0.0,심평원 요양기관개설현황 2021.12판 개설일자≤2019-12-31 (data.go.kr 15051057),용산구
구:생존맞춤,2020_01,2021-12-31,병원급 전체,21,21,0,0.0,심평원 요양기관개설현황 2021.12판 개설일자≤2019-12-31 (data.go.kr 15051057),은평구
구:생존맞춤,2020_01,2021-12-31,병원급 전체,8,8,0,0.0,심평원 요양기관개설현황 2021.12판 개설일자≤2019-12-31 (data.go.kr 15051057),종로구
구:생존맞춤,2020_01,2021-12-31,병원급 전체,12,12,0,0.0,심평원 요양기관개설현황 2021.12판 개설일자≤2019-12-31 (data.go.kr 15051057),중구
구:생존맞춤,2020_01,2021-12-31,병원급 전체,17,18,-1,-5.6,심평원 요양기관개설현황 2021.12판 개설일자≤2019-12-31 (data.go.kr 15051057),중랑구
