year,ref_date,level,key,built,official,diff,official_source
2019,2019-12-31,서울,계,424,424,0,SGIS 행정동 경계 2019_4Q = 행안부 하부행정기관 20190630판 동 집합(목표일 전후판 비교로 변동 없음 확인)
2019,2019-12-31,구,종로구,17,17,0,
2019,2019-12-31,구,중구,15,15,0,
2019,2019-12-31,구,용산구,16,16,0,
2019,2019-12-31,구,성동구,17,17,0,
2019,2019-12-31,구,광진구,15,15,0,
2019,2019-12-31,구,동대문구,14,14,0,
2019,2019-12-31,구,중랑구,16,16,0,
2019,2019-12-31,구,성북구,20,20,0,
2019,2019-12-31,구,강북구,13,13,0,
2019,2019-12-31,구,도봉구,14,14,0,
2019,2019-12-31,구,노원구,19,19,0,
2019,2019-12-31,구,은평구,16,16,0,
2019,2019-12-31,구,서대문구,14,14,0,
2019,2019-12-31,구,마포구,16,16,0,
2019,2019-12-31,구,양천구,18,18,0,
2019,2019-12-31,구,강서구,20,20,0,
2019,2019-12-31,구,구로구,15,15,0,
2019,2019-12-31,구,금천구,10,10,0,
2019,2019-12-31,구,영등포구,18,18,0,
2019,2019-12-31,구,동작구,15,15,0,
2019,2019-12-31,구,관악구,21,21,0,
2019,2019-12-31,구,서초구,18,18,0,
2019,2019-12-31,구,강남구,22,22,0,
2019,2019-12-31,구,송파구,27,27,0,
2019,2019-12-31,구,강동구,18,18,0,
2024,2024-12-31,서울,계,426,426,0,SGIS 행정동 경계 2025_2Q = 행안부 하부행정기관 20240731판 동 집합(목표일 전후판 비교로 변동 없음 확인)
2024,2024-12-31,구,종로구,17,17,0,
2024,2024-12-31,구,중구,15,15,0,
2024,2024-12-31,구,용산구,16,16,0,
2024,2024-12-31,구,성동구,17,17,0,
2024,2024-12-31,구,광진구,15,15,0,
2024,2024-12-31,구,동대문구,14,14,0,
2024,2024-12-31,구,중랑구,16,16,0,
2024,2024-12-31,구,성북구,20,20,0,
2024,2024-12-31,구,강북구,13,13,0,
2024,2024-12-31,구,도봉구,14,14,0,
2024,2024-12-31,구,노원구,19,19,0,
2024,2024-12-31,구,은평구,16,16,0,
2024,2024-12-31,구,서대문구,14,14,0,
2024,2024-12-31,구,마포구,16,16,0,
2024,2024-12-31,구,양천구,18,18,0,
2024,2024-12-31,구,강서구,20,20,0,
2024,2024-12-31,구,구로구,16,16,0,
2024,2024-12-31,구,금천구,10,10,0,
2024,2024-12-31,구,영등포구,18,18,0,
2024,2024-12-31,구,동작구,15,15,0,
2024,2024-12-31,구,관악구,21,21,0,
2024,2024-12-31,구,서초구,18,18,0,
2024,2024-12-31,구,강남구,22,22,0,
2024,2024-12-31,구,송파구,27,27,0,
2024,2024-12-31,구,강동구,19,19,0,
