level,snapshot,official_date,gu,ours,official,diff,diff_pct,source
서울,2020_01,2020-01-31,서울합계,866,817.0,49.0,6.0,국세청 사업자현황_100대 생활업종(동물병원) data.go.kr 15061118 (20210131판 전년동월 / 20241231판 당월)
구,2020_01,2020-01-31,종로구,11,6.0,5.0,83.3,국세청 사업자현황_100대 생활업종(동물병원) data.go.kr 15061118 (20210131판 전년동월 / 20241231판 당월)
구,2020_01,2020-01-31,중구,19,13.0,6.0,46.2,국세청 사업자현황_100대 생활업종(동물병원) data.go.kr 15061118 (20210131판 전년동월 / 20241231판 당월)
구,2020_01,2020-01-31,용산구,29,26.0,3.0,11.5,국세청 사업자현황_100대 생활업종(동물병원) data.go.kr 15061118 (20210131판 전년동월 / 20241231판 당월)
구,2020_01,2020-01-31,성동구,32,33.0,-1.0,-3.0,국세청 사업자현황_100대 생활업종(동물병원) data.go.kr 15061118 (20210131판 전년동월 / 20241231판 당월)
구,2020_01,2020-01-31,광진구,38,36.0,2.0,5.6,국세청 사업자현황_100대 생활업종(동물병원) data.go.kr 15061118 (20210131판 전년동월 / 20241231판 당월)
구,2020_01,2020-01-31,동대문구,26,26.0,0.0,0.0,국세청 사업자현황_100대 생활업종(동물병원) data.go.kr 15061118 (20210131판 전년동월 / 20241231판 당월)
구,2020_01,2020-01-31,중랑구,31,25.0,6.0,24.0,국세청 사업자현황_100대 생활업종(동물병원) data.go.kr 15061118 (20210131판 전년동월 / 20241231판 당월)
구,2020_01,2020-01-31,성북구,34,32.0,2.0,6.2,국세청 사업자현황_100대 생활업종(동물병원) data.go.kr 15061118 (20210131판 전년동월 / 20241231판 당월)
구,2020_01,2020-01-31,강북구,24,22.0,2.0,9.1,국세청 사업자현황_100대 생활업종(동물병원) data.go.kr 15061118 (20210131판 전년동월 / 20241231판 당월)
구,2020_01,2020-01-31,도봉구,22,22.0,0.0,0.0,국세청 사업자현황_100대 생활업종(동물병원) data.go.kr 15061118 (20210131판 전년동월 / 20241231판 당월)
구,2020_01,2020-01-31,노원구,40,37.0,3.0,8.1,국세청 사업자현황_100대 생활업종(동물병원) data.go.kr 15061118 (20210131판 전년동월 / 20241231판 당월)
구,2020_01,2020-01-31,은평구,37,31.0,6.0,19.4,국세청 사업자현황_100대 생활업종(동물병원) data.go.kr 15061118 (20210131판 전년동월 / 20241231판 당월)
구,2020_01,2020-01-31,서대문구,24,22.0,2.0,9.1,국세청 사업자현황_100대 생활업종(동물병원) data.go.kr 15061118 (20210131판 전년동월 / 20241231판 당월)
구,2020_01,2020-01-31,마포구,47,45.0,2.0,4.4,국세청 사업자현황_100대 생활업종(동물병원) data.go.kr 15061118 (20210131판 전년동월 / 20241231판 당월)
구,2020_01,2020-01-31,양천구,44,44.0,0.0,0.0,국세청 사업자현황_100대 생활업종(동물병원) data.go.kr 15061118 (20210131판 전년동월 / 20241231판 당월)
구,2020_01,2020-01-31,강서구,47,47.0,0.0,0.0,국세청 사업자현황_100대 생활업종(동물병원) data.go.kr 15061118 (20210131판 전년동월 / 20241231판 당월)
구,2020_01,2020-01-31,구로구,22,22.0,0.0,0.0,국세청 사업자현황_100대 생활업종(동물병원) data.go.kr 15061118 (20210131판 전년동월 / 20241231판 당월)
구,2020_01,2020-01-31,금천구,16,14.0,2.0,14.3,국세청 사업자현황_100대 생활업종(동물병원) data.go.kr 15061118 (20210131판 전년동월 / 20241231판 당월)
구,2020_01,2020-01-31,영등포구,30,29.0,1.0,3.4,국세청 사업자현황_100대 생활업종(동물병원) data.go.kr 15061118 (20210131판 전년동월 / 20241231판 당월)
구,2020_01,2020-01-31,동작구,23,23.0,0.0,0.0,국세청 사업자현황_100대 생활업종(동물병원) data.go.kr 15061118 (20210131판 전년동월 / 20241231판 당월)
구,2020_01,2020-01-31,관악구,29,30.0,-1.0,-3.3,국세청 사업자현황_100대 생활업종(동물병원) data.go.kr 15061118 (20210131판 전년동월 / 20241231판 당월)
구,2020_01,2020-01-31,서초구,52,50.0,2.0,4.0,국세청 사업자현황_100대 생활업종(동물병원) data.go.kr 15061118 (20210131판 전년동월 / 20241231판 당월)
구,2020_01,2020-01-31,강남구,78,74.0,4.0,5.4,국세청 사업자현황_100대 생활업종(동물병원) data.go.kr 15061118 (20210131판 전년동월 / 20241231판 당월)
구,2020_01,2020-01-31,송파구,64,66.0,-2.0,-3.0,국세청 사업자현황_100대 생활업종(동물병원) data.go.kr 15061118 (20210131판 전년동월 / 20241231판 당월)
구,2020_01,2020-01-31,강동구,47,42.0,5.0,11.9,국세청 사업자현황_100대 생활업종(동물병원) data.go.kr 15061118 (20210131판 전년동월 / 20241231판 당월)
서울,2025_01,2024-12-31,서울합계,937,915.0,22.0,2.4,국세청 사업자현황_100대 생활업종(동물병원) data.go.kr 15061118 (20210131판 전년동월 / 20241231판 당월)
구,2025_01,2024-12-31,종로구,14,9.0,5.0,55.6,국세청 사업자현황_100대 생활업종(동물병원) data.go.kr 15061118 (20210131판 전년동월 / 20241231판 당월)
구,2025_01,2024-12-31,중구,19,19.0,0.0,0.0,국세청 사업자현황_100대 생활업종(동물병원) data.go.kr 15061118 (20210131판 전년동월 / 20241231판 당월)
구,2025_01,2024-12-31,용산구,27,27.0,0.0,0.0,국세청 사업자현황_100대 생활업종(동물병원) data.go.kr 15061118 (20210131판 전년동월 / 20241231판 당월)
구,2025_01,2024-12-31,성동구,29,30.0,-1.0,-3.3,국세청 사업자현황_100대 생활업종(동물병원) data.go.kr 15061118 (20210131판 전년동월 / 20241231판 당월)
구,2025_01,2024-12-31,광진구,35,30.0,5.0,16.7,국세청 사업자현황_100대 생활업종(동물병원) data.go.kr 15061118 (20210131판 전년동월 / 20241231판 당월)
구,2025_01,2024-12-31,동대문구,30,31.0,-1.0,-3.2,국세청 사업자현황_100대 생활업종(동물병원) data.go.kr 15061118 (20210131판 전년동월 / 20241231판 당월)
구,2025_01,2024-12-31,중랑구,31,29.0,2.0,6.9,국세청 사업자현황_100대 생활업종(동물병원) data.go.kr 15061118 (20210131판 전년동월 / 20241231판 당월)
구,2025_01,2024-12-31,성북구,35,35.0,0.0,0.0,국세청 사업자현황_100대 생활업종(동물병원) data.go.kr 15061118 (20210131판 전년동월 / 20241231판 당월)
구,2025_01,2024-12-31,강북구,26,25.0,1.0,4.0,국세청 사업자현황_100대 생활업종(동물병원) data.go.kr 15061118 (20210131판 전년동월 / 20241231판 당월)
구,2025_01,2024-12-31,도봉구,26,26.0,0.0,0.0,국세청 사업자현황_100대 생활업종(동물병원) data.go.kr 15061118 (20210131판 전년동월 / 20241231판 당월)
구,2025_01,2024-12-31,노원구,44,46.0,-2.0,-4.3,국세청 사업자현황_100대 생활업종(동물병원) data.go.kr 15061118 (20210131판 전년동월 / 20241231판 당월)
구,2025_01,2024-12-31,은평구,44,41.0,3.0,7.3,국세청 사업자현황_100대 생활업종(동물병원) data.go.kr 15061118 (20210131판 전년동월 / 20241231판 당월)
구,2025_01,2024-12-31,서대문구,27,24.0,3.0,12.5,국세청 사업자현황_100대 생활업종(동물병원) data.go.kr 15061118 (20210131판 전년동월 / 20241231판 당월)
구,2025_01,2024-12-31,마포구,44,42.0,2.0,4.8,국세청 사업자현황_100대 생활업종(동물병원) data.go.kr 15061118 (20210131판 전년동월 / 20241231판 당월)
구,2025_01,2024-12-31,양천구,47,48.0,-1.0,-2.1,국세청 사업자현황_100대 생활업종(동물병원) data.go.kr 15061118 (20210131판 전년동월 / 20241231판 당월)
구,2025_01,2024-12-31,강서구,52,51.0,1.0,2.0,국세청 사업자현황_100대 생활업종(동물병원) data.go.kr 15061118 (20210131판 전년동월 / 20241231판 당월)
구,2025_01,2024-12-31,구로구,30,29.0,1.0,3.4,국세청 사업자현황_100대 생활업종(동물병원) data.go.kr 15061118 (20210131판 전년동월 / 20241231판 당월)
구,2025_01,2024-12-31,금천구,16,16.0,0.0,0.0,국세청 사업자현황_100대 생활업종(동물병원) data.go.kr 15061118 (20210131판 전년동월 / 20241231판 당월)
구,2025_01,2024-12-31,영등포구,36,36.0,0.0,0.0,국세청 사업자현황_100대 생활업종(동물병원) data.go.kr 15061118 (20210131판 전년동월 / 20241231판 당월)
구,2025_01,2024-12-31,동작구,20,20.0,0.0,0.0,국세청 사업자현황_100대 생활업종(동물병원) data.go.kr 15061118 (20210131판 전년동월 / 20241231판 당월)
구,2025_01,2024-12-31,관악구,27,27.0,0.0,0.0,국세청 사업자현황_100대 생활업종(동물병원) data.go.kr 15061118 (20210131판 전년동월 / 20241231판 당월)
구,2025_01,2024-12-31,서초구,54,53.0,1.0,1.9,국세청 사업자현황_100대 생활업종(동물병원) data.go.kr 15061118 (20210131판 전년동월 / 20241231판 당월)
구,2025_01,2024-12-31,강남구,90,89.0,1.0,1.1,국세청 사업자현황_100대 생활업종(동물병원) data.go.kr 15061118 (20210131판 전년동월 / 20241231판 당월)
구,2025_01,2024-12-31,송파구,79,79.0,0.0,0.0,국세청 사업자현황_100대 생활업종(동물병원) data.go.kr 15061118 (20210131판 전년동월 / 20241231판 당월)
구,2025_01,2024-12-31,강동구,55,53.0,2.0,3.8,국세청 사업자현황_100대 생활업종(동물병원) data.go.kr 15061118 (20210131판 전년동월 / 20241231판 당월)
