,n,n,분석가능,분석가능
year,2020,2025,2020,2025
시설,,,,
가족센터(자치구 본소),25,25,1.0,1.0
공공도서관,180,212,1.0,1.0
노인 이용시설,510,582,0.9784313725490196,1.0
노인 입소시설,535,499,0.9775700934579439,0.9899799599198397
대규모점포(주요4업태),145,145,0.993103448275862,0.993103448275862
등록공연장,379,452,0.9920844327176781,1.0
따릉이 대여소,1533,2766,0.9863013698630136,0.9985538684020245
목욕장업,890,676,0.9977528089887641,1.0
문화기반시설,412,476,0.9733009708737864,0.9852941176470589
미용업,27946,32349,0.9988549345165677,0.999629045720115
버스정류장,11260,11262,0.9984014209591474,0.9986680873734683
병원급,526,548,1.0,1.0
보건소·보건지소,50,63,1.0,1.0
산후조리원,133,117,1.0,1.0
세탁업,4631,3519,0.9958972144245304,0.9974424552429667
소방서·119안전센터,178,180,1.0,1.0
식료품소매(즉석판매·제과),16995,19873,0.9949396881435716,0.9977356211945856
약국,5186,5708,0.9996143463170073,1.0
어린이집,5877,4319,0.9955759741364641,0.9951377633711507
유치원,814,734,1.0,1.0
응급의료기관,68,71,1.0,1.0
의원,17373,18741,0.9994819547573821,0.9995197694893548
이용업,2685,2430,0.994413407821229,0.9958847736625515
일반음식점,122137,124255,0.9904942810123059,0.9948653977707135
일상소매,26494,29063,1.0,1.0
장애인 이용시설,215,220,0.9813953488372092,0.9863636363636363
주민센터,424,426,0.9834905660377359,1.0
주유소,497,427,0.9899396378269618,0.9929742388758782
지하철역,299,308,1.0,1.0
청소년수련시설,66,76,1.0,1.0
학교,1357,1359,1.0,1.0
휴게음식점,35519,37546,0.9896111940088403,0.9924892132317691
