snap,scope_flag,gu,n,coord_before,coord_after,rate_before,rate_after
2020_01,자치구본소,종로구,1,1,1,1.0,1.0
2020_01,자치구본소,중구,1,1,1,1.0,1.0
2020_01,자치구본소,용산구,1,1,1,1.0,1.0
2020_01,자치구본소,성동구,1,1,1,1.0,1.0
2020_01,자치구본소,광진구,1,1,1,1.0,1.0
2020_01,자치구본소,동대문구,1,1,1,1.0,1.0
2020_01,자치구본소,중랑구,1,1,1,1.0,1.0
2020_01,자치구본소,성북구,1,1,1,1.0,1.0
2020_01,자치구본소,강북구,1,1,1,1.0,1.0
2020_01,자치구본소,도봉구,1,1,1,1.0,1.0
2020_01,자치구본소,노원구,1,1,1,1.0,1.0
2020_01,자치구본소,은평구,1,1,1,1.0,1.0
2020_01,자치구본소,서대문구,1,1,1,1.0,1.0
2020_01,자치구본소,마포구,1,1,1,1.0,1.0
2020_01,자치구본소,양천구,1,1,1,1.0,1.0
2020_01,자치구본소,강서구,1,1,1,1.0,1.0
2020_01,자치구본소,구로구,1,1,1,1.0,1.0
2020_01,자치구본소,금천구,1,1,1,1.0,1.0
2020_01,자치구본소,영등포구,1,1,1,1.0,1.0
2020_01,자치구본소,동작구,1,1,1,1.0,1.0
2020_01,자치구본소,관악구,1,1,1,1.0,1.0
2020_01,자치구본소,서초구,1,1,1,1.0,1.0
2020_01,자치구본소,강남구,1,1,1,1.0,1.0
2020_01,자치구본소,송파구,1,1,1,1.0,1.0
2020_01,자치구본소,강동구,1,0,1,0.0,1.0
2020_01,광역·중앙,종로구,0,0,0,,
2020_01,광역·중앙,중구,1,1,1,1.0,1.0
2020_01,광역·중앙,용산구,0,0,0,,
2020_01,광역·중앙,성동구,0,0,0,,
2020_01,광역·중앙,광진구,0,0,0,,
2020_01,광역·중앙,동대문구,0,0,0,,
2020_01,광역·중앙,중랑구,0,0,0,,
2020_01,광역·중앙,성북구,0,0,0,,
2020_01,광역·중앙,강북구,0,0,0,,
2020_01,광역·중앙,도봉구,0,0,0,,
2020_01,광역·중앙,노원구,0,0,0,,
2020_01,광역·중앙,은평구,0,0,0,,
2020_01,광역·중앙,서대문구,0,0,0,,
2020_01,광역·중앙,마포구,0,0,0,,
2020_01,광역·중앙,양천구,0,0,0,,
2020_01,광역·중앙,강서구,0,0,0,,
2020_01,광역·중앙,구로구,0,0,0,,
2020_01,광역·중앙,금천구,0,0,0,,
2020_01,광역·중앙,영등포구,0,0,0,,
2020_01,광역·중앙,동작구,0,0,0,,
2020_01,광역·중앙,관악구,0,0,0,,
2020_01,광역·중앙,서초구,1,1,1,1.0,1.0
2020_01,광역·중앙,강남구,0,0,0,,
2020_01,광역·중앙,송파구,0,0,0,,
2020_01,광역·중앙,강동구,0,0,0,,
2020_01,지점,종로구,0,0,0,,
2020_01,지점,중구,0,0,0,,
2020_01,지점,용산구,0,0,0,,
2020_01,지점,성동구,0,0,0,,
2020_01,지점,광진구,0,0,0,,
2020_01,지점,동대문구,0,0,0,,
2020_01,지점,중랑구,0,0,0,,
2020_01,지점,성북구,0,0,0,,
2020_01,지점,강북구,0,0,0,,
2020_01,지점,도봉구,0,0,0,,
2020_01,지점,노원구,0,0,0,,
2020_01,지점,은평구,0,0,0,,
2020_01,지점,서대문구,0,0,0,,
2020_01,지점,마포구,0,0,0,,
2020_01,지점,양천구,0,0,0,,
2020_01,지점,강서구,0,0,0,,
2020_01,지점,구로구,0,0,0,,
2020_01,지점,금천구,0,0,0,,
2020_01,지점,영등포구,0,0,0,,
2020_01,지점,동작구,0,0,0,,
2020_01,지점,관악구,0,0,0,,
2020_01,지점,서초구,0,0,0,,
2020_01,지점,강남구,0,0,0,,
2020_01,지점,송파구,0,0,0,,
2020_01,지점,강동구,0,0,0,,
2025_01,자치구본소,종로구,1,1,1,1.0,1.0
2025_01,자치구본소,중구,1,1,1,1.0,1.0
2025_01,자치구본소,용산구,1,1,1,1.0,1.0
2025_01,자치구본소,성동구,1,1,1,1.0,1.0
2025_01,자치구본소,광진구,1,1,1,1.0,1.0
2025_01,자치구본소,동대문구,1,1,1,1.0,1.0
2025_01,자치구본소,중랑구,1,1,1,1.0,1.0
2025_01,자치구본소,성북구,1,1,1,1.0,1.0
2025_01,자치구본소,강북구,1,1,1,1.0,1.0
2025_01,자치구본소,도봉구,1,1,1,1.0,1.0
2025_01,자치구본소,노원구,1,1,1,1.0,1.0
2025_01,자치구본소,은평구,1,1,1,1.0,1.0
2025_01,자치구본소,서대문구,1,1,1,1.0,1.0
2025_01,자치구본소,마포구,1,1,1,1.0,1.0
2025_01,자치구본소,양천구,1,1,1,1.0,1.0
2025_01,자치구본소,강서구,1,1,1,1.0,1.0
2025_01,자치구본소,구로구,1,1,1,1.0,1.0
2025_01,자치구본소,금천구,1,1,1,1.0,1.0
2025_01,자치구본소,영등포구,1,1,1,1.0,1.0
2025_01,자치구본소,동작구,1,1,1,1.0,1.0
2025_01,자치구본소,관악구,1,1,1,1.0,1.0
2025_01,자치구본소,서초구,1,1,1,1.0,1.0
2025_01,자치구본소,강남구,1,1,1,1.0,1.0
2025_01,자치구본소,송파구,1,1,1,1.0,1.0
2025_01,자치구본소,강동구,1,1,1,1.0,1.0
2025_01,광역·중앙,종로구,0,0,0,,
2025_01,광역·중앙,중구,0,0,0,,
2025_01,광역·중앙,용산구,0,0,0,,
2025_01,광역·중앙,성동구,0,0,0,,
2025_01,광역·중앙,광진구,0,0,0,,
2025_01,광역·중앙,동대문구,0,0,0,,
2025_01,광역·중앙,중랑구,0,0,0,,
2025_01,광역·중앙,성북구,0,0,0,,
2025_01,광역·중앙,강북구,0,0,0,,
2025_01,광역·중앙,도봉구,0,0,0,,
2025_01,광역·중앙,노원구,0,0,0,,
2025_01,광역·중앙,은평구,0,0,0,,
2025_01,광역·중앙,서대문구,0,0,0,,
2025_01,광역·중앙,마포구,0,0,0,,
2025_01,광역·중앙,양천구,0,0,0,,
2025_01,광역·중앙,강서구,0,0,0,,
2025_01,광역·중앙,구로구,0,0,0,,
2025_01,광역·중앙,금천구,0,0,0,,
2025_01,광역·중앙,영등포구,0,0,0,,
2025_01,광역·중앙,동작구,0,0,0,,
2025_01,광역·중앙,관악구,0,0,0,,
2025_01,광역·중앙,서초구,0,0,0,,
2025_01,광역·중앙,강남구,0,0,0,,
2025_01,광역·중앙,송파구,0,0,0,,
2025_01,광역·중앙,강동구,0,0,0,,
2025_01,지점,종로구,0,0,0,,
2025_01,지점,중구,0,0,0,,
2025_01,지점,용산구,0,0,0,,
2025_01,지점,성동구,0,0,0,,
2025_01,지점,광진구,1,1,1,1.0,1.0
2025_01,지점,동대문구,1,1,1,1.0,1.0
2025_01,지점,중랑구,0,0,0,,
2025_01,지점,성북구,1,0,0,0.0,0.0
2025_01,지점,강북구,0,0,0,,
2025_01,지점,도봉구,1,1,1,1.0,1.0
2025_01,지점,노원구,0,0,0,,
2025_01,지점,은평구,1,1,1,1.0,1.0
2025_01,지점,서대문구,2,2,2,1.0,1.0
2025_01,지점,마포구,0,0,0,,
2025_01,지점,양천구,0,0,0,,
2025_01,지점,강서구,0,0,0,,
2025_01,지점,구로구,0,0,0,,
2025_01,지점,금천구,0,0,0,,
2025_01,지점,영등포구,0,0,0,,
2025_01,지점,동작구,1,1,1,1.0,1.0
2025_01,지점,관악구,1,1,1,1.0,1.0
2025_01,지점,서초구,2,2,2,1.0,1.0
2025_01,지점,강남구,0,0,0,,
2025_01,지점,송파구,4,4,4,1.0,1.0
2025_01,지점,강동구,0,0,0,,
