file,sha256,bytes,created,script,rows
01_data/boundary/seoul_boundaries_all.gpkg,ec8467ec3e9bebfcdd1abb0d4fc1a7c0a1da5f3bec9382c1b0d91bc543dcb8ed,10424320,2026-09-24 11:17:16,a03_boundary_metrics.py,
01_data/boundary/dong_to_official_livingzone_mapping_424.csv,4c75ebfaba8e644d244f449652941d12d72e1fdc150b8e91eba2c8015c2753de,33039,2026-09-24 11:17:16,a03_boundary_metrics.py,
01_data/boundary/dong_to_leiden_2020_mapping_424.csv,d03ba1a05a17e875ef54192b6b66c76b8cc8ed049815cbae28fd372ac534c984,41721,2026-09-24 11:17:16,a03_boundary_metrics.py,
01_data/boundary/dong_to_leiden_2025_mapping_424.csv,19c35263178c77795d6fbff35419b339f10c573098c12b1950fc85ccbdbbc149,41769,2026-09-24 11:17:16,a03_boundary_metrics.py,
01_data/boundary/zone_metrics.csv,d1576452c87b01672732af545ba95a1bb25dfc41b1aae7482a4b87608950cf6a,78045,2026-09-24 11:17:16,a03_boundary_metrics.py,
01_data/boundary/dong424_queen_adjacency.csv,14c11a3714be0096c7063b9de76f671fb47adc24e0bec77d27de4f564fe8263f,83231,2026-09-24 11:17:16,a03_boundary_metrics.py,
01_data/boundary/dong424_queen_W.npz,2662fe13fd4ab8b4538c9518b7ba6ece17a14aee5117587ac862a4dfa629005c,4722,2026-09-24 11:17:16,a03_boundary_metrics.py,
01_data/boundary/dong424_queen_W_index.csv,3e343f7f37299886b8e393da3a05e32aa7eeacc8ab829e8e7bd484d0f03b6477,4987,2026-09-24 11:17:16,a03_boundary_metrics.py,
01_data/boundary/dong424_units.csv,d6181cebfa10f93683d92de424eddf609da7ac80b8dc06eef9a2bad946c23f39,111038,2026-09-24 11:17:16,a03_boundary_metrics.py,
01_data/network/walk_2020_nodes.parquet,6c644b74c638dfc686bb0ace5a4df9ba8036d1fec2c84f2854e086fe2856dfd2,7691890,2026-09-24 11:21:15,a04_network.py,338915.0
01_data/network/walk_2020_edges.parquet,f3fc0381f1ae421b4542ae4cc43ae635809b54593b222317615b80b848bb0707,10648595,2026-09-24 11:21:15,a04_network.py,393405.0
01_data/network/walk_2020_graph.npz,1f5f7c8600d3cf07d6f677955f84b67e42ebc831b27a10353964750c0959c62b,8733605,2026-09-24 11:21:15,a04_network.py,338915.0
01_data/network/walk_2020_summary.json,47ec47d9e7d4c9d19a44354bb36c58d15ebde17be3b5cb8504446d5f0553281e,3855,2026-09-24 11:21:15,a04_network.py,1.0
01_data/network/walk_2025_nodes.parquet,b40c82872b64d74dfd419bd7ab6f06236240a6dfb23f15e60edede82c70bd5dd,12744359,2026-09-24 11:21:48,a04_network.py,586959.0
01_data/network/walk_2025_edges.parquet,74e65f23099ad872c4bbf02eb4350434d8b2189847bb5cd596a6933482e50b0e,17379705,2026-09-24 11:21:48,a04_network.py,669440.0
01_data/network/walk_2025_graph.npz,008f98052c285080cb7061c463f0267e73e1faeaef0c61126acecd4f374d48c5,14905239,2026-09-24 11:21:48,a04_network.py,586959.0
01_data/network/walk_2025_summary.json,5ea07b41705b67611d26567561531e3b3c72e4043378facf9ade2302c6436d3a,3904,2026-09-24 11:21:48,a04_network.py,1.0
01_data/grid/grid100_master.parquet,f96efa65a36827f2d2cf892e01d9177daacc96665b1383f6a3890fedb1d38312,2286523,2026-09-24 11:24:27,a01_grid_master.py,60528.0
01_data/grid/grid100_master.gpkg,cedc7a011b8b3f264be873b7b0aafa0a2472ac96f9624db92ff8ccb592f365c8,21811200,2026-09-24 11:24:27,a01_grid_master.py,60528.0
01_data/grid/grid250_master.parquet,60ddd455fe27e20ab8bf91830f10a15d5fcaea40206f9f35581faaf89e256aa0,580312,2026-09-24 11:24:27,a01_grid_master.py,9774.0
01_data/grid/grid250_master.gpkg,0ab826576c0ca47571246ac6dd15a863f62a5ae0bbd2ca4cb9f6907700e9111d,3723264,2026-09-24 11:24:27,a01_grid_master.py,9774.0
01_data/ttm/ttm100_2025_summary_ku11010.json,f5cb79ba074901cd5bb943e5bfef24fc94dd70ec167d8dd094ef2e6b0d1d0789,1719,2026-09-24 11:24:48,a05_ttm.py,
01_data/ttm/ttm100_2025_origin_stats_ku11010.parquet,7d5a35719ca9c6310a021c92fbc81ff4b9e4f5cbd84d6c9bd7f2f7b196c6b2be,23056,2026-09-24 11:24:48,a05_ttm.py,
01_data/ttm/ttm100_2020_summary_ku11010.json,92563ccb926f3b94a401a7758969fca1622a56747c800529f05bbc8d09610d35,1721,2026-09-24 11:27:05,a05_ttm.py,
01_data/ttm/ttm100_2020_origin_stats_ku11010.parquet,584329f09e178a8f848b65dc65045ca315d4d30028699cb06359225c0797f3ca,23498,2026-09-24 11:27:05,a05_ttm.py,
01_data/ttm/ttm100_2025_summary.json,ee79cfc17fcb3e07ff6584c7f4a4150ef5ce2f9e22ac9903b1df170f890771e2,1781,2026-09-24 11:38:00,a05_ttm.py,1.0
01_data/ttm/ttm100_2025_origin_stats.parquet,2ae7d9dc7260d8b14b86d471245bf3e5e1f2bb550e0a4536a427ea557e3cc6ea,507459,2026-09-24 11:38:00,a05_ttm.py,34227.0
01_data/ttm/snap100_2025.parquet,fa01a37a22a62161de38da61f041382ef72cbd390324c6da9f067688ddd7cbe9,1480911,2026-09-24 11:38:00,a05_ttm.py,60528.0
"01_data/ttm/ttm100_2025/ku=*/chunk_*.parquet (184 files, combined)",4920b8de8e6786f4b8f6385e93d929349ddd4d79ddd8d83a00feea434861172e,46721148,2026-09-24 11:38:00,a05_ttm.py,22625482.0
01_data/ttm/ttm100_2020_summary.json,86427a0dd47e440678d86d66f8251a6e18166972e2983dd1f66b2fb81276d1ec,1788,2026-09-24 11:38:07,a05_ttm.py,1.0
01_data/ttm/ttm100_2020_origin_stats.parquet,c94ba5b7c4524f12f72feedc2cc98bb14edf4dc29eb4fcd7cdfde2899232ae85,507595,2026-09-24 11:38:07,a05_ttm.py,33848.0
01_data/ttm/snap100_2020.parquet,80e285593aa85d2420d8ab97b9b1a877e1ee15c070415709fcd7864617cf82d8,1408058,2026-09-24 11:38:07,a05_ttm.py,60528.0
"01_data/ttm/ttm100_2020/ku=*/chunk_*.parquet (183 files, combined)",e7f81258424a490697ab9df1268b0f4a9db037962fb10194572a9d6dd44ca2a4,45170060,2026-09-24 11:38:07,a05_ttm.py,22082441.0
01_data/ttm/ttm250_2025_summary.json,6c4705abc892c46184edbae6289ca10a3ce0e21c96d78818b73516df3b80a5e3,1773,2026-09-24 11:38:12,a05_ttm.py,1.0
01_data/ttm/ttm250_2025_origin_stats.parquet,8afe9cc2887d119a511c4379849687496b2ec4ff829c517b99d1351de7bb83e6,108257,2026-09-24 11:38:12,a05_ttm.py,7560.0
01_data/ttm/snap250_2025.parquet,b21ed49e78ab2b250d461ccf3a7920b93ea8373c740085372186d0c9a58a7b90,246574,2026-09-24 11:38:12,a05_ttm.py,9774.0
"01_data/ttm/ttm250_2025/ku=*/chunk_*.parquet (52 files, combined)",66860eb29ee99076370ff90834feb564076c50fc33d1521e74798a32234e0fb5,1789649,2026-09-24 11:38:12,a05_ttm.py,749529.0
01_data/ttm/ttm250_2020_summary.json,6c0cb6f815bb1c40f648bb7c328cfaaa89205021ef4164d383b3d5f5f0bb96cf,1777,2026-09-24 11:38:14,a05_ttm.py,1.0
01_data/ttm/ttm250_2020_origin_stats.parquet,8aff528f2eb7523abb3bb534bc38c60cc26a74ba6c37d7bdd1611acffa2b32e5,107212,2026-09-24 11:38:14,a05_ttm.py,7472.0
01_data/ttm/snap250_2020.parquet,cc15b70dbaef3c4c12799248a859dc34fc9509972619176b6aa90d5c9f02d437,240802,2026-09-24 11:38:14,a05_ttm.py,9774.0
"01_data/ttm/ttm250_2020/ku=*/chunk_*.parquet (52 files, combined)",2e2ef3cf4c00f9f6491edb5fd7dbf1ff7aca08ef0b179cf4a113095c7c9ded50,1735646,2026-09-24 11:38:14,a05_ttm.py,725618.0
02_scripts/a06_engine.py,e7f504bf47e6555dd58e890e291a9015ac5c9179a8f22f2d25fc619ad86a1bb9,23585,2026-09-25 00:30:20,,
02_scripts/a06b_summary.py,134606c97b9111be0536acc46db6ac3e8ff56c27a6930690ca19c15e553a34e0,14675,2026-09-25 00:30:20,,
02_scripts/tests/test_engine.py,e7f466de5c674ec0d783b5a0c51e6eac64d59941e5e4357b42de1c748026912b,14053,2026-09-25 00:30:20,,
02_scripts/run_engine.bat,c56acb9d1873dc3097cfafb4b425dc89fd9bd27dcc4a6d1589110bb1d9c16aed,2250,2026-09-25 00:30:20,,
03_output/main/grid_access_2020_100.parquet,151caae5b2d15da59fed58043ac630041960d61c1625e2bcdda48d31d6a195bd,1613667,2026-09-25 07:47:41,a06_engine.py,1230040
03_output/main/grid_access_2025_100.parquet,16c90da62d75f376345f8f7a719293a45a6fa5a848b5a66e3d421cb6e0f9ea33,1560999,2026-09-25 07:47:41,a06_engine.py,1231400
03_output/main/run_meta_2020_100.json,a1c8a292fafdcf797db9d60322f2705f0ad0322380b10866f6802f0cc1bcca77,1226,2026-09-25 07:47:41,a06_engine.py,
03_output/main/run_meta_2025_100.json,3034466764ba62422c9ab6d417680de90996a4140b88acc9cdb8774ec6be0329,1226,2026-09-25 07:47:41,a06_engine.py,
03_output/main/summary_main.md,4b32c606a7925f286422173898e4af891a12997fc26683cba9a1dbd0c8b8e480,6199,2026-09-25 07:47:41,a06b_summary.py,
03_output/main/unit_access_2020_100.csv,b616efa6dc4750bc8466ad7475a2ac0a4364f5052709ef117381850a3d0efdbf,3674475,2026-09-25 07:47:41,a06_engine.py,30690
03_output/main/unit_access_2025_100.csv,b0ff05400b6b46363e5a60c9d1ecad7e63e4ba364d5488e52b985e8eb620827e,3675731,2026-09-25 07:47:41,a06_engine.py,30690
03_output/natstd_B/grid_access_2020_100.parquet,c95fd4c713457bb55db65c55e997a386a09cbf6783a6572d9c524a2ac14a24db,279741,2026-09-25 07:47:41,a06_engine.py,30751
03_output/natstd_B/grid_access_2025_100.parquet,3369eae69beda6e668252d8ba7e596176a150bbbcd8312949e4eabd6b4524416,281420,2026-09-25 07:47:41,a06_engine.py,30785
03_output/natstd_B/nat_standard_coverage_2020_100.csv,9f321f7c5dc8771fede5fb55cd843ace32aca6a33c9f211157475b0bc5f46505,817760,2026-09-25 07:47:41,a06_engine.py,8866
03_output/natstd_B/nat_standard_coverage_2025_100.csv,58f155cdc095b7d94055f92bbb55846622110c436bb4acd15a4f299ae3e0a2cf,817409,2026-09-25 07:47:41,a06_engine.py,8866
03_output/natstd_B/run_meta_2020_100.json,9b8de6d37cb357b643c599a2681c79a9ef57a8660d2a0e715eb779ea75c57a0a,1116,2026-09-25 07:47:41,a06_engine.py,
03_output/natstd_B/run_meta_2025_100.json,6024bb7d7af2c7c251fbe33766fe64990d31ade1c19790280c8140e565635d96,1116,2026-09-25 07:47:41,a06_engine.py,
03_output/natstd_B/summary_natstd_B.md,7f560ad51126b0b7fc39aee0f8a75fa1f630a5f2953b5ad7d1f901c2ef9f9d69,2198,2026-09-25 07:47:41,a06b_summary.py,
03_output/sens_A4/grid_access_2020_100.parquet,0713873799359c00c7a1a03aaa4cbb041754b20b56ddb75ae23a51de04316e79,839178,2026-09-25 07:47:41,a06_engine.py,615020
03_output/sens_A4/grid_access_2025_100.parquet,523a00e582767c4e30bf31ede7d5117af355950922f6ca7daf42785488b99eb5,843917,2026-09-25 07:47:41,a06_engine.py,615700
03_output/sens_A4/run_meta_2020_100.json,8ea39a32d40a0f668cc7f4776bc3b2bc0dfcd48e2e9cb93b2ae7c3e1d5297dd0,1141,2026-09-25 07:47:41,a06_engine.py,
03_output/sens_A4/run_meta_2025_100.json,a53f6e5aa328240fbc19dffed985adfccd4d19b24f3d347756fdf1718b4b3ad0,1141,2026-09-25 07:47:41,a06_engine.py,
03_output/sens_A4/summary_sens_A4.md,058d1b93afe9d98f37ecc0a9d28b715297df208ca8f901a47dd91cd0846cc2de,5324,2026-09-25 07:47:41,a06b_summary.py,
03_output/sens_A4/unit_access_2020_100.csv,cbbd424275e4a1063d9f8594b2622f723a86ad0d9d7b35567ec6562361c8f96f,2127384,2026-09-25 07:47:41,a06_engine.py,17050
03_output/sens_A4/unit_access_2025_100.csv,8300df9f579ab3696151aa6193a17c522faf19904da78fd1bce726950721b7c0,2127715,2026-09-25 07:47:41,a06_engine.py,17050
03_output/sens_T600/grid_access_2020_100.parquet,13828292d0862b0bb840b3a4b070a26d71edf58b70eb1b4290d3d9520f66284c,1658498,2026-09-25 07:47:41,a06_engine.py,1230040
03_output/sens_T600/grid_access_2025_100.parquet,c25db4a3c497d563d3fb0145e2dcf47ee7bce13e516699365d585119c17ffe81,1612123,2026-09-25 07:47:41,a06_engine.py,1231400
03_output/sens_T600/run_meta_2020_100.json,c3c0d044fa3ba5ccb51d3a05c0316f98ce4c8329c72a1d81267359f8c629bef6,1241,2026-09-25 07:47:41,a06_engine.py,
03_output/sens_T600/run_meta_2025_100.json,cdb1f08ba1fed2d3f00f12f10f6979963530488016b089acdec192be047b2f8b,1241,2026-09-25 07:47:41,a06_engine.py,
03_output/sens_T600/summary_sens_T600.md,5c0fae24b9a0db1b7dee0b3fc10e85955908e9fb4a10569145a408aaaac6eef9,6163,2026-09-25 07:47:41,a06b_summary.py,
03_output/sens_T600/unit_access_2020_100.csv,44c5466fb4111f27fc1915bdfc13899515dc2ca7178da1540a5a4e0ea64feabe,3670676,2026-09-25 07:47:41,a06_engine.py,30690
03_output/sens_T600/unit_access_2025_100.csv,f3e2ec51060ab1a51b2fc89e80e2ce8ec05e9378549d0cb9c854345cf7309504,3672651,2026-09-25 07:47:41,a06_engine.py,30690
03_output/sens_grid250/grid_access_2020_250.parquet,0c09d7807f182c5724c624a54d23a38c961d20f9cca65a6143b7c7972615db09,380325,2026-09-25 07:47:41,a06_engine.py,280200
03_output/sens_grid250/grid_access_2025_250.parquet,321ebdf95205cbca621d6747a7fc3ccbc4f1aab9c0ee7b9c1cdddf0218231ef5,375754,2026-09-25 07:47:41,a06_engine.py,281360
03_output/sens_grid250/run_meta_2020_250.json,7147b9bca88422ea9a0f3e4384a2a8c2405f35e4cdfb4cf99be789d73854bfc9,1254,2026-09-25 07:47:41,a06_engine.py,
03_output/sens_grid250/run_meta_2025_250.json,beb2ba4f548d0932ccf9207f0eaf23b7ba278438470bbc605ee671c8cd6fb644,1254,2026-09-25 07:47:41,a06_engine.py,
03_output/sens_grid250/summary_sens_grid250.md,4387c789e67037ee6e386ceaaac2f52c698786eef141f1ca5eb155daf43af7c0,6152,2026-09-25 07:47:41,a06b_summary.py,
03_output/sens_grid250/unit_access_2020_250.csv,f4e21f865da4ae445f461a7969e9212e9093a5a9e2478c5cef3ce5486c5120f1,3666603,2026-09-25 07:47:41,a06_engine.py,30690
03_output/sens_grid250/unit_access_2025_250.csv,27978ef3075ab40b6f6f7b0c1c706b18c3c635e7f0c2e963b8af534a83ad6c3f,3668739,2026-09-25 07:47:41,a06_engine.py,30690
03_output/sens_retail_without/grid_access_2020_100.parquet,74e4ccfea61e5de37af1b80474c5229ff060b45810b9edfbefcb1387a969294f,1665120,2026-09-25 07:47:41,a06_engine.py,1230040
03_output/sens_retail_without/grid_access_2025_100.parquet,9c478399749827f57cdea59b3e15ae0ea5369a1629fb395f5821659a554cc9df,1591264,2026-09-25 07:47:41,a06_engine.py,1231400
03_output/sens_retail_without/run_meta_2020_100.json,3c99df2535961f07e6f907f7cc63e6dcacd03327f90c66b589cc2366c7558c73,1299,2026-09-25 07:47:41,a06_engine.py,
03_output/sens_retail_without/run_meta_2025_100.json,f762adbffc4c4b5db03f577e54735e0f5a3fbd35bb6c218614b42eeb0daf66fe,1299,2026-09-25 07:47:41,a06_engine.py,
03_output/sens_retail_without/summary_sens_retail_without.md,0c67480e3bcb66647bc77b8b70dd33e0d28cb0cb3cb5b897655c090a0aeff585,6224,2026-09-25 07:47:41,a06b_summary.py,
03_output/sens_retail_without/unit_access_2020_100.csv,cf3393e75a41d4f5bdb5e09d3db8f918cf32ee9ab4cf91361946197b2f7de083,3768796,2026-09-25 07:47:41,a06_engine.py,30690
03_output/sens_retail_without/unit_access_2025_100.csv,e95e6e60c0993bfbc54a5aedfd4eee7e47692be30e19353400841a9a2baa30d5,3769762,2026-09-25 07:47:41,a06_engine.py,30690
03_output/sens_speed36/grid_access_2020_100.parquet,a3e72914e660f9a7be0b46abe9dc1b2e75733bf0ee884d23eb776d44ee8bf2f6,1627404,2026-09-25 07:47:41,a06_engine.py,1230040
03_output/sens_speed36/grid_access_2025_100.parquet,cacf66a849ccedfb4a8893f6279a35184531bfe436b9c54c05b030339c5538bf,1576925,2026-09-25 07:47:41,a06_engine.py,1231400
03_output/sens_speed36/run_meta_2020_100.json,f95751d4249b65df97d9a72a7804fbb80146b250ea4f3de3216c4274ee6056db,1250,2026-09-25 07:47:41,a06_engine.py,
03_output/sens_speed36/run_meta_2025_100.json,2ca9a03c4d543a41930608cb50f44414ab43eb16742110b9ee73dd711c7cb9d2,1250,2026-09-25 07:47:41,a06_engine.py,
03_output/sens_speed36/summary_sens_speed36.md,65059359b9ea9b17707ce3e9973e23e355ea014ebc491687c2809d76104ee3f4,6156,2026-09-25 07:47:41,a06b_summary.py,
03_output/sens_speed36/unit_access_2020_100.csv,57de4d9dd30add3f2f3d84af1ac1b4a46ab7e410ed91cbea39bc34ad04d3c9b1,3674524,2026-09-25 07:47:41,a06_engine.py,30690
03_output/sens_speed36/unit_access_2025_100.csv,ef014fafab6f4f4db903aeb938d2492e1c94070f3d8f7e0f903d21df75eeb0e4,3675772,2026-09-25 07:47:41,a06_engine.py,30690
03_output/sens_union/grid_access_2020_100.parquet,05d8c14ede8aac82fcf069235ec77db4cd20aa1ac9ff156ce73622708b997e62,1646407,2026-09-25 07:47:41,a06_engine.py,1230040
03_output/sens_union/grid_access_2025_100.parquet,7dfa48541503e1730012b46c915904f9932f99fbcb3aed641cd8dea22414d7b6,1593729,2026-09-25 07:47:41,a06_engine.py,1231400
03_output/sens_union/run_meta_2020_100.json,8319b60601287d7a62a1d465bbf21a971effc48c226e1ce8fdd574b4f33e2382,1243,2026-09-25 07:47:41,a06_engine.py,
03_output/sens_union/run_meta_2025_100.json,7e23514cb0dd1fd330fcd8e1c19c835cb9a48490d4cfec6306ea93042f0c4f65,1243,2026-09-25 07:47:41,a06_engine.py,
03_output/sens_union/summary_sens_union.md,e50f1eb14972d3e6cf333f14590aa87e28d70d92c6829ca66b5ce7154a68391f,6709,2026-09-25 07:47:41,a06b_summary.py,
03_output/sens_union/unit_access_2020_100.csv,76294ea822aaf146ea81c645345fa7680b512ecdf7829d06e166e04f43543007,4224238,2026-09-25 07:47:41,a06_engine.py,30690
03_output/sens_union/unit_access_2025_100.csv,dd8f03c457f65fd4d10122a42b23ad8f17c2eb3929d6668f0e45d05a10ac9be4,4226086,2026-09-25 07:47:41,a06_engine.py,30690
03_output/summary_sensitivity.md,b01640dd655ced03654e01ffd71980a54b956355148cb175fa12e97c89b16345,12470,2026-09-25 07:47:41,a06b_summary.py,
01_data/ttm/ttm100_2025_for2020_summary.json,2ab0d5bfec9f83f0adc28f2a213ed0022c97ade0d00699eb96d84dbcb6bda684,526,2026-09-25 07:45:58,a05c_ttm_supplement.py,1
"01_data/ttm/ttm100_2025_for2020/ku=*/chunk_*.parquet (25 files, combined)",0f14f78b14eb62eb7fa8c1f789a1bd8e7e415d5f16bf326e1e745a593126d498,822293,2026-09-25 07:45:58,a05c_ttm_supplement.py,276771
03_output/tables/T5_category_delta_LD_LZ.csv,6a041915fae359eacf95f4c2e442eb268b47902416fc450f45dd98fbd2dd4da2,4397,2026-09-25 07:46:57,a07_study3_outputs.py,36
03_output/tables/T5_category_delta_LD_LZ.md,0f1e0c8b461fb429e82b21b3f2e7a4c5c4467d230a4342a3dffe05fb4a314fca,6520,2026-09-25 07:46:57,a07_study3_outputs.py,
03_output/tables/F3_dong_delta_2025.csv,56823b4bfffa4d7b273b857d0d2953c29f0888a3b190d4b3e7d9e9adf20b1e84,38060,2026-09-25 07:46:57,a07_study3_outputs.py,424
03_output/figures/F3_dong_dCOV_dMAI_2025.png,893bc33b825f1b9379c43d18c5b577c96de164f7f81f9465453ea316f519c810,931224,2026-09-25 07:46:57,a07_study3_outputs.py,
03_output/figures/F3_dong_dCOV_dMAI_2025.pdf,8ea56f4a14c3a5b2af6742b2ff2d1139f442529310dcd9907f47cc4f9dab3d14,3706932,2026-09-25 07:46:57,a07_study3_outputs.py,
03_output/figures/F3s_dong_delta_by_category_2025.png,b8adb66ed50fddf0cd346bd1a65cead50f35d5937a0fdff4e29a888559f6c88b,961768,2026-09-25 07:46:57,a07_study3_outputs.py,
03_output/tables/ku_none_COV_MAI.csv,ad07aa723226f261254b825d9e73b92233d6e826677be5077b597a66aad9a6e5,96026,2026-09-25 07:46:57,a08_ku_compare.py,936
03_output/tables/ku_compare_seunghoon.md,ee5299e999f102729192823e8c718ff5653eb355345c8d3391b28961c3b359e3,7062,2026-09-25 07:46:57,a08_ku_compare.py,
03_output/tables/ku_compare_template.csv,7670c25159617baadcfe0dab25655eae853f453389a93069aeee0c5380f096ea,1321,2026-09-25 07:46:57,a08_ku_compare.py,25
01_data/external/seunghoon_2026_kpa_seoul_values.csv,662fef6088fce9ad98ad9be902bba8a02e22a99dc7ef78ffd2f0338d799489b7,3306,2026-09-25 07:46:57,수기 전사(원고 인쇄값),19
03_output/sens_net2025/grid_access_2020_100.parquet,18de1b713e527d6396689f9a98607b171178c7ab23e61df26050e95cdfab4f03,1658202,2026-09-25 07:47:41,a06_engine.py,1230040
03_output/sens_net2025/unit_access_2020_100.csv,de93472bcca58bc6f5b9542ab1c671d56f08b890e5019f865348f1ea44e5eba8,3674886,2026-09-25 07:47:41,a06_engine.py,30690
03_output/sens_net2025/run_meta_2020_100.json,75d4e505341759fbddd8ec8ac13d276032f09ec383e3947a9a14b4ed484a72e8,1379,2026-09-25 07:47:41,a06_engine.py,
03_output/sens_net2025/summary_sens_net2025.md,17cee4291c2be81de00367eebc42d4a610a9eb210ebdca2f3d3fb086820bb5da,8800,2026-09-25 07:47:41,a06b_summary.py,
03_output/sens_net2025/decomp_network_2020_2025.csv,7e79f21b1126b518fc70833b66df9c84b379589948c00d0eaccc8b876900d831,3478,2026-09-25 07:47:41,a06b_summary.py,39
02_scripts/a05c_ttm_supplement.py,ff512e35bb24af0c560274ca4f47216f52e1ab5a241e490591df63e8d1a7cf12,7483,2026-09-25 00:31:26,,
02_scripts/a07_study3_outputs.py,9f2b7e912489679f1a8086810340410cdcf7a68b2ef8101c32cb0f00c6a4bbea,10890,2026-09-25 00:30:20,,
02_scripts/a08_ku_compare.py,01ba4c3ee686c44b2a6a4b5f0834b7362f3eb9aaa9f46c01267d5ec9e18eb098,12650,2026-09-25 00:30:20,,
02_scripts/a09_share_package.py,546b3bd8ab2604dcac87ee8c508f368dc07ecfb92a53ec6bd22e17b931f9b3fe,9367,2026-09-25 00:30:20,,
02_scripts/a99_manifest.py,c1dd3457edb5185f47d8551b42864899739842af7deeae7717b4c579b8c56778,2716,2026-09-25 00:30:20,,
02_scripts/requirements.txt,e7aa8537b049b3b78d367cd26b6adb8aa963f476d413b421229ebbc3020c138c,334,2026-09-25 00:30:20,,
05_공유패키지/README.md,0c9314a080c4c793bf43fac26401e386956176d58a87d47354673861b555f711,4041,2026-09-25 07:47:42,a09_share_package.py,
05_공유패키지/파일목록_SHA256.csv,6edef6357c70ab259465af1ba0dc3f97cf1a238c06c89a1cc642442059b2fc9f,15199,2026-09-25 07:47:42,a09_share_package.py,82
01_data/facility/facility_2020_2025_units.parquet,6ca9a13c258e9d8ad83dd42cad14f50a4cc2f4c7f8df6cb3cdfd9ab2d624cfb2,44259534,2026-09-25 07:41:56,a02_facility_boundary.py,
01_data/facility/facility_2020_2025_units.csv,0d39f14f375012df89ab35099644c99108dfd0e09e1f54608bcdfa1a8324c23b,372108669,2026-09-25 07:41:56,a02_facility_boundary.py,
