year,scope_flag,level,key,built,official,diff,diff_pct
2019,거주시설,서울_종류,거주/지체,2,2,0,
2019,거주시설,서울_종류,거주/시각,3,3,0,
2019,거주시설,서울_종류,거주/청각,1,1,0,
2019,거주시설,서울_종류,거주/지적,15,15,0,
2019,거주시설,서울_종류,거주/중증,25,25,0,
2019,거주시설,서울_종류,거주/장애영유아,2,2,0,
2019,거주시설,서울_종류,거주/단기,43,43,0,
2019,거주시설,서울_종류,거주/공동생활가정,190,190,0,
2019,이용시설,서울_종류,지역/장애인복지관,49,49,0,
2019,이용시설,서울_종류,지역/주간보호·주간이용,128,128,0,
2019,이용시설,서울_종류,지역/체육시설,7,7,0,
2019,이용시설,서울_종류,지역/수어통역센터,26,26,0,
2019,이용시설,서울_종류,지역/생활이동지원·시각장애인등생활지원,1,1,0,
2019,이용시설,서울_종류,지역/점자도서관,2,2,0,
2019,이용시설,서울_종류,지역/점자도서·녹음서출판,1,1,0,
2019,이용시설,서울_종류,지역/수련시설,1,1,0,
2019,이용시설,서울_종류,지역/재활치료시설,0,0,0,
2019,제외,서울_종류,의료재활,6,6,0,
2019,이용시설_직업재활,서울_종류,직업/근로사업장,12,12,0,
2019,이용시설_직업재활,서울_종류,직업/보호작업장,116,116,0,
2019,이용시설_직업재활,서울_종류,직업/직업적응훈련,5,5,0,
2019,이용시설,서울_합계,계,215,215,0,0.0
2019,이용시설_직업재활,서울_합계,계,133,133,0,0.0
2019,거주시설,서울_합계,계,281,281,0,0.0
2024,거주시설,서울_종류,거주/지체,2,2,0,
2024,거주시설,서울_종류,거주/시각,3,3,0,
2024,거주시설,서울_종류,거주/청각,1,1,0,
2024,거주시설,서울_종류,거주/지적,14,14,0,
2024,거주시설,서울_종류,거주/중증,23,23,0,
2024,거주시설,서울_종류,거주/장애영유아,2,2,0,
2024,거주시설,서울_종류,거주/단기,40,40,0,
2024,거주시설,서울_종류,거주/공동생활가정,163,163,0,
2024,이용시설,서울_종류,지역/장애인복지관,52,52,0,
2024,이용시설,서울_종류,지역/주간보호·주간이용,134,134,0,
2024,이용시설,서울_종류,지역/체육시설,7,7,0,
2024,이용시설,서울_종류,지역/수어통역센터,26,26,0,
2024,이용시설,서울_종류,지역/생활이동지원·시각장애인등생활지원,1,1,0,
2024,이용시설,서울_종류,지역/점자도서관,0,0,0,
2024,이용시설,서울_종류,지역/점자도서·녹음서출판,0,0,0,
2024,이용시설,서울_종류,지역/수련시설,0,0,0,
2024,이용시설,서울_종류,지역/재활치료시설,0,0,0,
2024,제외,서울_종류,의료재활,6,6,0,
2024,이용시설_직업재활,서울_종류,직업/근로사업장,11,11,0,
2024,이용시설_직업재활,서울_종류,직업/보호작업장,116,116,0,
2024,이용시설_직업재활,서울_종류,직업/직업적응훈련,9,9,0,
2024,이용시설,서울_합계,계,220,220,0,0.0
2024,이용시설_직업재활,서울_합계,계,136,136,0,0.0
2024,거주시설,서울_합계,계,248,248,0,0.0
