snapshot,official_year,kind,ours,official,diff,source
2020_01,2019,보건소,25,25,0,보건복지부 보건소·보건지소·보건진료소·건강생활지원센터 수_시도별_20241231 (data.go.kr 15127903)
2020_01,2019,보건지소,25,25,0,보건복지부 보건소·보건지소·보건진료소·건강생활지원센터 수_시도별_20241231 (data.go.kr 15127903)
2020_01,2019,건강생활지원센터,0,0,0,보건복지부 보건소·보건지소·보건진료소·건강생활지원센터 수_시도별_20241231 (data.go.kr 15127903)
2020_01,2019,보건진료소,0,0,0,보건복지부 보건소·보건지소·보건진료소·건강생활지원센터 수_시도별_20241231 (data.go.kr 15127903)
2025_01,2024,보건소,25,25,0,보건복지부 보건소·보건지소·보건진료소·건강생활지원센터 수_시도별_20241231 (data.go.kr 15127903)
2025_01,2024,보건지소,38,38,0,보건복지부 보건소·보건지소·보건진료소·건강생활지원센터 수_시도별_20241231 (data.go.kr 15127903)
2025_01,2024,건강생활지원센터,0,0,0,보건복지부 보건소·보건지소·보건진료소·건강생활지원센터 수_시도별_20241231 (data.go.kr 15127903)
2025_01,2024,보건진료소,0,0,0,보건복지부 보건소·보건지소·보건진료소·건강생활지원센터 수_시도별_20241231 (data.go.kr 15127903)
2020_01,2019,합계,50,50,0,보건복지부 보건소·보건지소·보건진료소·건강생활지원센터 수_시도별_20241231 (data.go.kr 15127903)
2025_01,2024,합계,63,63,0,보건복지부 보건소·보건지소·보건진료소·건강생활지원센터 수_시도별_20241231 (data.go.kr 15127903)
