group,folder,file,year,rows,inside_seoul,inside_na,coord_rate,dong_filled,grade,category,subtypes,id_unique,missing_common,size_vars
01_인허가,공연장,facilities_공연장_2020_01.parquet,2020_01,1007,871,136,86.5,86.5,B,문화체육녹지,1,True,,sz_area_m2;sz_scale_raw;sz_floors_total
01_인허가,공연장,facilities_공연장_2025_01.parquet,2025_01,853,770,83,90.3,90.3,B,문화체육녹지,1,True,,sz_area_m2;sz_scale_raw;sz_floors_total
01_인허가,대규모점포,facilities_대규모점포_2020_01.parquet,2020_01,757,702,55,92.7,92.7,B,상업생활편의,3,True,,sz_area_m2
01_인허가,대규모점포,facilities_대규모점포_2025_01.parquet,2025_01,778,725,53,93.2,93.2,B,상업생활편의,3,True,,sz_area_m2
01_인허가,동물병원,facilities_동물병원_2020_01.parquet,2020_01,866,864,2,99.8,99.8,B,상업생활편의,1,True,,sz_area_m2
01_인허가,동물병원,facilities_동물병원_2025_01.parquet,2025_01,937,935,2,99.8,99.8,B,상업생활편의,1,True,,sz_area_m2
01_인허가,목욕장업,facilities_목욕장업_2020_01.parquet,2020_01,890,888,2,99.8,99.8,B,상업생활편의,5,True,,sz_area_m2;sz_bathrooms
01_인허가,목욕장업,facilities_목욕장업_2025_01.parquet,2025_01,676,676,0,100.0,100.0,B,상업생활편의,5,True,,sz_area_m2;sz_bathrooms
01_인허가,미용업,facilities_미용업_2020_01.parquet,2020_01,27946,27736,209,99.3,99.2,B,상업생활편의,6,True,,sz_area_m2;sz_seats;sz_beds
01_인허가,미용업,facilities_미용업_2025_01.parquet,2025_01,32349,31966,383,98.8,98.8,B,상업생활편의,6,True,,sz_area_m2;sz_seats;sz_beds
01_인허가,병원급,facilities_병원급_2020_01.parquet,2020_01,526,526,0,100.0,100.0,B,보건의료,6,True,,sz_beds;sz_medical_staff;sz_inpatient_rooms;sz_floor_area_m2;sz_site_area_m2
01_인허가,병원급,facilities_병원급_2025_01.parquet,2025_01,548,548,0,100.0,100.0,B,보건의료,6,True,,sz_beds;sz_medical_staff;sz_inpatient_rooms;sz_floor_area_m2;sz_site_area_m2
01_인허가,산후조리업,facilities_산후조리업_2020_01.parquet,2020_01,133,133,0,100.0,100.0,B,보건의료,1,True,,sz_capacity_mothers;sz_capacity_infants;sz_nurses;sz_nurse_aides;sz_room_area_mothers_m2
01_인허가,산후조리업,facilities_산후조리업_2025_01.parquet,2025_01,117,117,0,100.0,100.0,B,보건의료,1,True,,sz_capacity_mothers;sz_capacity_infants;sz_nurses;sz_nurse_aides;sz_room_area_mothers_m2
01_인허가,세탁업,facilities_세탁업_2020_01.parquet,2020_01,4631,4611,20,99.6,99.6,B,상업생활편의,4,True,,sz_area_m2;sz_washers
01_인허가,세탁업,facilities_세탁업_2025_01.parquet,2025_01,3519,3509,10,99.7,99.7,B,상업생활편의,4,True,,sz_area_m2;sz_washers
01_인허가,식료품소매,facilities_식료품소매_2020_01.parquet,2020_01,30188,29604,582,98.1,98.1,B,상업생활편의,4,True,,sz_area_m2;sz_facility_total_m2;sz_workers
01_인허가,식료품소매,facilities_식료품소매_2025_01.parquet,2025_01,32352,31882,469,98.6,98.5,B,상업생활편의,4,True,,sz_area_m2;sz_facility_total_m2;sz_workers
01_인허가,안경업,facilities_안경업_2020_01.parquet,2020_01,2337,2307,29,98.8,98.7,B,상업생활편의,1,True,,sz_area_m2
01_인허가,안경업,facilities_안경업_2025_01.parquet,2025_01,2281,2260,20,99.1,99.1,B,상업생활편의,1,True,,sz_area_m2
01_인허가,안전상비의약품판매업소,facilities_안전상비의약품판매업소_2020_01.parquet,2020_01,7069,7061,8,99.9,99.9,B,보건의료,1,True,,sz_area_m2
01_인허가,안전상비의약품판매업소,facilities_안전상비의약품판매업소_2025_01.parquet,2025_01,7169,7168,1,100.0,100.0,B,보건의료,1,True,,sz_area_m2
01_인허가,약국,facilities_약국_2020_01.parquet,2020_01,5186,5182,4,99.9,99.9,B,보건의료,1,True,,sz_area_m2
01_인허가,약국,facilities_약국_2025_01.parquet,2025_01,5708,5706,2,100.0,100.0,B,보건의료,1,True,,sz_area_m2
01_인허가,영화상영관,facilities_영화상영관_2020_01.parquet,2020_01,656,653,3,99.5,99.5,B,문화체육녹지,1,True,,sz_area_m2;sz_floors_total
01_인허가,영화상영관,facilities_영화상영관_2025_01.parquet,2025_01,633,630,3,99.5,99.5,B,문화체육녹지,1,True,,sz_area_m2;sz_floors_total
01_인허가,영화상영관,facilities_영화상영관_극장단위_2020_01.parquet,2020_01,109,106,3,97.2,97.2,B,문화체육녹지,1,True,,sz_screens;sz_area_m2
01_인허가,영화상영관,facilities_영화상영관_극장단위_2025_01.parquet,2025_01,108,105,3,97.2,97.2,B,문화체육녹지,1,True,,sz_screens;sz_area_m2
01_인허가,의원,facilities_의원_2020_01.parquet,2020_01,17373,17359,13,99.9,99.9,B,보건의료,6,True,,sz_medical_staff;sz_beds;sz_inpatient_rooms;sz_floor_area_m2
01_인허가,의원,facilities_의원_2025_01.parquet,2025_01,18744,18732,11,99.9,99.9,B,보건의료,6,True,,sz_medical_staff;sz_beds;sz_inpatient_rooms;sz_floor_area_m2
01_인허가,이용업,facilities_이용업_2020_01.parquet,2020_01,2685,2669,16,99.4,99.4,B,상업생활편의,2,True,,sz_area_m2;sz_seats
01_인허가,이용업,facilities_이용업_2025_01.parquet,2025_01,2430,2420,10,99.6,99.6,B,상업생활편의,2,True,,sz_area_m2;sz_seats
01_인허가,일반음식점,facilities_일반음식점_2020_01.parquet,2020_01,122137,111690,10446,91.4,91.4,B,상업생활편의,31,True,,sz_area_m2;sz_facility_total_m2;sz_workers
01_인허가,일반음식점,facilities_일반음식점_2025_01.parquet,2025_01,124255,113253,11001,91.1,91.1,B,상업생활편의,28,True,,sz_area_m2;sz_facility_total_m2;sz_workers
01_인허가,주유소,facilities_주유소_2020_01.parquet,2020_01,519,513,5,99.0,98.8,B,상업생활편의,1,True,,sz_area_m2
01_인허가,주유소,facilities_주유소_2025_01.parquet,2025_01,449,446,2,99.6,99.3,B,상업생활편의,1,True,,sz_area_m2
01_인허가,체육시설업,facilities_체육시설업_2020_01.parquet,2020_01,11787,11628,157,98.7,98.7,B,문화체육녹지,7,True,,sz_area_m2;sz_building_floor_area_m2;sz_instructors;sz_members
01_인허가,체육시설업,facilities_체육시설업_2025_01.parquet,2025_01,11176,11124,52,99.5,99.5,B,문화체육녹지,7,True,,sz_area_m2;sz_building_floor_area_m2;sz_instructors;sz_members
01_인허가,휴게음식점,facilities_휴게음식점_2020_01.parquet,2020_01,35519,34753,765,97.8,97.8,B,상업생활편의,22,True,,sz_area_m2;sz_facility_total_m2;sz_workers
01_인허가,휴게음식점,facilities_휴게음식점_2025_01.parquet,2025_01,37546,36752,794,97.9,97.9,B,상업생활편의,21,True,,sz_area_m2;sz_facility_total_m2;sz_workers
02_명부,가족센터,facilities_가족센터_2020_01.parquet,2020_01,27,26,1,96.3,100.0,A,복지행정안전,2,True,,sz_open_date;sz_state_funded;sz_integrated
02_명부,가족센터,facilities_가족센터_2025_01.parquet,2025_01,41,40,1,97.6,100.0,A,복지행정안전,2,True,,sz_site_label;sz_is_main_site
02_명부,공공도서관,facilities_공공도서관_2020_01.parquet,2020_01,180,174,6,96.7,100.0,C,문화체육녹지,2,True,,sz_books;sz_area_m2;sz_site_m2;sz_seats;sz_librarians;sz_staff;sz_visitors;sz_open_year;sz_founder;sz_founder_org;sz_ope
02_명부,공공도서관,facilities_공공도서관_2025_01.parquet,2025_01,212,210,2,99.1,100.0,C,문화체육녹지,2,True,,sz_books;sz_area_m2;sz_site_m2;sz_seats;sz_librarians;sz_staff;sz_visitors;sz_open_year;sz_founder;sz_founder_org;sz_ope
02_명부,공공체육시설,facilities_공공체육시설_2020_01.parquet,2020_01,529,415,114,78.4,100.0,C,문화체육녹지,16,True,,sz_area_m2;sz_building_m2;sz_floor_m2;sz_seats;sz_capacity;sz_built_year;sz_owner;sz_manager
02_명부,공공체육시설,facilities_공공체육시설_2025_01.parquet,2025_01,716,579,137,80.9,100.0,C,문화체육녹지,18,True,,sz_area_m2;sz_building_m2;sz_floor_m2;sz_seats;sz_capacity;sz_built_year;sz_owner;sz_manager
02_명부,노인복지시설,facilities_노인복지시설_2020_01.parquet,2020_01,1441,1377,64,95.6,100.0,C,복지행정안전,12,True,,sz_open_date;sz_operator;sz_capacity;sz_current;sz_staff;sz_units_sale;sz_units_operating;sz_annual_users
02_명부,노인복지시설,facilities_노인복지시설_2025_01.parquet,2025_01,3108,3096,12,99.6,100.0,C,복지행정안전,13,True,,sz_open_date;sz_operator;sz_capacity;sz_current;sz_staff;sz_units_sale;sz_units_operating;sz_annual_users
02_명부,문화기반시설,facilities_문화기반시설_2020_01.parquet,2020_01,412,400,12,97.1,100.0,A,문화체육녹지,8,True,,sz_area_m2;sz_site_m2;sz_seats;sz_books;sz_staff;sz_open_year;sz_founder;sz_exhibit_m2;sz_registered;sz_open_date;sz_ope
02_명부,문화기반시설,facilities_문화기반시설_2025_01.parquet,2025_01,476,470,6,98.7,100.0,A,문화체육녹지,8,True,,sz_area_m2;sz_site_m2;sz_seats;sz_books;sz_staff;sz_open_year;sz_founder;sz_exhibit_m2;sz_registered;sz_open_date;sz_ope
02_명부,보건소,facilities_보건소_2020_01.parquet,2020_01,50,50,0,100.0,100.0,C,보건의료,2,True,,sz_parent
02_명부,보건소,facilities_보건소_2025_01.parquet,2025_01,63,63,0,100.0,100.0,C,보건의료,2,True,,sz_parent
02_명부,응급의료기관,facilities_응급의료기관_2020_01.parquet,2020_01,68,68,0,100.0,100.0,A,보건의료,5,True,,sz_hospital_class;sz_beds
02_명부,응급의료기관,facilities_응급의료기관_2025_01.parquet,2025_01,71,71,0,100.0,100.0,A,보건의료,4,True,,sz_hospital_class;sz_beds
02_명부,장애인복지시설,facilities_장애인복지시설_2020_01.parquet,2020_01,636,576,60,90.6,100.0,C,복지행정안전,21,True,,sz_open_date;sz_corp;sz_capacity;sz_current;sz_staff_quota;sz_staff
02_명부,장애인복지시설,facilities_장애인복지시설_2025_01.parquet,2025_01,611,587,24,96.1,100.0,C,복지행정안전,18,True,,sz_open_date;sz_corp;sz_capacity;sz_current;sz_staff_quota;sz_staff
02_명부,청소년수련시설,facilities_청소년수련시설_2020_01.parquet,2020_01,66,64,2,97.0,100.0,C,교육보육,5,True,,sz_public_private;sz_founder;sz_capacity;sz_site_m2;sz_area_m2;sz_registered;sz_suspended
02_명부,청소년수련시설,facilities_청소년수련시설_2025_01.parquet,2025_01,76,76,0,100.0,100.0,C,교육보육,5,True,,sz_public_private;sz_founder;sz_capacity;sz_site_m2;sz_area_m2;sz_registered;sz_suspended
03_교육교통공원상가,bike_station,facilities_bike_station_2020_01.parquet,2020_01,1483,1481,0,100.0,99.9,B,교통,2,True,,sz_racks
03_교육교통공원상가,bike_station,facilities_bike_station_2025_01.parquet,2025_01,2766,2762,0,100.0,99.9,A,교통,3,True,,sz_racks
03_교육교통공원상가,bus_stop,facilities_bus_stop_2020_01.parquet,2020_01,11260,11242,3,100.0,99.8,A,교통,6,False,,sz_routes
03_교육교통공원상가,bus_stop,facilities_bus_stop_2025_01.parquet,2025_01,11262,11247,0,100.0,99.9,A,교통,6,True,,sz_routes
03_교육교통공원상가,childcare,facilities_childcare_2020_01.parquet,2020_01,5877,5847,29,99.5,99.5,B,교육보육,7,True,,sz_capacity_current;sz_enrolled_current;sz_rooms_current
03_교육교통공원상가,childcare,facilities_childcare_2025_01.parquet,2025_01,4319,4296,22,99.5,99.5,B,교육보육,7,True,,sz_capacity_current;sz_enrolled_current;sz_rooms_current
03_교육교통공원상가,clinic_sbiz,facilities_clinic_sbiz_2020_01.parquet,2020_01,15050,15050,0,100.0,100.0,B,보건의료,17,True,,
03_교육교통공원상가,clinic_sbiz,facilities_clinic_sbiz_2025_01.parquet,2025_01,18057,18057,0,100.0,100.0,A,보건의료,17,True,,
03_교육교통공원상가,community_center,facilities_community_center_2020_01.parquet,2020_01,424,399,25,94.1,94.1,C,복지행정안전,1,True,,
03_교육교통공원상가,community_center,facilities_community_center_2025_01.parquet,2025_01,426,418,8,98.1,98.1,C,복지행정안전,1,True,,
03_교육교통공원상가,fire_station,facilities_fire_station_2020_01.parquet,2020_01,178,178,0,100.0,100.0,C,복지행정안전,4,True,,
03_교육교통공원상가,fire_station,facilities_fire_station_2025_01.parquet,2025_01,180,180,0,100.0,100.0,C,복지행정안전,4,True,,
03_교육교통공원상가,kindergarten,facilities_kindergarten_2020_01.parquet,2020_01,814,814,0,100.0,100.0,A,교육보육,4,True,,sz_capacity;sz_children;sz_classes
03_교육교통공원상가,kindergarten,facilities_kindergarten_2025_01.parquet,2025_01,734,734,0,100.0,100.0,A,교육보육,4,True,,sz_capacity;sz_children;sz_classes
03_교육교통공원상가,park,facilities_park_2020_01.parquet,2020_01,1567,1565,0,100.0,99.9,A,문화체육녹지,4,True,,sz_area_m2;sz_area_in_seoul_m2
03_교육교통공원상가,park,facilities_park_2025_01.parquet,2025_01,2999,2996,0,100.0,99.9,A,문화체육녹지,5,True,,sz_area_m2;sz_area_in_seoul_m2
03_교육교통공원상가,park,facilities_park_official_2025_01.parquet,2025_01,2681,2680,0,100.0,100.0,A,문화체육녹지,11,True,,sz_area_m2;sz_area_in_seoul_m2
03_교육교통공원상가,retail_daily,facilities_retail_daily_2020_01.parquet,2020_01,26494,26494,0,100.0,100.0,B,상업생활편의,9,True,,
03_교육교통공원상가,retail_daily,facilities_retail_daily_2025_01.parquet,2025_01,29063,29063,0,100.0,100.0,A,상업생활편의,9,True,,
03_교육교통공원상가,school,facilities_school_2020_01.parquet,2020_01,1357,1357,0,100.0,100.0,A,교육보육,16,True,,sz_students;sz_classes;sz_teachers;sz_class_basis
03_교육교통공원상가,school,facilities_school_2025_01.parquet,2025_01,1359,1359,0,100.0,100.0,A,교육보육,16,True,,sz_students;sz_classes;sz_teachers;sz_class_basis
03_교육교통공원상가,subway_station,facilities_subway_station_2020_01.parquet,2020_01,299,299,0,100.0,100.0,B,교통,2,True,,sz_lines
03_교육교통공원상가,subway_station,facilities_subway_station_2025_01.parquet,2025_01,308,308,0,100.0,100.0,B,교통,2,True,,sz_lines
