snapshot,scenario,excl_junggu,subtype,built,official,diff,diff_pct
2020_01,A_전체,False,당구장,4306,3273,1033,31.56
2020_01,A_전체,False,체력단련장,2659,2524,135,5.35
2020_01,A_전체,False,체육도장,2548,2173,375,17.26
2020_01,A_전체,False,골프연습장,2009,1838,171,9.3
2020_01,A_전체,False,수영장,137,125,12,9.6
2020_01,A_전체,False,종합체육시설,110,91,19,20.88
2020_01,A_전체,False,빙상장,18,13,5,38.46
2020_01,A_전체,False,7업종합계,11787,10037,1750,17.44
2020_01,A_전체,True,당구장,4085,3273,812,24.81
2020_01,A_전체,True,체력단련장,2558,2524,34,1.35
2020_01,A_전체,True,체육도장,2506,2173,333,15.32
2020_01,A_전체,True,골프연습장,1924,1838,86,4.68
2020_01,A_전체,True,수영장,128,125,3,2.4
2020_01,A_전체,True,종합체육시설,99,91,8,8.79
2020_01,A_전체,True,빙상장,17,13,4,30.77
2020_01,A_전체,True,7업종합계,11317,10037,1280,12.75
2020_01,B_일괄말소제외,False,당구장,3678,3273,405,12.37
2020_01,B_일괄말소제외,False,체력단련장,2573,2524,49,1.94
2020_01,B_일괄말소제외,False,체육도장,2409,2173,236,10.86
2020_01,B_일괄말소제외,False,골프연습장,1943,1838,105,5.71
2020_01,B_일괄말소제외,False,수영장,137,125,12,9.6
2020_01,B_일괄말소제외,False,종합체육시설,110,91,19,20.88
2020_01,B_일괄말소제외,False,빙상장,18,13,5,38.46
2020_01,B_일괄말소제외,False,7업종합계,10868,10037,831,8.28
2020_01,B_일괄말소제외,True,당구장,3458,3273,185,5.65
2020_01,B_일괄말소제외,True,체력단련장,2472,2524,-52,-2.06
2020_01,B_일괄말소제외,True,체육도장,2367,2173,194,8.93
2020_01,B_일괄말소제외,True,골프연습장,1858,1838,20,1.09
2020_01,B_일괄말소제외,True,수영장,128,125,3,2.4
2020_01,B_일괄말소제외,True,종합체육시설,99,91,8,8.79
2020_01,B_일괄말소제외,True,빙상장,17,13,4,30.77
2020_01,B_일괄말소제외,True,7업종합계,10399,10037,362,3.61
2020_01,C_취소말소상태전체제외,False,당구장,3497,3273,224,6.84
2020_01,C_취소말소상태전체제외,False,체력단련장,2433,2524,-91,-3.61
2020_01,C_취소말소상태전체제외,False,체육도장,2287,2173,114,5.25
2020_01,C_취소말소상태전체제외,False,골프연습장,1820,1838,-18,-0.98
2020_01,C_취소말소상태전체제외,False,수영장,132,125,7,5.6
2020_01,C_취소말소상태전체제외,False,종합체육시설,106,91,15,16.48
2020_01,C_취소말소상태전체제외,False,빙상장,18,13,5,38.46
2020_01,C_취소말소상태전체제외,False,7업종합계,10293,10037,256,2.55
2020_01,C_취소말소상태전체제외,True,당구장,3277,3273,4,0.12
2020_01,C_취소말소상태전체제외,True,체력단련장,2333,2524,-191,-7.57
2020_01,C_취소말소상태전체제외,True,체육도장,2245,2173,72,3.31
2020_01,C_취소말소상태전체제외,True,골프연습장,1736,1838,-102,-5.55
2020_01,C_취소말소상태전체제외,True,수영장,125,125,0,0.0
2020_01,C_취소말소상태전체제외,True,종합체육시설,95,91,4,4.4
2020_01,C_취소말소상태전체제외,True,빙상장,17,13,4,30.77
2020_01,C_취소말소상태전체제외,True,7업종합계,9828,10037,-209,-2.08
2025_01,A_전체,False,당구장,2737,2513,224,8.91
2025_01,A_전체,False,체력단련장,4060,3987,73,1.83
2025_01,A_전체,False,체육도장,2573,2349,224,9.54
2025_01,A_전체,False,골프연습장,1533,1411,122,8.65
2025_01,A_전체,False,수영장,141,129,12,9.3
2025_01,A_전체,False,종합체육시설,109,99,10,10.1
2025_01,A_전체,False,빙상장,23,22,1,4.55
2025_01,A_전체,False,7업종합계,11176,10510,666,6.34
2025_01,A_전체,True,당구장,2534,2432,102,4.19
2025_01,A_전체,True,체력단련장,3928,3914,14,0.36
2025_01,A_전체,True,체육도장,2531,2326,205,8.81
2025_01,A_전체,True,골프연습장,1459,1372,87,6.34
2025_01,A_전체,True,수영장,134,125,9,7.2
2025_01,A_전체,True,종합체육시설,99,90,9,10.0
2025_01,A_전체,True,빙상장,21,21,0,0.0
2025_01,A_전체,True,7업종합계,10706,10280,426,4.14
2025_01,B_일괄말소제외,False,당구장,2690,2513,177,7.04
2025_01,B_일괄말소제외,False,체력단련장,4060,3987,73,1.83
2025_01,B_일괄말소제외,False,체육도장,2551,2349,202,8.6
2025_01,B_일괄말소제외,False,골프연습장,1533,1411,122,8.65
2025_01,B_일괄말소제외,False,수영장,141,129,12,9.3
2025_01,B_일괄말소제외,False,종합체육시설,109,99,10,10.1
2025_01,B_일괄말소제외,False,빙상장,23,22,1,4.55
2025_01,B_일괄말소제외,False,7업종합계,11107,10510,597,5.68
2025_01,B_일괄말소제외,True,당구장,2487,2432,55,2.26
2025_01,B_일괄말소제외,True,체력단련장,3928,3914,14,0.36
2025_01,B_일괄말소제외,True,체육도장,2509,2326,183,7.87
2025_01,B_일괄말소제외,True,골프연습장,1459,1372,87,6.34
2025_01,B_일괄말소제외,True,수영장,134,125,9,7.2
2025_01,B_일괄말소제외,True,종합체육시설,99,90,9,10.0
2025_01,B_일괄말소제외,True,빙상장,21,21,0,0.0
2025_01,B_일괄말소제외,True,7업종합계,10637,10280,357,3.47
2025_01,C_취소말소상태전체제외,False,당구장,2654,2513,141,5.61
2025_01,C_취소말소상태전체제외,False,체력단련장,4028,3987,41,1.03
2025_01,C_취소말소상태전체제외,False,체육도장,2539,2349,190,8.09
2025_01,C_취소말소상태전체제외,False,골프연습장,1517,1411,106,7.51
2025_01,C_취소말소상태전체제외,False,수영장,140,129,11,8.53
2025_01,C_취소말소상태전체제외,False,종합체육시설,109,99,10,10.1
2025_01,C_취소말소상태전체제외,False,빙상장,22,22,0,0.0
2025_01,C_취소말소상태전체제외,False,7업종합계,11009,10510,499,4.75
2025_01,C_취소말소상태전체제외,True,당구장,2451,2432,19,0.78
2025_01,C_취소말소상태전체제외,True,체력단련장,3896,3914,-18,-0.46
2025_01,C_취소말소상태전체제외,True,체육도장,2497,2326,171,7.35
2025_01,C_취소말소상태전체제외,True,골프연습장,1443,1372,71,5.17
2025_01,C_취소말소상태전체제외,True,수영장,133,125,8,6.4
2025_01,C_취소말소상태전체제외,True,종합체육시설,99,90,9,10.0
2025_01,C_취소말소상태전체제외,True,빙상장,20,21,-1,-4.76
2025_01,C_취소말소상태전체제외,True,7업종합계,10539,10280,259,2.52
