snapshot,scenario,subtype,n_gu,pearson_r,max_abs_diff_pct,max_gu,n_gu_within5,n_gu_within10
2020_01,A_전체,7업종합계,24,0.956,61.0,광진구,12,14
2020_01,A_전체,골프연습장,24,0.985,93.2,구로구,6,12
2020_01,A_전체,당구장,24,0.7135,144.4,강남구,12,15
2020_01,A_전체,빙상장,9,0.7456,100.0,강남구,5,5
2020_01,A_전체,수영장,23,0.9246,50.0,용산구,13,14
2020_01,A_전체,종합체육시설,20,0.9908,150.0,광진구,14,14
2020_01,A_전체,체력단련장,24,0.9893,63.9,광진구,11,17
2020_01,A_전체,체육도장,24,0.7057,184.7,강남구,9,15
2020_01,B_일괄말소제외,7업종합계,24,0.9593,34.6,강남구,11,16
2020_01,B_일괄말소제외,골프연습장,24,0.9748,93.2,구로구,5,11
2020_01,B_일괄말소제외,당구장,24,0.6967,144.4,강남구,10,14
2020_01,B_일괄말소제외,빙상장,9,0.7456,100.0,강남구,5,5
2020_01,B_일괄말소제외,수영장,23,0.9246,50.0,용산구,13,14
2020_01,B_일괄말소제외,종합체육시설,20,0.9908,150.0,광진구,14,14
2020_01,B_일괄말소제외,체력단련장,24,0.9912,33.3,강동구,10,16
2020_01,B_일괄말소제외,체육도장,24,0.8118,147.5,강남구,10,18
2020_01,C_취소말소상태전체제외,7업종합계,24,0.9548,32.5,강남구,11,16
2020_01,C_취소말소상태전체제외,골프연습장,24,0.9748,56.8,구로구,9,14
2020_01,C_취소말소상태전체제외,당구장,24,0.6833,143.9,강남구,9,14
2020_01,C_취소말소상태전체제외,빙상장,9,0.7456,100.0,강남구,5,5
2020_01,C_취소말소상태전체제외,수영장,23,0.9176,100.0,종로구,11,13
2020_01,C_취소말소상태전체제외,종합체육시설,20,0.9877,150.0,광진구,15,15
2020_01,C_취소말소상태전체제외,체력단련장,24,0.9913,36.0,강동구,11,15
2020_01,C_취소말소상태전체제외,체육도장,24,0.8193,116.9,강남구,11,17
2025_01,A_전체,7업종합계,25,0.9716,104.3,중구,18,20
2025_01,A_전체,골프연습장,25,0.9923,126.7,도봉구,13,18
2025_01,A_전체,당구장,25,0.7695,150.6,중구,20,22
2025_01,A_전체,빙상장,13,0.9564,100.0,중구,12,12
2025_01,A_전체,수영장,23,0.9782,75.0,중구,16,20
2025_01,A_전체,종합체육시설,22,0.9915,150.0,광진구,15,16
2025_01,A_전체,체력단련장,25,0.989,80.8,중구,16,20
2025_01,A_전체,체육도장,25,0.9123,131.7,양천구,16,20
2025_01,B_일괄말소제외,7업종합계,25,0.975,104.3,중구,18,20
2025_01,B_일괄말소제외,골프연습장,25,0.9923,126.7,도봉구,13,18
2025_01,B_일괄말소제외,당구장,25,0.7934,150.6,중구,20,23
2025_01,B_일괄말소제외,빙상장,13,0.9564,100.0,중구,12,12
2025_01,B_일괄말소제외,수영장,23,0.9782,75.0,중구,16,20
2025_01,B_일괄말소제외,종합체육시설,22,0.9915,150.0,광진구,15,16
2025_01,B_일괄말소제외,체력단련장,25,0.989,80.8,중구,16,20
2025_01,B_일괄말소제외,체육도장,25,0.9242,131.7,양천구,16,20
2025_01,C_취소말소상태전체제외,7업종합계,25,0.9738,104.3,중구,18,20
2025_01,C_취소말소상태전체제외,골프연습장,25,0.992,126.7,도봉구,12,18
2025_01,C_취소말소상태전체제외,당구장,25,0.7847,150.6,중구,19,22
2025_01,C_취소말소상태전체제외,빙상장,13,0.9071,100.0,중구,11,11
2025_01,C_취소말소상태전체제외,수영장,23,0.9757,75.0,중구,17,20
2025_01,C_취소말소상태전체제외,종합체육시설,22,0.9915,150.0,광진구,15,16
2025_01,C_취소말소상태전체제외,체력단련장,25,0.9889,80.8,중구,17,21
2025_01,C_취소말소상태전체제외,체육도장,25,0.9231,131.7,양천구,18,20
