snapshot,item,built,official,diff,official_source
2020_01,개별시설 합계(간이운동장 제외),529.0,529.0,0.0,문체부 전국 공공체육시설 현황(2019.12.31 기준) 총괄·마을체육시설
2020_01,"간이운동장(마을체육시설, 구 집계표만)",2476.0,2476.0,0.0,문체부 전국 공공체육시설 현황(2019.12.31 기준) 총괄·마을체육시설
2020_01,육상경기장,3.0,3.0,0.0,문체부 전국 공공체육시설 현황(2019.12.31 기준) 총괄·마을체육시설
2020_01,축구장,74.0,74.0,0.0,문체부 전국 공공체육시설 현황(2019.12.31 기준) 총괄·마을체육시설
2020_01,하키장,1.0,1.0,0.0,문체부 전국 공공체육시설 현황(2019.12.31 기준) 총괄·마을체육시설
2020_01,야구장,19.0,19.0,0.0,문체부 전국 공공체육시설 현황(2019.12.31 기준) 총괄·마을체육시설
2020_01,싸이클경기장,1.0,1.0,0.0,문체부 전국 공공체육시설 현황(2019.12.31 기준) 총괄·마을체육시설
2020_01,테니스장,66.0,66.0,0.0,문체부 전국 공공체육시설 현황(2019.12.31 기준) 총괄·마을체육시설
2020_01,체육관,146.0,146.0,0.0,문체부 전국 공공체육시설 현황(2019.12.31 기준) 총괄·마을체육시설
2020_01,구기체육관,44.0,44.0,0.0,문체부 전국 공공체육시설 현황(2019.12.31 기준) 총괄·마을체육시설
2020_01,투기체육관,2.0,2.0,0.0,문체부 전국 공공체육시설 현황(2019.12.31 기준) 총괄·마을체육시설
2020_01,생활체육관,100.0,100.0,0.0,문체부 전국 공공체육시설 현황(2019.12.31 기준) 총괄·마을체육시설
2020_01,전천후게이트볼장,22.0,22.0,0.0,문체부 전국 공공체육시설 현황(2019.12.31 기준) 총괄·마을체육시설
2020_01,수영장,95.0,95.0,0.0,문체부 전국 공공체육시설 현황(2019.12.31 기준) 총괄·마을체육시설
2020_01,롤러스케이트장,16.0,16.0,0.0,문체부 전국 공공체육시설 현황(2019.12.31 기준) 총괄·마을체육시설
2020_01,국궁장,8.0,8.0,0.0,문체부 전국 공공체육시설 현황(2019.12.31 기준) 총괄·마을체육시설
2020_01,승마장,0.0,0.0,0.0,문체부 전국 공공체육시설 현황(2019.12.31 기준) 총괄·마을체육시설
2020_01,골프연습장,35.0,35.0,0.0,문체부 전국 공공체육시설 현황(2019.12.31 기준) 총괄·마을체육시설
2020_01,빙상장,3.0,3.0,0.0,문체부 전국 공공체육시설 현황(2019.12.31 기준) 총괄·마을체육시설
2020_01,기타시설,40.0,40.0,0.0,문체부 전국 공공체육시설 현황(2019.12.31 기준) 총괄·마을체육시설
2020_01,범위:핵심종목,484.0,,,문체부 전국 공공체육시설 현황(2019.12.31 기준) 총괄·마을체육시설
2020_01,범위:기타·파크골프(정의변경 가능 종목),40.0,,,문체부 전국 공공체육시설 현황(2019.12.31 기준) 총괄·마을체육시설
2020_01,범위:서울밖소재(분석제외),5.0,,,문체부 전국 공공체육시설 현황(2019.12.31 기준) 총괄·마을체육시설
2020_01,별표2:마을단위|기타·파크골프(정의변경 가능 종목),40.0,,,문체부 전국 공공체육시설 현황(2019.12.31 기준) 총괄·마을체육시설
2020_01,별표2:마을단위|핵심종목,104.0,,,문체부 전국 공공체육시설 현황(2019.12.31 기준) 총괄·마을체육시설
2020_01,별표2:지역거점|핵심종목,380.0,,,문체부 전국 공공체육시설 현황(2019.12.31 기준) 총괄·마을체육시설
2025_01,개별시설 합계(간이운동장 제외),716.0,716.0,0.0,문체부 전국 공공체육시설 현황(2024.12.31 기준) 종합본
2025_01,"간이운동장(마을체육시설, 구 집계표만)",2538.0,2538.0,0.0,문체부 전국 공공체육시설 현황(2024.12.31 기준) 종합본
2025_01,육상경기장,3.0,3.0,0.0,문체부 전국 공공체육시설 현황(2024.12.31 기준) 종합본
2025_01,축구장,74.0,74.0,0.0,문체부 전국 공공체육시설 현황(2024.12.31 기준) 종합본
2025_01,하키장,1.0,1.0,0.0,문체부 전국 공공체육시설 현황(2024.12.31 기준) 종합본
2025_01,야구장,23.0,23.0,0.0,문체부 전국 공공체육시설 현황(2024.12.31 기준) 종합본
2025_01,싸이클경기장,1.0,1.0,0.0,문체부 전국 공공체육시설 현황(2024.12.31 기준) 종합본
2025_01,테니스장,76.0,76.0,0.0,문체부 전국 공공체육시설 현황(2024.12.31 기준) 종합본
2025_01,체육관,166.0,166.0,0.0,문체부 전국 공공체육시설 현황(2024.12.31 기준) 종합본
2025_01,구기체육관,51.0,51.0,0.0,문체부 전국 공공체육시설 현황(2024.12.31 기준) 종합본
2025_01,투기체육관,1.0,1.0,0.0,문체부 전국 공공체육시설 현황(2024.12.31 기준) 종합본
2025_01,생활체육관,114.0,114.0,0.0,문체부 전국 공공체육시설 현황(2024.12.31 기준) 종합본
2025_01,전천후게이트볼장,31.0,31.0,0.0,문체부 전국 공공체육시설 현황(2024.12.31 기준) 종합본
2025_01,수영장,99.0,99.0,0.0,문체부 전국 공공체육시설 현황(2024.12.31 기준) 종합본
2025_01,롤러스케이트장,14.0,14.0,0.0,문체부 전국 공공체육시설 현황(2024.12.31 기준) 종합본
2025_01,국궁장,8.0,8.0,0.0,문체부 전국 공공체육시설 현황(2024.12.31 기준) 종합본
2025_01,골프연습장,33.0,33.0,0.0,문체부 전국 공공체육시설 현황(2024.12.31 기준) 종합본
2025_01,빙상장,3.0,3.0,0.0,문체부 전국 공공체육시설 현황(2024.12.31 기준) 종합본
2025_01,파크골프장,23.0,23.0,0.0,문체부 전국 공공체육시설 현황(2024.12.31 기준) 종합본
2025_01,기타시설,161.0,161.0,0.0,문체부 전국 공공체육시설 현황(2024.12.31 기준) 종합본
2025_01,풋살장,34.0,34.0,0.0,문체부 전국 공공체육시설 현황(2024.12.31 기준) 종합본
2025_01,그외,127.0,127.0,0.0,문체부 전국 공공체육시설 현황(2024.12.31 기준) 종합본
2025_01,범위:핵심종목,527.0,,,문체부 전국 공공체육시설 현황(2024.12.31 기준) 종합본
2025_01,범위:기타·파크골프(정의변경 가능 종목),183.0,,,문체부 전국 공공체육시설 현황(2024.12.31 기준) 종합본
2025_01,범위:서울밖소재(분석제외),6.0,,,문체부 전국 공공체육시설 현황(2024.12.31 기준) 종합본
2025_01,별표2:마을단위|기타·파크골프(정의변경 가능 종목),183.0,,,문체부 전국 공공체육시설 현황(2024.12.31 기준) 종합본
2025_01,별표2:마을단위|핵심종목,120.0,,,문체부 전국 공공체육시설 현황(2024.12.31 기준) 종합본
2025_01,별표2:지역거점|핵심종목,407.0,,,문체부 전국 공공체육시설 현황(2024.12.31 기준) 종합본
