Rule,Facility,2020 total access (%),2025 total access (%),2020 access-poor reached (%),2025 access-poor reached (%),2020 living zones below minimum,2025 living zones below minimum
Grid efficiency,Library,73.0,75.8,50.8,50.1,11,7
Grid efficiency,Public kindergarten,53.8,59.0,31.9,33.6,14,11
Grid access-poor weighting,Library,72.8,75.7,55.8,57.9,9,6
Grid access-poor weighting,Public kindergarten,53.7,58.9,35.3,35.3,13,10
Gu minimum,Library,72.9,75.8,51.5,50.4,10,7
Gu minimum,Public kindergarten,53.8,59.0,32.7,33.5,13,10
Living-zone minimum,Library,71.0,74.3,50.9,53.2,0,0
Living-zone minimum,Public kindergarten,52.1,58.1,33.3,33.8,0,0
Living-zone minimum + access-poor weighting,Library,71.0,74.3,51.2,54.0,0,0
Living-zone minimum + access-poor weighting,Public kindergarten,52.1,58.1,35.4,36.8,0,0
