file,expected,actual,match
데이터/입력/grid/grid100_master.parquet,f96efa65a36827f2d2cf892e01d9177daacc96665b1383f6a3890fedb1d38312,f96efa65a36827f2d2cf892e01d9177daacc96665b1383f6a3890fedb1d38312,True
데이터/입력/facility/facility_2020_2025_units.parquet,ff1df7681352889a02b2ea5805def613a6748d0940a5bef32647188b2e530ed3,ff1df7681352889a02b2ea5805def613a6748d0940a5bef32647188b2e530ed3,True
데이터/입력/ttm/ttm100_2020/ku=11010/chunk_000.parquet,611cb2045a2a6cd96b015125338bc2916481d134dc5817199d3398d154c0c014,611cb2045a2a6cd96b015125338bc2916481d134dc5817199d3398d154c0c014,True
데이터/입력/ttm/ttm100_2020/ku=11010/chunk_001.parquet,c8b879fd77c897513cda7ecb540adc6eb63bbc6082760c63e758b375d9ad5721,c8b879fd77c897513cda7ecb540adc6eb63bbc6082760c63e758b375d9ad5721,True
데이터/입력/ttm/ttm100_2020/ku=11010/chunk_002.parquet,16bedf64f66eaf76a12bc3aa6ab3d7378e4427acd31912698554d7802b3c3a23,16bedf64f66eaf76a12bc3aa6ab3d7378e4427acd31912698554d7802b3c3a23,True
데이터/입력/ttm/ttm100_2020/ku=11010/chunk_003.parquet,a5b6f76e49a6e216fc237121daa543e3f5107fb88e10720506143377d78fadd1,a5b6f76e49a6e216fc237121daa543e3f5107fb88e10720506143377d78fadd1,True
데이터/입력/ttm/ttm100_2020/ku=11010/chunk_004.parquet,4098cf068fa7b49d5a8acc7031798084169ceef09927686e101fc445dce24908,4098cf068fa7b49d5a8acc7031798084169ceef09927686e101fc445dce24908,True
데이터/입력/ttm/ttm100_2020/ku=11010/chunk_005.parquet,f63f699050d407780415c0e46c7660b8f4d665459dda7b19fdd0dba14b3000da,f63f699050d407780415c0e46c7660b8f4d665459dda7b19fdd0dba14b3000da,True
데이터/입력/ttm/ttm100_2020/ku=11010/chunk_006.parquet,8d907a0d48c97a1b80ae7267646029dc43df91ef470f0c04eb57f270916cac44,8d907a0d48c97a1b80ae7267646029dc43df91ef470f0c04eb57f270916cac44,True
데이터/입력/ttm/ttm100_2020/ku=11020/chunk_000.parquet,bd5193446cbdd94445f08179f2107242b3e9b41897efe7ad043bce67e9f3f45d,bd5193446cbdd94445f08179f2107242b3e9b41897efe7ad043bce67e9f3f45d,True
데이터/입력/ttm/ttm100_2020/ku=11020/chunk_001.parquet,bcec5a045d25d3040d4569b89eae0166263d24ae53ce071966c7f3bef8d87d9d,bcec5a045d25d3040d4569b89eae0166263d24ae53ce071966c7f3bef8d87d9d,True
데이터/입력/ttm/ttm100_2020/ku=11020/chunk_002.parquet,dc1b8ca9f469ab13bc7e3e985b27d981002f19763d23aeea7fbd3b4ee6f8d88c,dc1b8ca9f469ab13bc7e3e985b27d981002f19763d23aeea7fbd3b4ee6f8d88c,True
데이터/입력/ttm/ttm100_2020/ku=11020/chunk_003.parquet,32d2f8872c347a4eb9194230742c417734f489c70bbefafe555fcecdefbc4622,32d2f8872c347a4eb9194230742c417734f489c70bbefafe555fcecdefbc4622,True
데이터/입력/ttm/ttm100_2020/ku=11030/chunk_000.parquet,d91e52c79fb725bc7ec7cc91b35eb73159432bf34f57f0c138c44a979d5e1784,d91e52c79fb725bc7ec7cc91b35eb73159432bf34f57f0c138c44a979d5e1784,True
데이터/입력/ttm/ttm100_2020/ku=11030/chunk_001.parquet,c5b7fa2e96a07a3e92d996de8f89888b1bb408d4a5f65c8c6598d5b4819065e9,c5b7fa2e96a07a3e92d996de8f89888b1bb408d4a5f65c8c6598d5b4819065e9,True
데이터/입력/ttm/ttm100_2020/ku=11030/chunk_002.parquet,dcdc4a5b2920b65df946861e873577d50a4ce39c31fad351da8e5860beb7490a,dcdc4a5b2920b65df946861e873577d50a4ce39c31fad351da8e5860beb7490a,True
데이터/입력/ttm/ttm100_2020/ku=11030/chunk_003.parquet,946023a9670bb9de80e6108c35219f2ca67ef844cd10415adda202b39a7059d8,946023a9670bb9de80e6108c35219f2ca67ef844cd10415adda202b39a7059d8,True
데이터/입력/ttm/ttm100_2020/ku=11030/chunk_004.parquet,8b68f3ecb760b780b464b72d48e306e36f6f5eff157fe1a2b11bfced555ecea7,8b68f3ecb760b780b464b72d48e306e36f6f5eff157fe1a2b11bfced555ecea7,True
데이터/입력/ttm/ttm100_2020/ku=11030/chunk_005.parquet,2812a2e50d57c5790fc8865a6a93f9335ae77bbb840cb148a4fd7d2095b20ef5,2812a2e50d57c5790fc8865a6a93f9335ae77bbb840cb148a4fd7d2095b20ef5,True
데이터/입력/ttm/ttm100_2020/ku=11040/chunk_000.parquet,eac8e1e6a6547e5ec1b8ed76ebd5f24679e4cdfa11a1891b350dd748cc4a726e,eac8e1e6a6547e5ec1b8ed76ebd5f24679e4cdfa11a1891b350dd748cc4a726e,True
데이터/입력/ttm/ttm100_2020/ku=11040/chunk_001.parquet,244277b666bf6e30d5d6970e5eba00eb470b6b4a1f8d8d6840adeb1bda0db66d,244277b666bf6e30d5d6970e5eba00eb470b6b4a1f8d8d6840adeb1bda0db66d,True
데이터/입력/ttm/ttm100_2020/ku=11040/chunk_002.parquet,b7b90cba6526e4889cbe9aa47adfa85f5b1c6720fa36f29e78de0d08bc5b3eab,b7b90cba6526e4889cbe9aa47adfa85f5b1c6720fa36f29e78de0d08bc5b3eab,True
데이터/입력/ttm/ttm100_2020/ku=11040/chunk_003.parquet,0532f92ca58efb05251704573081ed74f063ecf23f210e457aaeba93b322ff7d,0532f92ca58efb05251704573081ed74f063ecf23f210e457aaeba93b322ff7d,True
데이터/입력/ttm/ttm100_2020/ku=11040/chunk_004.parquet,da85123f2eba279abcf2762ef9c3b106d1a2fc7a607c9cdb012f25eacaae11ae,da85123f2eba279abcf2762ef9c3b106d1a2fc7a607c9cdb012f25eacaae11ae,True
데이터/입력/ttm/ttm100_2020/ku=11040/chunk_005.parquet,a577a6b7502673d20236f1ecfbd0091cb73e2d6fcc7a4c8e4e74a8ab19a1a5a2,a577a6b7502673d20236f1ecfbd0091cb73e2d6fcc7a4c8e4e74a8ab19a1a5a2,True
데이터/입력/ttm/ttm100_2020/ku=11050/chunk_000.parquet,a6d621df0b9c65a3e8e0e3af79b4bf3534f912bfec6e4c97b6e1e621400ad857,a6d621df0b9c65a3e8e0e3af79b4bf3534f912bfec6e4c97b6e1e621400ad857,True
데이터/입력/ttm/ttm100_2020/ku=11050/chunk_001.parquet,55a4da3f7a148a268473f13b80b3edc1061c480fdb4f6a805ccdf7df473affec,55a4da3f7a148a268473f13b80b3edc1061c480fdb4f6a805ccdf7df473affec,True
데이터/입력/ttm/ttm100_2020/ku=11050/chunk_002.parquet,65edc67e64fa29e4ad217e8a46a161840c862c92286045f3832b518dc3890a63,65edc67e64fa29e4ad217e8a46a161840c862c92286045f3832b518dc3890a63,True
데이터/입력/ttm/ttm100_2020/ku=11050/chunk_003.parquet,43daaa06ca1735d3603542963adddcfb409e26b470649c0ee5480365d8427d52,43daaa06ca1735d3603542963adddcfb409e26b470649c0ee5480365d8427d52,True
데이터/입력/ttm/ttm100_2020/ku=11050/chunk_004.parquet,2a46c7f0a9c2313d3d52b4e53d8f09ced1c3110e9dd96c09754e5508bc3c79f5,2a46c7f0a9c2313d3d52b4e53d8f09ced1c3110e9dd96c09754e5508bc3c79f5,True
데이터/입력/ttm/ttm100_2020/ku=11050/chunk_005.parquet,b9194f5e40b668fec776568f7a4c007015ba3bf46fe7aa01971b5bbc80ab4296,b9194f5e40b668fec776568f7a4c007015ba3bf46fe7aa01971b5bbc80ab4296,True
데이터/입력/ttm/ttm100_2020/ku=11060/chunk_000.parquet,e851989464ec01c5b5db823ff949b4b7df9d03f4972cff205a038dd24ad23dfd,e851989464ec01c5b5db823ff949b4b7df9d03f4972cff205a038dd24ad23dfd,True
데이터/입력/ttm/ttm100_2020/ku=11060/chunk_001.parquet,a0fb4045da731cb02f4f504cfc618b5c87ebae924888ec125930413e11597d19,a0fb4045da731cb02f4f504cfc618b5c87ebae924888ec125930413e11597d19,True
데이터/입력/ttm/ttm100_2020/ku=11060/chunk_002.parquet,ca139415488015625c65c2bc54f045807c6c4009b49ef6d0a9232310a4c6463a,ca139415488015625c65c2bc54f045807c6c4009b49ef6d0a9232310a4c6463a,True
데이터/입력/ttm/ttm100_2020/ku=11060/chunk_003.parquet,ae1ef7357cd95fc5d0b883f3581b17b1a1dabc3b5b26a0ad0e929a0a39ef34a6,ae1ef7357cd95fc5d0b883f3581b17b1a1dabc3b5b26a0ad0e929a0a39ef34a6,True
데이터/입력/ttm/ttm100_2020/ku=11060/chunk_004.parquet,d28451739d9f8ab51696057bada972e6d1d31d5c683fc58bdde6d3eea338119d,d28451739d9f8ab51696057bada972e6d1d31d5c683fc58bdde6d3eea338119d,True
데이터/입력/ttm/ttm100_2020/ku=11060/chunk_005.parquet,24ea3e798078946eb66af91f390d3c225a7a56843f71fdcc02faea324302c38c,24ea3e798078946eb66af91f390d3c225a7a56843f71fdcc02faea324302c38c,True
데이터/입력/ttm/ttm100_2020/ku=11060/chunk_006.parquet,32971600f3eebaf7571172b9db08ad83c814d09b98071672b8067775ca81f6fb,32971600f3eebaf7571172b9db08ad83c814d09b98071672b8067775ca81f6fb,True
데이터/입력/ttm/ttm100_2020/ku=11070/chunk_000.parquet,ff009b067ae9e3fd433b94d9996f39a0c83425e8f2213cbe93c85eaa9ddc836a,ff009b067ae9e3fd433b94d9996f39a0c83425e8f2213cbe93c85eaa9ddc836a,True
데이터/입력/ttm/ttm100_2020/ku=11070/chunk_001.parquet,8e703f6659d7bef0b194589d28d545d116162db58f2f8671bbff90be68b42778,8e703f6659d7bef0b194589d28d545d116162db58f2f8671bbff90be68b42778,True
데이터/입력/ttm/ttm100_2020/ku=11070/chunk_002.parquet,c91e415eb9314d10c28eebe2859d26146a966c2d59247f294f339717cbf25b50,c91e415eb9314d10c28eebe2859d26146a966c2d59247f294f339717cbf25b50,True
데이터/입력/ttm/ttm100_2020/ku=11070/chunk_003.parquet,5d24567fdf592612bb95d2114a4698fde3f4726061ac8b600c612103f87d7c6e,5d24567fdf592612bb95d2114a4698fde3f4726061ac8b600c612103f87d7c6e,True
데이터/입력/ttm/ttm100_2020/ku=11070/chunk_004.parquet,c8e05650085e727e318a60b9fefff6a3a4f03e580ddab39a0f0d75dccb6d6889,c8e05650085e727e318a60b9fefff6a3a4f03e580ddab39a0f0d75dccb6d6889,True
데이터/입력/ttm/ttm100_2020/ku=11070/chunk_005.parquet,eb711b15e882d8e0be3f3592615865e6cc03cb79be9a1902f4c50f33742ef2bb,eb711b15e882d8e0be3f3592615865e6cc03cb79be9a1902f4c50f33742ef2bb,True
데이터/입력/ttm/ttm100_2020/ku=11080/chunk_000.parquet,eb70cd958bd8c8f68f1141e36d17c3c6f15a56536e1c7ca72f2d15349c35799d,eb70cd958bd8c8f68f1141e36d17c3c6f15a56536e1c7ca72f2d15349c35799d,True
데이터/입력/ttm/ttm100_2020/ku=11080/chunk_001.parquet,1f40d1974aeb0555f26acc31c867b8606c247cd414788c2ab823bf19615b198f,1f40d1974aeb0555f26acc31c867b8606c247cd414788c2ab823bf19615b198f,True
데이터/입력/ttm/ttm100_2020/ku=11080/chunk_002.parquet,7e3489030f74b13ab25a1d962b3444057b09f93351f15142bca1032ca20688ed,7e3489030f74b13ab25a1d962b3444057b09f93351f15142bca1032ca20688ed,True
데이터/입력/ttm/ttm100_2020/ku=11080/chunk_003.parquet,541c72c960b88dd0c5dfa2188872fc7f35de4fdc5a580b8efe56ea8040bb51f3,541c72c960b88dd0c5dfa2188872fc7f35de4fdc5a580b8efe56ea8040bb51f3,True
데이터/입력/ttm/ttm100_2020/ku=11080/chunk_004.parquet,fe792e23de616d78a60ac304a9b1a8ef065ac0d47a5e1e3891eef43080d6424f,fe792e23de616d78a60ac304a9b1a8ef065ac0d47a5e1e3891eef43080d6424f,True
데이터/입력/ttm/ttm100_2020/ku=11080/chunk_005.parquet,7d0f601082dc48364584194004a3f21412e2b365ff59ca95a7945655be4d7867,7d0f601082dc48364584194004a3f21412e2b365ff59ca95a7945655be4d7867,True
데이터/입력/ttm/ttm100_2020/ku=11080/chunk_006.parquet,162126dbac8ceb88a1dc50c78f7cad1993ca6bb9e5d848c3cd480136cffcaeaf,162126dbac8ceb88a1dc50c78f7cad1993ca6bb9e5d848c3cd480136cffcaeaf,True
데이터/입력/ttm/ttm100_2020/ku=11080/chunk_007.parquet,deb21fdf5876b44555f4967ee1ccbcfcc42de9d92431b3eed2b8d8118fd8c3b0,deb21fdf5876b44555f4967ee1ccbcfcc42de9d92431b3eed2b8d8118fd8c3b0,True
데이터/입력/ttm/ttm100_2020/ku=11080/chunk_008.parquet,ca01df82ed74132054065edfe848f0ec116cbe8c4240fd5ff6c7b7a6b18768a9,ca01df82ed74132054065edfe848f0ec116cbe8c4240fd5ff6c7b7a6b18768a9,True
데이터/입력/ttm/ttm100_2020/ku=11090/chunk_000.parquet,6c5848cdef480066792437bae4570687960ee3e64d29570dd28bb15495b0d37f,6c5848cdef480066792437bae4570687960ee3e64d29570dd28bb15495b0d37f,True
데이터/입력/ttm/ttm100_2020/ku=11090/chunk_001.parquet,17b4cd9cf47386ff311cd311fc3c7dea981f55c8566b5ca01a5878b1b3737e27,17b4cd9cf47386ff311cd311fc3c7dea981f55c8566b5ca01a5878b1b3737e27,True
데이터/입력/ttm/ttm100_2020/ku=11090/chunk_002.parquet,e538dda1a8006bf45439c4928c24c202369149d47c4befee84a1997920265ee5,e538dda1a8006bf45439c4928c24c202369149d47c4befee84a1997920265ee5,True
데이터/입력/ttm/ttm100_2020/ku=11090/chunk_003.parquet,eed9c29178668be75d043ab8f4b41b35e7a6de70f86430a50200ad42eeff8702,eed9c29178668be75d043ab8f4b41b35e7a6de70f86430a50200ad42eeff8702,True
데이터/입력/ttm/ttm100_2020/ku=11090/chunk_004.parquet,f6bb320dba701958a421239d1438a0e114ee74a09229fa785a169d420296c039,f6bb320dba701958a421239d1438a0e114ee74a09229fa785a169d420296c039,True
데이터/입력/ttm/ttm100_2020/ku=11090/chunk_005.parquet,61d81c7ffe26a45032f47ccb95f5353aa6d87437cf9a075aecdcefa1b90c163d,61d81c7ffe26a45032f47ccb95f5353aa6d87437cf9a075aecdcefa1b90c163d,True
데이터/입력/ttm/ttm100_2020/ku=11100/chunk_000.parquet,6e242e198e778634da8cb77b9252dd6c672ec474d28dcfefa0dfdcd66e427e8e,6e242e198e778634da8cb77b9252dd6c672ec474d28dcfefa0dfdcd66e427e8e,True
데이터/입력/ttm/ttm100_2020/ku=11100/chunk_001.parquet,59f9404fef4f53f673a8647bb8a30972c905068c4b4f894335177278b92020df,59f9404fef4f53f673a8647bb8a30972c905068c4b4f894335177278b92020df,True
데이터/입력/ttm/ttm100_2020/ku=11100/chunk_002.parquet,8b1a29baa80bddf50a15fcda4a7f44e095d9aa6cece6321170102594ff9dade4,8b1a29baa80bddf50a15fcda4a7f44e095d9aa6cece6321170102594ff9dade4,True
데이터/입력/ttm/ttm100_2020/ku=11100/chunk_003.parquet,01f6ce687631b9c42e5d7e5ff67164fbc36fc53f60b1cfe568a7d888a73ef949,01f6ce687631b9c42e5d7e5ff67164fbc36fc53f60b1cfe568a7d888a73ef949,True
데이터/입력/ttm/ttm100_2020/ku=11100/chunk_004.parquet,eda7913503a1d815c957c8456fd0c19c85312cccd5ad2ef1a805168bce894905,eda7913503a1d815c957c8456fd0c19c85312cccd5ad2ef1a805168bce894905,True
데이터/입력/ttm/ttm100_2020/ku=11100/chunk_005.parquet,8b67cf2b01627f1dc1dfcf31f45bbb51205aee47010c229665043b9803fdb363,8b67cf2b01627f1dc1dfcf31f45bbb51205aee47010c229665043b9803fdb363,True
데이터/입력/ttm/ttm100_2020/ku=11110/chunk_000.parquet,d1d4ec07dea4436d11b750699d8408a09cc3a648879fa48027ef1c7d18c8e61a,d1d4ec07dea4436d11b750699d8408a09cc3a648879fa48027ef1c7d18c8e61a,True
데이터/입력/ttm/ttm100_2020/ku=11110/chunk_001.parquet,d7cf53389b11b81d4d50e7ea758c2e3f308e7c1e749cccb933a3eb3d0f1e23a0,d7cf53389b11b81d4d50e7ea758c2e3f308e7c1e749cccb933a3eb3d0f1e23a0,True
데이터/입력/ttm/ttm100_2020/ku=11110/chunk_002.parquet,ea75fd6aee0de4faee25950d18645c40aeb12c2bc8e695c2f53c9cc8a3856b9f,ea75fd6aee0de4faee25950d18645c40aeb12c2bc8e695c2f53c9cc8a3856b9f,True
데이터/입력/ttm/ttm100_2020/ku=11110/chunk_003.parquet,bd84b36d56bb885ccf085893ed960cb6200d3ae6a9fec813d7e155019f824481,bd84b36d56bb885ccf085893ed960cb6200d3ae6a9fec813d7e155019f824481,True
데이터/입력/ttm/ttm100_2020/ku=11110/chunk_004.parquet,402a57fcf6babcfe3d92ce92a3d630d6ff8779ee88a3d05a3e8c0fa72de0fa19,402a57fcf6babcfe3d92ce92a3d630d6ff8779ee88a3d05a3e8c0fa72de0fa19,True
데이터/입력/ttm/ttm100_2020/ku=11110/chunk_005.parquet,bd15a7f37687b8c7809c0db6a07732edf43dfed9766699051435aab7b8cd8844,bd15a7f37687b8c7809c0db6a07732edf43dfed9766699051435aab7b8cd8844,True
데이터/입력/ttm/ttm100_2020/ku=11110/chunk_006.parquet,890b230521fca376324b24e5e9d8a2193dca1f307a04329c6f33abb6c38bcb9c,890b230521fca376324b24e5e9d8a2193dca1f307a04329c6f33abb6c38bcb9c,True
데이터/입력/ttm/ttm100_2020/ku=11110/chunk_007.parquet,ad54281bafaa3609a4a7045a1ff52317a45a8c3aac9a40e18ef30f2301d48d1a,ad54281bafaa3609a4a7045a1ff52317a45a8c3aac9a40e18ef30f2301d48d1a,True
데이터/입력/ttm/ttm100_2020/ku=11120/chunk_000.parquet,968e55fd3b9d5caff2f654fc176379cdadd95c52d124583e7a117ea5c579aea0,968e55fd3b9d5caff2f654fc176379cdadd95c52d124583e7a117ea5c579aea0,True
데이터/입력/ttm/ttm100_2020/ku=11120/chunk_001.parquet,1ad2e21ecc39ed50770dc103f6e37566a1226d60c9eb734d81f0ca222a7c573f,1ad2e21ecc39ed50770dc103f6e37566a1226d60c9eb734d81f0ca222a7c573f,True
데이터/입력/ttm/ttm100_2020/ku=11120/chunk_002.parquet,035b9d5fd2280446f640a5486cf68bce7090fa17ab1c5e2855ffd25614ecaf61,035b9d5fd2280446f640a5486cf68bce7090fa17ab1c5e2855ffd25614ecaf61,True
데이터/입력/ttm/ttm100_2020/ku=11120/chunk_003.parquet,149f42896c61bb6b733586bad19683415f0815569e4b3c0b9250f6af13360004,149f42896c61bb6b733586bad19683415f0815569e4b3c0b9250f6af13360004,True
데이터/입력/ttm/ttm100_2020/ku=11120/chunk_004.parquet,e8e68fec091ef7cff5deeb32aed6749ae2e19b63526f141dad9109afc21e3990,e8e68fec091ef7cff5deeb32aed6749ae2e19b63526f141dad9109afc21e3990,True
데이터/입력/ttm/ttm100_2020/ku=11120/chunk_005.parquet,58143b7bcc9ad2fe26d4f5dbc52b7804d11253c794e67420a5e1fb357aba060d,58143b7bcc9ad2fe26d4f5dbc52b7804d11253c794e67420a5e1fb357aba060d,True
데이터/입력/ttm/ttm100_2020/ku=11120/chunk_006.parquet,b666a554031d1ca840baaaa7c9bdba7b2bca298f8ab07868c5b65aa613cd13af,b666a554031d1ca840baaaa7c9bdba7b2bca298f8ab07868c5b65aa613cd13af,True
데이터/입력/ttm/ttm100_2020/ku=11120/chunk_007.parquet,d522fc848a0d73be28ed83541fa2d9f9b89ce8cfc8d4f4b96bf94de4d564ab19,d522fc848a0d73be28ed83541fa2d9f9b89ce8cfc8d4f4b96bf94de4d564ab19,True
데이터/입력/ttm/ttm100_2020/ku=11130/chunk_000.parquet,a9c2dbca7d79412fb3926ec467cf6ef6f4578cf71a7afd0c8efe69471597dce3,a9c2dbca7d79412fb3926ec467cf6ef6f4578cf71a7afd0c8efe69471597dce3,True
데이터/입력/ttm/ttm100_2020/ku=11130/chunk_001.parquet,4c9f16dad759bda2a741592bdd2cf891719045cb81a0a4d96486b7effaca4dbb,4c9f16dad759bda2a741592bdd2cf891719045cb81a0a4d96486b7effaca4dbb,True
데이터/입력/ttm/ttm100_2020/ku=11130/chunk_002.parquet,2fb9851a76d321e8040a62d94607f30d5a51c9f14d09f5864bedd99a68976f1e,2fb9851a76d321e8040a62d94607f30d5a51c9f14d09f5864bedd99a68976f1e,True
데이터/입력/ttm/ttm100_2020/ku=11130/chunk_003.parquet,210fa8fb0264f898dfc866194e6573c14cd622473c3f625d7d82401e17cda87d,210fa8fb0264f898dfc866194e6573c14cd622473c3f625d7d82401e17cda87d,True
데이터/입력/ttm/ttm100_2020/ku=11130/chunk_004.parquet,1a6aba8c889175f8cc8432033bffea5ba65787aa16619fe14d61bbafcb5c9efb,1a6aba8c889175f8cc8432033bffea5ba65787aa16619fe14d61bbafcb5c9efb,True
데이터/입력/ttm/ttm100_2020/ku=11130/chunk_005.parquet,569b6e1b1490ff78a6af8312ce9291916c5c090ea3a9fbbf38b0260bc6166650,569b6e1b1490ff78a6af8312ce9291916c5c090ea3a9fbbf38b0260bc6166650,True
데이터/입력/ttm/ttm100_2020/ku=11130/chunk_006.parquet,84963bb82711d8348ec5756e9828077d63797d1d5ba138de5d4006dd65a11944,84963bb82711d8348ec5756e9828077d63797d1d5ba138de5d4006dd65a11944,True
데이터/입력/ttm/ttm100_2020/ku=11140/chunk_000.parquet,3c796110e9f4fd3e91e819c367ea115c72a060039a4c980e205a0a533e9c231f,3c796110e9f4fd3e91e819c367ea115c72a060039a4c980e205a0a533e9c231f,True
데이터/입력/ttm/ttm100_2020/ku=11140/chunk_001.parquet,7e7f92bcd073d4a149906c6700e2a0b9e20237cd812b9b34dfc23bdaed0d891e,7e7f92bcd073d4a149906c6700e2a0b9e20237cd812b9b34dfc23bdaed0d891e,True
데이터/입력/ttm/ttm100_2020/ku=11140/chunk_002.parquet,e72baa5b9e3e2e114cff4b16bd9bf0f7c0e5c3d5fe1f64725547ec9310197ee8,e72baa5b9e3e2e114cff4b16bd9bf0f7c0e5c3d5fe1f64725547ec9310197ee8,True
데이터/입력/ttm/ttm100_2020/ku=11140/chunk_003.parquet,65514ea7e1cf9bfd98f3739886ad657f5fe6c6f56c235c7be967a7588a841a12,65514ea7e1cf9bfd98f3739886ad657f5fe6c6f56c235c7be967a7588a841a12,True
데이터/입력/ttm/ttm100_2020/ku=11140/chunk_004.parquet,819b24107b1900f9b739f38b1e44b00f62eaa45fb212cd3f7df994a79d80ef2f,819b24107b1900f9b739f38b1e44b00f62eaa45fb212cd3f7df994a79d80ef2f,True
데이터/입력/ttm/ttm100_2020/ku=11140/chunk_005.parquet,7e82cfc46d25a4bb9942cfde197b2d11d0aea53e0ce00797876aac4e43983a77,7e82cfc46d25a4bb9942cfde197b2d11d0aea53e0ce00797876aac4e43983a77,True
데이터/입력/ttm/ttm100_2020/ku=11140/chunk_006.parquet,18481ed710fc71d54ecd02f8e31a6cdf8999151236b69d338e6abfeb3085e6fe,18481ed710fc71d54ecd02f8e31a6cdf8999151236b69d338e6abfeb3085e6fe,True
데이터/입력/ttm/ttm100_2020/ku=11150/chunk_000.parquet,ea4d8201d87bb04399b66c934291af8bae05edc2f6abe63ed4b14207aa47ec10,ea4d8201d87bb04399b66c934291af8bae05edc2f6abe63ed4b14207aa47ec10,True
데이터/입력/ttm/ttm100_2020/ku=11150/chunk_001.parquet,8e7dc0eacb54d60fc4e9b2aed62b66f400222bd152c2ba55d1f17bdcfeed29de,8e7dc0eacb54d60fc4e9b2aed62b66f400222bd152c2ba55d1f17bdcfeed29de,True
데이터/입력/ttm/ttm100_2020/ku=11150/chunk_002.parquet,a1157894555450766f020271ebc0d238e92356e52205091c2b430950bcd40dbd,a1157894555450766f020271ebc0d238e92356e52205091c2b430950bcd40dbd,True
데이터/입력/ttm/ttm100_2020/ku=11150/chunk_003.parquet,801013d414dfca26f1b56c0635cfe3deaedff8a61435da862cb4a2b7c43db32b,801013d414dfca26f1b56c0635cfe3deaedff8a61435da862cb4a2b7c43db32b,True
데이터/입력/ttm/ttm100_2020/ku=11150/chunk_004.parquet,70fcdda90da5fb0ecbc72139bf55cc5ff3a040abebd3f84527fffc99d4ab1e24,70fcdda90da5fb0ecbc72139bf55cc5ff3a040abebd3f84527fffc99d4ab1e24,True
데이터/입력/ttm/ttm100_2020/ku=11150/chunk_005.parquet,45e11660f38689b51acd00266ac39ca65ff0f3ceb7033d38893f01a18039675a,45e11660f38689b51acd00266ac39ca65ff0f3ceb7033d38893f01a18039675a,True
데이터/입력/ttm/ttm100_2020/ku=11150/chunk_006.parquet,f4014e1bc3b6ae815bec746925fe754e76c4300b1747db6a61e02863c4000aea,f4014e1bc3b6ae815bec746925fe754e76c4300b1747db6a61e02863c4000aea,True
데이터/입력/ttm/ttm100_2020/ku=11160/chunk_000.parquet,4f7f58b7bd73cf5cf5c78964c4c3d59c0b02a3ee7933a1b8ec3107969668bd9e,4f7f58b7bd73cf5cf5c78964c4c3d59c0b02a3ee7933a1b8ec3107969668bd9e,True
데이터/입력/ttm/ttm100_2020/ku=11160/chunk_001.parquet,a1b545b4a73d972d494d50cd9199f1692ea4dc2f933e9b3b21954850ba142b05,a1b545b4a73d972d494d50cd9199f1692ea4dc2f933e9b3b21954850ba142b05,True
데이터/입력/ttm/ttm100_2020/ku=11160/chunk_002.parquet,3e42184c7bca67efc0be692c52019c26153a84e72bf3302a28cf44b1db4764f6,3e42184c7bca67efc0be692c52019c26153a84e72bf3302a28cf44b1db4764f6,True
데이터/입력/ttm/ttm100_2020/ku=11160/chunk_003.parquet,5bcf8f8269a848642f4de63d604c624e379275d33ecbe627c27259e19c6edb03,5bcf8f8269a848642f4de63d604c624e379275d33ecbe627c27259e19c6edb03,True
데이터/입력/ttm/ttm100_2020/ku=11160/chunk_004.parquet,4858c49db2138c27a52b825484ddb52f2708e1bf828596e25ec628f5eeee7dff,4858c49db2138c27a52b825484ddb52f2708e1bf828596e25ec628f5eeee7dff,True
데이터/입력/ttm/ttm100_2020/ku=11160/chunk_005.parquet,b870f347f7a7a1e3518d966e818a92aaaead256e22ffa1cf70eb517bc9939f74,b870f347f7a7a1e3518d966e818a92aaaead256e22ffa1cf70eb517bc9939f74,True
데이터/입력/ttm/ttm100_2020/ku=11160/chunk_006.parquet,9e29a12e52f41cd8dc15989ed645aeaf016ee716de8cf51b093a792858b00a7a,9e29a12e52f41cd8dc15989ed645aeaf016ee716de8cf51b093a792858b00a7a,True
데이터/입력/ttm/ttm100_2020/ku=11160/chunk_007.parquet,02d78d6d51d80940c21714e99bc9ef0ed30d91761410cafcb0d60c6b53ddaf7f,02d78d6d51d80940c21714e99bc9ef0ed30d91761410cafcb0d60c6b53ddaf7f,True
데이터/입력/ttm/ttm100_2020/ku=11160/chunk_008.parquet,24034a998efabc4f7b4e3ee4e58e32309e6d4d878f8f84a220a51a8d5e11bdb9,24034a998efabc4f7b4e3ee4e58e32309e6d4d878f8f84a220a51a8d5e11bdb9,True
데이터/입력/ttm/ttm100_2020/ku=11160/chunk_009.parquet,519ad919ed611d8ce1b8c66ea7fd0bafe4d54cac098ce3fe5527c21bce62cd42,519ad919ed611d8ce1b8c66ea7fd0bafe4d54cac098ce3fe5527c21bce62cd42,True
데이터/입력/ttm/ttm100_2020/ku=11170/chunk_000.parquet,d6df15c9e94db50d8d581e1814d8461f2f55dd22b724cbe46d0a7815ecc491be,d6df15c9e94db50d8d581e1814d8461f2f55dd22b724cbe46d0a7815ecc491be,True
데이터/입력/ttm/ttm100_2020/ku=11170/chunk_001.parquet,383fe820f53286253e0a4dc2af4c5eb5e93d0f43ede776edc6a7c7acb5b979db,383fe820f53286253e0a4dc2af4c5eb5e93d0f43ede776edc6a7c7acb5b979db,True
데이터/입력/ttm/ttm100_2020/ku=11170/chunk_002.parquet,73aad73f10fd314e687392d84a5c8367a66f49e3c6d3126627e6358899479419,73aad73f10fd314e687392d84a5c8367a66f49e3c6d3126627e6358899479419,True
데이터/입력/ttm/ttm100_2020/ku=11170/chunk_003.parquet,fbe642474b858890d5e08b759453201046ed685c7015e4062826b7d2401c056c,fbe642474b858890d5e08b759453201046ed685c7015e4062826b7d2401c056c,True
데이터/입력/ttm/ttm100_2020/ku=11170/chunk_004.parquet,d37648b90e01ce8e67b78c9b05b1165ebe77b19ab9052ed0e91de24db477513a,d37648b90e01ce8e67b78c9b05b1165ebe77b19ab9052ed0e91de24db477513a,True
데이터/입력/ttm/ttm100_2020/ku=11170/chunk_005.parquet,69e8b02581572c0cffa2324bf6df288645e2585987bf151befa10b326609e3e3,69e8b02581572c0cffa2324bf6df288645e2585987bf151befa10b326609e3e3,True
데이터/입력/ttm/ttm100_2020/ku=11170/chunk_006.parquet,2d4b94cea93537890dd092982299e41bfacce9a753c22726f46698ec049aa51d,2d4b94cea93537890dd092982299e41bfacce9a753c22726f46698ec049aa51d,True
데이터/입력/ttm/ttm100_2020/ku=11170/chunk_007.parquet,e46b5adcb87e76695c980741a3f260eb296cba9a8d463fb42363c720907fe9fa,e46b5adcb87e76695c980741a3f260eb296cba9a8d463fb42363c720907fe9fa,True
데이터/입력/ttm/ttm100_2020/ku=11180/chunk_000.parquet,1bd7e1fdb6898eb6a9d47c2d9ad485ef232c82559c75f42d27e10480b12aedec,1bd7e1fdb6898eb6a9d47c2d9ad485ef232c82559c75f42d27e10480b12aedec,True
데이터/입력/ttm/ttm100_2020/ku=11180/chunk_001.parquet,cdb06ecea18e6149479d60343a1d5c297f7528a5570b4d21599119d33747c802,cdb06ecea18e6149479d60343a1d5c297f7528a5570b4d21599119d33747c802,True
데이터/입력/ttm/ttm100_2020/ku=11180/chunk_002.parquet,46c0ac2600cde6c7dd3d030dcc853f84f39f7b47322d14993b20accf5f6a2968,46c0ac2600cde6c7dd3d030dcc853f84f39f7b47322d14993b20accf5f6a2968,True
데이터/입력/ttm/ttm100_2020/ku=11180/chunk_003.parquet,a736ab937b6f05b1c1dbe6e662ef44f9f9ce054430a8aebf4a86c01331e47b09,a736ab937b6f05b1c1dbe6e662ef44f9f9ce054430a8aebf4a86c01331e47b09,True
데이터/입력/ttm/ttm100_2020/ku=11180/chunk_004.parquet,2b03745ff629c42ce829e2540b3fd1a35ef2f55e4f2b49250a7a84a6e183e17a,2b03745ff629c42ce829e2540b3fd1a35ef2f55e4f2b49250a7a84a6e183e17a,True
데이터/입력/ttm/ttm100_2020/ku=11190/chunk_000.parquet,efd2aef79a5d365e1218bcbeeb1216ee4db108f373065a3702ded5ff2c281111,efd2aef79a5d365e1218bcbeeb1216ee4db108f373065a3702ded5ff2c281111,True
데이터/입력/ttm/ttm100_2020/ku=11190/chunk_001.parquet,2f53617ea69a26aa39e483c20b39c956b034567da645d15ff45a6172ac6c4f07,2f53617ea69a26aa39e483c20b39c956b034567da645d15ff45a6172ac6c4f07,True
데이터/입력/ttm/ttm100_2020/ku=11190/chunk_002.parquet,ad06e5a9aab41b1513d7401213dc676e30bab7364d73eaa2ee1f8d49a2a29ce0,ad06e5a9aab41b1513d7401213dc676e30bab7364d73eaa2ee1f8d49a2a29ce0,True
데이터/입력/ttm/ttm100_2020/ku=11190/chunk_003.parquet,76e3d25a61673c8c5459b1f18f7e9ae9890d52b4b0b0fa1366413633cf558d6c,76e3d25a61673c8c5459b1f18f7e9ae9890d52b4b0b0fa1366413633cf558d6c,True
데이터/입력/ttm/ttm100_2020/ku=11190/chunk_004.parquet,b8330db1bf38fcd10cc1791c0039299cdcaff6090489202c315670cfd7d23fed,b8330db1bf38fcd10cc1791c0039299cdcaff6090489202c315670cfd7d23fed,True
데이터/입력/ttm/ttm100_2020/ku=11190/chunk_005.parquet,5aa383bcf36a25eb399b4119a7f95f1a6afbf1db367dc81d1b7894d5fe079525,5aa383bcf36a25eb399b4119a7f95f1a6afbf1db367dc81d1b7894d5fe079525,True
데이터/입력/ttm/ttm100_2020/ku=11190/chunk_006.parquet,0a143bb37570f2dd3d1c8e6371424176f175b437af8407c4fc53ccf7091abe9d,0a143bb37570f2dd3d1c8e6371424176f175b437af8407c4fc53ccf7091abe9d,True
데이터/입력/ttm/ttm100_2020/ku=11200/chunk_000.parquet,956615839443e8b92a22439279f8d41e1f71393bffbf3b06b9e18a9709755b3f,956615839443e8b92a22439279f8d41e1f71393bffbf3b06b9e18a9709755b3f,True
데이터/입력/ttm/ttm100_2020/ku=11200/chunk_001.parquet,83189b00b577caa135504183cff93e01c445c7bcb242a898678c1cfc9f61b325,83189b00b577caa135504183cff93e01c445c7bcb242a898678c1cfc9f61b325,True
데이터/입력/ttm/ttm100_2020/ku=11200/chunk_002.parquet,cbcee030b5386d9083d151fb580c2832dc40c96729aafc7ec89786b0832d4f9d,cbcee030b5386d9083d151fb580c2832dc40c96729aafc7ec89786b0832d4f9d,True
데이터/입력/ttm/ttm100_2020/ku=11200/chunk_003.parquet,47a43c2f5d8f314bcd55c29e71a6391c9edf8acea4e96e8140d066b6dd5b6b3c,47a43c2f5d8f314bcd55c29e71a6391c9edf8acea4e96e8140d066b6dd5b6b3c,True
데이터/입력/ttm/ttm100_2020/ku=11200/chunk_004.parquet,50ce11ffcfe96606dd885902beb2314e06b9d15e0e13c1d9a5d6a55e2bca1028,50ce11ffcfe96606dd885902beb2314e06b9d15e0e13c1d9a5d6a55e2bca1028,True
데이터/입력/ttm/ttm100_2020/ku=11200/chunk_005.parquet,b63372313b19b47a85c09708995637e3935f77962d81fb390c4a16e042df3cc4,b63372313b19b47a85c09708995637e3935f77962d81fb390c4a16e042df3cc4,True
데이터/입력/ttm/ttm100_2020/ku=11210/chunk_000.parquet,6e5dd008be191491c07caf19cce0f4b17c545bff1e74180641437cc2209be5ca,6e5dd008be191491c07caf19cce0f4b17c545bff1e74180641437cc2209be5ca,True
데이터/입력/ttm/ttm100_2020/ku=11210/chunk_001.parquet,3c9d2ea7a8f6d7a733c77d60a5c9c022cd2bb8c3695054f7e13f57e5a47762be,3c9d2ea7a8f6d7a733c77d60a5c9c022cd2bb8c3695054f7e13f57e5a47762be,True
데이터/입력/ttm/ttm100_2020/ku=11210/chunk_002.parquet,be808c0f602ee69fb1f457bfc592da609219b216e05467d0b7676b9f33f7467d,be808c0f602ee69fb1f457bfc592da609219b216e05467d0b7676b9f33f7467d,True
데이터/입력/ttm/ttm100_2020/ku=11210/chunk_003.parquet,db454daf4be7db05f11813953f2a2245c8da70a1cae3a687d0eafdc488c5f53b,db454daf4be7db05f11813953f2a2245c8da70a1cae3a687d0eafdc488c5f53b,True
데이터/입력/ttm/ttm100_2020/ku=11210/chunk_004.parquet,ce8e68bb37610d702825b24e2e45b23b2f377450b5926f77d809b435cec8a1c5,ce8e68bb37610d702825b24e2e45b23b2f377450b5926f77d809b435cec8a1c5,True
데이터/입력/ttm/ttm100_2020/ku=11210/chunk_005.parquet,2928be248e8abec42a111729b847d846e570bb026dd4e62075ae701f59b44e12,2928be248e8abec42a111729b847d846e570bb026dd4e62075ae701f59b44e12,True
데이터/입력/ttm/ttm100_2020/ku=11210/chunk_006.parquet,c6554ac92ee73e6b64fd9eaccb7fbe4dc19650bbcb9a0543b0dc7760f544e3e4,c6554ac92ee73e6b64fd9eaccb7fbe4dc19650bbcb9a0543b0dc7760f544e3e4,True
데이터/입력/ttm/ttm100_2020/ku=11210/chunk_007.parquet,4b9b194a1fba41168d17b08d3bdb571333cfd6c10bf0bbc6229f96472f2b1c34,4b9b194a1fba41168d17b08d3bdb571333cfd6c10bf0bbc6229f96472f2b1c34,True
데이터/입력/ttm/ttm100_2020/ku=11220/chunk_000.parquet,1d8a68176206e9c56b0c2853633f583804b17babde6ef3c6825866124f675b0a,1d8a68176206e9c56b0c2853633f583804b17babde6ef3c6825866124f675b0a,True
데이터/입력/ttm/ttm100_2020/ku=11220/chunk_001.parquet,b7c677db5c1917bf2789cbdb53c61dcbab657729255ec64c880db0760169b791,b7c677db5c1917bf2789cbdb53c61dcbab657729255ec64c880db0760169b791,True
데이터/입력/ttm/ttm100_2020/ku=11220/chunk_002.parquet,9f1911fa134f0cfdcf0dfdac86f7e3d370b26f4239a547deb31e6e0a259399ea,9f1911fa134f0cfdcf0dfdac86f7e3d370b26f4239a547deb31e6e0a259399ea,True
데이터/입력/ttm/ttm100_2020/ku=11220/chunk_003.parquet,fdf95e2d2111a8dce1786364c2d0963ef38ec22ad9c20bbb6e1f8fbc48d71f89,fdf95e2d2111a8dce1786364c2d0963ef38ec22ad9c20bbb6e1f8fbc48d71f89,True
데이터/입력/ttm/ttm100_2020/ku=11220/chunk_004.parquet,4f7716aa8947b8fd37aa7b00c87bafa4041885fecbe940734ec7bdcb09a06422,4f7716aa8947b8fd37aa7b00c87bafa4041885fecbe940734ec7bdcb09a06422,True
데이터/입력/ttm/ttm100_2020/ku=11220/chunk_005.parquet,fcd2e0aaa779ce00a01cf94079d4f3aa3bcb80611548b77c232b7cf76db4901d,fcd2e0aaa779ce00a01cf94079d4f3aa3bcb80611548b77c232b7cf76db4901d,True
데이터/입력/ttm/ttm100_2020/ku=11220/chunk_006.parquet,2925949a9f59119b9215df998ba742a76337ce815df68528d27d990eb08a2b3b,2925949a9f59119b9215df998ba742a76337ce815df68528d27d990eb08a2b3b,True
데이터/입력/ttm/ttm100_2020/ku=11220/chunk_007.parquet,c57ffd7b5e191893a3fdcac96983d1a66bea702556be346cea461d5ea3716ad7,c57ffd7b5e191893a3fdcac96983d1a66bea702556be346cea461d5ea3716ad7,True
데이터/입력/ttm/ttm100_2020/ku=11220/chunk_008.parquet,1acf5aa19f04dec5be9e08e2034a6fba6d56bb08bd197615bb807c365022534a,1acf5aa19f04dec5be9e08e2034a6fba6d56bb08bd197615bb807c365022534a,True
데이터/입력/ttm/ttm100_2020/ku=11220/chunk_009.parquet,99b91055d65a8b930719c3a04b498b0ad6bd3d15596b1b7935e05c91ba568421,99b91055d65a8b930719c3a04b498b0ad6bd3d15596b1b7935e05c91ba568421,True
데이터/입력/ttm/ttm100_2020/ku=11230/chunk_000.parquet,a9294858da2987892ecd756568ffa277d71480af76a402b3f6031fd5e3de370a,a9294858da2987892ecd756568ffa277d71480af76a402b3f6031fd5e3de370a,True
데이터/입력/ttm/ttm100_2020/ku=11230/chunk_001.parquet,8576d45cd87146f9ed99c57f91b10dd2c123e9987be2edbfecd266b4d70860d2,8576d45cd87146f9ed99c57f91b10dd2c123e9987be2edbfecd266b4d70860d2,True
데이터/입력/ttm/ttm100_2020/ku=11230/chunk_002.parquet,828c7cb01c99a68ab6d3ef48a18e775feeaae2f71fb3453cf549fe116d3b7a58,828c7cb01c99a68ab6d3ef48a18e775feeaae2f71fb3453cf549fe116d3b7a58,True
데이터/입력/ttm/ttm100_2020/ku=11230/chunk_003.parquet,8b83286e6703e84aff70d9ac67645c6722c01e976e3e89050c03b67ef1b76bfa,8b83286e6703e84aff70d9ac67645c6722c01e976e3e89050c03b67ef1b76bfa,True
데이터/입력/ttm/ttm100_2020/ku=11230/chunk_004.parquet,e958f101ef54195f04bfaba5c260535dde2015608eaca3a098d680f44de80529,e958f101ef54195f04bfaba5c260535dde2015608eaca3a098d680f44de80529,True
데이터/입력/ttm/ttm100_2020/ku=11230/chunk_005.parquet,a97c51b4270fbe789da37c766cc5b2e6f7565f64b9ed2ad1d2cd5de50418f5fc,a97c51b4270fbe789da37c766cc5b2e6f7565f64b9ed2ad1d2cd5de50418f5fc,True
데이터/입력/ttm/ttm100_2020/ku=11230/chunk_006.parquet,80a8a22224e6111891f0faefc73573ef737c07ae249dedb9bb00b21b9aa8db63,80a8a22224e6111891f0faefc73573ef737c07ae249dedb9bb00b21b9aa8db63,True
데이터/입력/ttm/ttm100_2020/ku=11230/chunk_007.parquet,21064bb4e04841e823bb3c7a2ee2150d35204677203b5df16240397deb099981,21064bb4e04841e823bb3c7a2ee2150d35204677203b5df16240397deb099981,True
데이터/입력/ttm/ttm100_2020/ku=11230/chunk_008.parquet,0539a1ed3841f47161afa0964476c820460010d5062e9189e76db954a853fa09,0539a1ed3841f47161afa0964476c820460010d5062e9189e76db954a853fa09,True
데이터/입력/ttm/ttm100_2020/ku=11230/chunk_009.parquet,05af6b790c7fb965dab0857ffeffa9d0647d35a30616fe61f2ec21ba85453ee3,05af6b790c7fb965dab0857ffeffa9d0647d35a30616fe61f2ec21ba85453ee3,True
데이터/입력/ttm/ttm100_2020/ku=11230/chunk_010.parquet,5de5f01804c911edacb33423f1e6da7d481385d0688c74b735f7436aeef83251,5de5f01804c911edacb33423f1e6da7d481385d0688c74b735f7436aeef83251,True
데이터/입력/ttm/ttm100_2020/ku=11230/chunk_011.parquet,4b023575062b758eac8a4429ab633badd9d65f1f9056358ac646fcac96399bc9,4b023575062b758eac8a4429ab633badd9d65f1f9056358ac646fcac96399bc9,True
데이터/입력/ttm/ttm100_2020/ku=11240/chunk_000.parquet,7da075138b32c33dde24418b6a3b104f4386d5f9abca3248a436bc3e2353dccc,7da075138b32c33dde24418b6a3b104f4386d5f9abca3248a436bc3e2353dccc,True
데이터/입력/ttm/ttm100_2020/ku=11240/chunk_001.parquet,0f61f95fc756d8a1f2c7f9edf6682a94e7cdc2285739dc5a48e74a8b7bc8ce5f,0f61f95fc756d8a1f2c7f9edf6682a94e7cdc2285739dc5a48e74a8b7bc8ce5f,True
데이터/입력/ttm/ttm100_2020/ku=11240/chunk_002.parquet,654f5c1fee5f4ca1bf209ffb9a0e644a73b092642b0c5803b406b4c298d0e982,654f5c1fee5f4ca1bf209ffb9a0e644a73b092642b0c5803b406b4c298d0e982,True
데이터/입력/ttm/ttm100_2020/ku=11240/chunk_003.parquet,065c97c9e76a58a7047ca28c270d102a7d2448509461039b834072c2f9fa3ab1,065c97c9e76a58a7047ca28c270d102a7d2448509461039b834072c2f9fa3ab1,True
데이터/입력/ttm/ttm100_2020/ku=11240/chunk_004.parquet,9d12e3fb89d91139454277d9e0d9be6552364f5cb4b2e422a5ce85bb533495c3,9d12e3fb89d91139454277d9e0d9be6552364f5cb4b2e422a5ce85bb533495c3,True
데이터/입력/ttm/ttm100_2020/ku=11240/chunk_005.parquet,e39dfb1344b8f2a94c553b47638bd1b051f08d7101a84801b5ee7109d000c47e,e39dfb1344b8f2a94c553b47638bd1b051f08d7101a84801b5ee7109d000c47e,True
데이터/입력/ttm/ttm100_2020/ku=11240/chunk_006.parquet,ba913eeec8ebf08d745c560d1a233d016f10119a43bc4d442864208537054926,ba913eeec8ebf08d745c560d1a233d016f10119a43bc4d442864208537054926,True
데이터/입력/ttm/ttm100_2020/ku=11240/chunk_007.parquet,653bd4f75a47f35375a62390812294eb32c75b9e98042ea498d8c7db8d6cf4f4,653bd4f75a47f35375a62390812294eb32c75b9e98042ea498d8c7db8d6cf4f4,True
데이터/입력/ttm/ttm100_2020/ku=11240/chunk_008.parquet,a8077afb13fd2c712c989a3dfb76dd04c5ce45c2d6dd442c519badb678d401e9,a8077afb13fd2c712c989a3dfb76dd04c5ce45c2d6dd442c519badb678d401e9,True
데이터/입력/ttm/ttm100_2020/ku=11240/chunk_009.parquet,3bd9642c0fa03b0b6e8e26b27cfd54924105dc04b514734762cd126f50ec8db8,3bd9642c0fa03b0b6e8e26b27cfd54924105dc04b514734762cd126f50ec8db8,True
데이터/입력/ttm/ttm100_2020/ku=11250/chunk_000.parquet,0d3def9bbafdca3b917288c23d9d40a386cbb7e3361b2f95ecf75c5e40e77cc9,0d3def9bbafdca3b917288c23d9d40a386cbb7e3361b2f95ecf75c5e40e77cc9,True
데이터/입력/ttm/ttm100_2020/ku=11250/chunk_001.parquet,d3cd02bf39730170da53858022eb8116448105e501f15c1ec84ce584fdd0e6db,d3cd02bf39730170da53858022eb8116448105e501f15c1ec84ce584fdd0e6db,True
데이터/입력/ttm/ttm100_2020/ku=11250/chunk_002.parquet,a4f64926ca16d2ac61986392772542d465bd326d95140e795085086d15b6721c,a4f64926ca16d2ac61986392772542d465bd326d95140e795085086d15b6721c,True
데이터/입력/ttm/ttm100_2020/ku=11250/chunk_003.parquet,03b84624ef88f752aacfad10456278af5ae88e9940b5d6a22b8a5f06dceba9dd,03b84624ef88f752aacfad10456278af5ae88e9940b5d6a22b8a5f06dceba9dd,True
데이터/입력/ttm/ttm100_2020/ku=11250/chunk_004.parquet,d4192a3b57811c3605f9706b2b851a80f4b9d9ba0a69a86b5fa1b56882a7760f,d4192a3b57811c3605f9706b2b851a80f4b9d9ba0a69a86b5fa1b56882a7760f,True
데이터/입력/ttm/ttm100_2020/ku=11250/chunk_005.parquet,1a4da6f966613262417aba25bf021accd07ade4afc848b2fb072450e982bce59,1a4da6f966613262417aba25bf021accd07ade4afc848b2fb072450e982bce59,True
데이터/입력/ttm/ttm100_2020/ku=11250/chunk_006.parquet,82b2ead76a5c9c71f6a827d38bbbc58116efe6813ed992da2200f564dda6dfcc,82b2ead76a5c9c71f6a827d38bbbc58116efe6813ed992da2200f564dda6dfcc,True
데이터/입력/ttm/ttm100_2025/ku=11010/chunk_000.parquet,2df040f3d95db16aee576090f36a85089f3461e095e4b1055098e261555bce3f,2df040f3d95db16aee576090f36a85089f3461e095e4b1055098e261555bce3f,True
데이터/입력/ttm/ttm100_2025/ku=11010/chunk_001.parquet,38c9acdc4a987d40dfe83caa98d4901358ae840f2b2cf3b0044c8912be765946,38c9acdc4a987d40dfe83caa98d4901358ae840f2b2cf3b0044c8912be765946,True
데이터/입력/ttm/ttm100_2025/ku=11010/chunk_002.parquet,6663b18985c2462aa60c26e0a2430dbfc704f8b109b6c63820121ed026d04fea,6663b18985c2462aa60c26e0a2430dbfc704f8b109b6c63820121ed026d04fea,True
데이터/입력/ttm/ttm100_2025/ku=11010/chunk_003.parquet,af115668e1ee475e83eb580b12907e04e3361df4bb433dc1f9afb6de3ea5f76f,af115668e1ee475e83eb580b12907e04e3361df4bb433dc1f9afb6de3ea5f76f,True
데이터/입력/ttm/ttm100_2025/ku=11010/chunk_004.parquet,8e09b2b02bc094ba35cabccf6c844dc96a3a7a59038881bc2d678c6bd6537835,8e09b2b02bc094ba35cabccf6c844dc96a3a7a59038881bc2d678c6bd6537835,True
데이터/입력/ttm/ttm100_2025/ku=11010/chunk_005.parquet,cbb8f247239673d6807d9f8fc67ec889f0f825561cadff96747225aa0892cc47,cbb8f247239673d6807d9f8fc67ec889f0f825561cadff96747225aa0892cc47,True
데이터/입력/ttm/ttm100_2025/ku=11010/chunk_006.parquet,90f7d70b81d23ba8b4fbee134ff40728b7625043cf3a25992ec570b871aaeb80,90f7d70b81d23ba8b4fbee134ff40728b7625043cf3a25992ec570b871aaeb80,True
데이터/입력/ttm/ttm100_2025/ku=11020/chunk_000.parquet,b1ac35e96e592be2e295c7efaa29df752c2b1af889fc2f770504787acab21325,b1ac35e96e592be2e295c7efaa29df752c2b1af889fc2f770504787acab21325,True
데이터/입력/ttm/ttm100_2025/ku=11020/chunk_001.parquet,223d83352bce97b8981f4c61908485938c647ed86bbcbffd09741bcdced3156e,223d83352bce97b8981f4c61908485938c647ed86bbcbffd09741bcdced3156e,True
데이터/입력/ttm/ttm100_2025/ku=11020/chunk_002.parquet,0f0db3d4ff94e97ff10acff2d217fbce66546b8436f674c2b632d65070a7c35f,0f0db3d4ff94e97ff10acff2d217fbce66546b8436f674c2b632d65070a7c35f,True
데이터/입력/ttm/ttm100_2025/ku=11020/chunk_003.parquet,a9829dfba1f54a2266339d71a2c288a2281b72af060f55b95410e002765d3fe7,a9829dfba1f54a2266339d71a2c288a2281b72af060f55b95410e002765d3fe7,True
데이터/입력/ttm/ttm100_2025/ku=11020/chunk_004.parquet,886e8adc4c1ef165d3992ba59dc8cf08d5fba08177cdaa210d24c1435e85b78f,886e8adc4c1ef165d3992ba59dc8cf08d5fba08177cdaa210d24c1435e85b78f,True
데이터/입력/ttm/ttm100_2025/ku=11030/chunk_000.parquet,1eaf798bf081de230ba4e5640c5d63bfbf3d818ef51cee8bb6f923337400b92c,1eaf798bf081de230ba4e5640c5d63bfbf3d818ef51cee8bb6f923337400b92c,True
데이터/입력/ttm/ttm100_2025/ku=11030/chunk_001.parquet,2056fd46d7b7b1275a0864e36f81aca6cbd5ccf70b997aa98dd2b8f755f396ef,2056fd46d7b7b1275a0864e36f81aca6cbd5ccf70b997aa98dd2b8f755f396ef,True
데이터/입력/ttm/ttm100_2025/ku=11030/chunk_002.parquet,bd99b5079777f3b2ea927652aebacdcf07df0b0a3e1b062a415099e7ae2905c9,bd99b5079777f3b2ea927652aebacdcf07df0b0a3e1b062a415099e7ae2905c9,True
데이터/입력/ttm/ttm100_2025/ku=11030/chunk_003.parquet,a3bfcc81b0182551ceb6775e73517c398f887ccf08670f16d771aa614b53bf71,a3bfcc81b0182551ceb6775e73517c398f887ccf08670f16d771aa614b53bf71,True
데이터/입력/ttm/ttm100_2025/ku=11030/chunk_004.parquet,8445455afb3b7688ba692ec919168e6ea19cd07ed96a8dc185787640daaf18f7,8445455afb3b7688ba692ec919168e6ea19cd07ed96a8dc185787640daaf18f7,True
데이터/입력/ttm/ttm100_2025/ku=11030/chunk_005.parquet,ebf54bcd4f17af15bbecdcd13edfe1056744410cfe5ce53dfb389857ddcdd911,ebf54bcd4f17af15bbecdcd13edfe1056744410cfe5ce53dfb389857ddcdd911,True
데이터/입력/ttm/ttm100_2025/ku=11040/chunk_000.parquet,ef8bad1d3094cc87391c874664834710c03548f2564a1d97d1b290a8759c19bf,ef8bad1d3094cc87391c874664834710c03548f2564a1d97d1b290a8759c19bf,True
데이터/입력/ttm/ttm100_2025/ku=11040/chunk_001.parquet,d513039ea758b470c7d5f00790a0bab13ec724f9a7a3df47a6059464e6ff4ef0,d513039ea758b470c7d5f00790a0bab13ec724f9a7a3df47a6059464e6ff4ef0,True
데이터/입력/ttm/ttm100_2025/ku=11040/chunk_002.parquet,c0a749da587964ef89608beac1f63e956ed92d5394889d0480e2b978b1b76316,c0a749da587964ef89608beac1f63e956ed92d5394889d0480e2b978b1b76316,True
데이터/입력/ttm/ttm100_2025/ku=11040/chunk_003.parquet,9f20a6d1e75f8f8195340ad037f09bbeef4d612e0e7aeb696b034223932e68c3,9f20a6d1e75f8f8195340ad037f09bbeef4d612e0e7aeb696b034223932e68c3,True
데이터/입력/ttm/ttm100_2025/ku=11040/chunk_004.parquet,454e1b414f94537441bdfb5ccd8742eadcf332784a6ddfffb7e38c5a486bebc6,454e1b414f94537441bdfb5ccd8742eadcf332784a6ddfffb7e38c5a486bebc6,True
데이터/입력/ttm/ttm100_2025/ku=11040/chunk_005.parquet,c048380fc462168af8adc5160019a3e1e0ce9ed3be53ae2ffba347d3e9a5ade0,c048380fc462168af8adc5160019a3e1e0ce9ed3be53ae2ffba347d3e9a5ade0,True
데이터/입력/ttm/ttm100_2025/ku=11050/chunk_000.parquet,42993978192e23bbf7892044031df0ad2c2f3a1e26b01068bf03555fd0e110c6,42993978192e23bbf7892044031df0ad2c2f3a1e26b01068bf03555fd0e110c6,True
데이터/입력/ttm/ttm100_2025/ku=11050/chunk_001.parquet,d1077d09a85a7266c2ef00ec1932259bff27d862b80c39471285a1ae14edc3b2,d1077d09a85a7266c2ef00ec1932259bff27d862b80c39471285a1ae14edc3b2,True
데이터/입력/ttm/ttm100_2025/ku=11050/chunk_002.parquet,cfe8deabbb53ad062bab79bc68a06408fb82e17609b3a385c5ce02e95d36ff00,cfe8deabbb53ad062bab79bc68a06408fb82e17609b3a385c5ce02e95d36ff00,True
데이터/입력/ttm/ttm100_2025/ku=11050/chunk_003.parquet,c0ad8aa3a5c1a1755ced11d74a4f11da6c3fa9220975c65aaea54cfbdb4fd17e,c0ad8aa3a5c1a1755ced11d74a4f11da6c3fa9220975c65aaea54cfbdb4fd17e,True
데이터/입력/ttm/ttm100_2025/ku=11050/chunk_004.parquet,a1373c4539ac236904b17882b8d09a95f20e76dedad4d252dab6ea5f2549bb81,a1373c4539ac236904b17882b8d09a95f20e76dedad4d252dab6ea5f2549bb81,True
데이터/입력/ttm/ttm100_2025/ku=11050/chunk_005.parquet,0b10a9e824e43a21520f412bc479b4d22db7758bd4c6ba728914da77f27d7287,0b10a9e824e43a21520f412bc479b4d22db7758bd4c6ba728914da77f27d7287,True
데이터/입력/ttm/ttm100_2025/ku=11060/chunk_000.parquet,08570c716e90108894cc769959f80dcd42654ff378dbdd18829e948a41c08364,08570c716e90108894cc769959f80dcd42654ff378dbdd18829e948a41c08364,True
데이터/입력/ttm/ttm100_2025/ku=11060/chunk_001.parquet,9564c03338ba416cb5006b627c8fb52fb28e67e4e78a55b024eb5d092c66caa6,9564c03338ba416cb5006b627c8fb52fb28e67e4e78a55b024eb5d092c66caa6,True
데이터/입력/ttm/ttm100_2025/ku=11060/chunk_002.parquet,78d701fddb59b95837109ee6de946eeca10866c4c81f955f922aa201a534ffc1,78d701fddb59b95837109ee6de946eeca10866c4c81f955f922aa201a534ffc1,True
데이터/입력/ttm/ttm100_2025/ku=11060/chunk_003.parquet,f89fecfb5629a82ba0603a211681f2d0649d9085cdfd52ccbea6a2179bd7f753,f89fecfb5629a82ba0603a211681f2d0649d9085cdfd52ccbea6a2179bd7f753,True
데이터/입력/ttm/ttm100_2025/ku=11060/chunk_004.parquet,6691b5487d6b44b43e87e7d73263665631dc5e5ecfe2a716907a42bdf975fdc0,6691b5487d6b44b43e87e7d73263665631dc5e5ecfe2a716907a42bdf975fdc0,True
데이터/입력/ttm/ttm100_2025/ku=11060/chunk_005.parquet,9f072f14553c90c94b9c01105a75169eb5da58fb2f7f99d69fd2a2dc78f02364,9f072f14553c90c94b9c01105a75169eb5da58fb2f7f99d69fd2a2dc78f02364,True
데이터/입력/ttm/ttm100_2025/ku=11070/chunk_000.parquet,b8cda79b020273afe69f4715f2f6160f4e82029e5d1edba4050965431bf7521d,b8cda79b020273afe69f4715f2f6160f4e82029e5d1edba4050965431bf7521d,True
데이터/입력/ttm/ttm100_2025/ku=11070/chunk_001.parquet,9becba9615a95381cc603b15c5a47a1d214117696d8a8f2dc38f5e56e406d967,9becba9615a95381cc603b15c5a47a1d214117696d8a8f2dc38f5e56e406d967,True
데이터/입력/ttm/ttm100_2025/ku=11070/chunk_002.parquet,28742c69ced719db24f1334b2fe3baca07823717d91a2571feeab625ac3db50a,28742c69ced719db24f1334b2fe3baca07823717d91a2571feeab625ac3db50a,True
데이터/입력/ttm/ttm100_2025/ku=11070/chunk_003.parquet,02641269357227ba7a856af4207ddbe67a290da9cc8806cb1aae7ee26e1ec71b,02641269357227ba7a856af4207ddbe67a290da9cc8806cb1aae7ee26e1ec71b,True
데이터/입력/ttm/ttm100_2025/ku=11070/chunk_004.parquet,f28705176cb5570b9f5501f95dc3ae1c37f3961d086b3940d5ff5a1defc8e228,f28705176cb5570b9f5501f95dc3ae1c37f3961d086b3940d5ff5a1defc8e228,True
데이터/입력/ttm/ttm100_2025/ku=11070/chunk_005.parquet,8eeb2f1bfb295f8bdca6c3a426a15e33e9670c91c452a1f817737902bf76efeb,8eeb2f1bfb295f8bdca6c3a426a15e33e9670c91c452a1f817737902bf76efeb,True
데이터/입력/ttm/ttm100_2025/ku=11080/chunk_000.parquet,d48233130952c7c303f7f503b5c50ab92676b5fe95c64881c26fba2017a8bbad,d48233130952c7c303f7f503b5c50ab92676b5fe95c64881c26fba2017a8bbad,True
데이터/입력/ttm/ttm100_2025/ku=11080/chunk_001.parquet,b2d08e185f6ed6c99d66fcd041753f5cef1742beacf33174c2cf26e6c387256d,b2d08e185f6ed6c99d66fcd041753f5cef1742beacf33174c2cf26e6c387256d,True
데이터/입력/ttm/ttm100_2025/ku=11080/chunk_002.parquet,2b0ee539da5668d8cc38ea2f2da8eeed126747e8dc9e5666aecfc33ba7c41a41,2b0ee539da5668d8cc38ea2f2da8eeed126747e8dc9e5666aecfc33ba7c41a41,True
데이터/입력/ttm/ttm100_2025/ku=11080/chunk_003.parquet,bddb7c8fcd5dedd5640392d3a5aa9a9db73e18cb4852b7f219fa308fdb9227e2,bddb7c8fcd5dedd5640392d3a5aa9a9db73e18cb4852b7f219fa308fdb9227e2,True
데이터/입력/ttm/ttm100_2025/ku=11080/chunk_004.parquet,fc27a465c3725a1a7390759a092ca75a8034ffdae3ec7fdfd3f2bc62812a26c0,fc27a465c3725a1a7390759a092ca75a8034ffdae3ec7fdfd3f2bc62812a26c0,True
데이터/입력/ttm/ttm100_2025/ku=11080/chunk_005.parquet,3e0e8b3ce2bad2c83e552f55a32f602fcec8d856d229f7622364af5962530e0a,3e0e8b3ce2bad2c83e552f55a32f602fcec8d856d229f7622364af5962530e0a,True
데이터/입력/ttm/ttm100_2025/ku=11080/chunk_006.parquet,5f98051aadf536b95476677909e4eba5ccf5b4cbf09feb69095f40e833eec028,5f98051aadf536b95476677909e4eba5ccf5b4cbf09feb69095f40e833eec028,True
데이터/입력/ttm/ttm100_2025/ku=11080/chunk_007.parquet,f556e32882a75a4616fb52a3f0cd0781eeb53070cd0510fe3ee72583e00c34fc,f556e32882a75a4616fb52a3f0cd0781eeb53070cd0510fe3ee72583e00c34fc,True
데이터/입력/ttm/ttm100_2025/ku=11080/chunk_008.parquet,74844c89058765787c335a0c73ac65c2da01cd5c05d4b4ab951e39a026492876,74844c89058765787c335a0c73ac65c2da01cd5c05d4b4ab951e39a026492876,True
데이터/입력/ttm/ttm100_2025/ku=11090/chunk_000.parquet,916f43d9357a00f23c29285f44ffbcbbfef0103a26ceafb6c1ef19527718efc9,916f43d9357a00f23c29285f44ffbcbbfef0103a26ceafb6c1ef19527718efc9,True
데이터/입력/ttm/ttm100_2025/ku=11090/chunk_001.parquet,a43815d936d7f55576df5782f1bf19b2927d7f262e247bb8dbf54db6f9487099,a43815d936d7f55576df5782f1bf19b2927d7f262e247bb8dbf54db6f9487099,True
데이터/입력/ttm/ttm100_2025/ku=11090/chunk_002.parquet,06dedb8c52106440c44622edf757000d40efc749277f9d1bf045804c8d2df660,06dedb8c52106440c44622edf757000d40efc749277f9d1bf045804c8d2df660,True
데이터/입력/ttm/ttm100_2025/ku=11090/chunk_003.parquet,8d5c3931e5caac4e1025c6725431321bccd0dbbec7308129b7373ab0663e3081,8d5c3931e5caac4e1025c6725431321bccd0dbbec7308129b7373ab0663e3081,True
데이터/입력/ttm/ttm100_2025/ku=11090/chunk_004.parquet,9450dcbe24e4a4e1d6bb35a1055ddbad188c2a17c43821a61a32d712263e30de,9450dcbe24e4a4e1d6bb35a1055ddbad188c2a17c43821a61a32d712263e30de,True
데이터/입력/ttm/ttm100_2025/ku=11090/chunk_005.parquet,3dfb28f81d91d95bd855f013640667dfe02c4977d7c54244667884b2542308af,3dfb28f81d91d95bd855f013640667dfe02c4977d7c54244667884b2542308af,True
데이터/입력/ttm/ttm100_2025/ku=11100/chunk_000.parquet,1c46a52dbf6c1f5e72f83b5034df1581f5a1edacc1112b33e368a0af397ab170,1c46a52dbf6c1f5e72f83b5034df1581f5a1edacc1112b33e368a0af397ab170,True
데이터/입력/ttm/ttm100_2025/ku=11100/chunk_001.parquet,faeb66cc6aa068c8ff380adda171825ba215309fdea447969bf0e309f6776271,faeb66cc6aa068c8ff380adda171825ba215309fdea447969bf0e309f6776271,True
데이터/입력/ttm/ttm100_2025/ku=11100/chunk_002.parquet,099b8ac1876cda455b9e5a32d47c17cb7e6871cd44ea343aa2e888ded1d6cd08,099b8ac1876cda455b9e5a32d47c17cb7e6871cd44ea343aa2e888ded1d6cd08,True
데이터/입력/ttm/ttm100_2025/ku=11100/chunk_003.parquet,e027d3ab9b4f91af862dd866bb14e9e6db3160e9ab43ccc70af227e83c428ea3,e027d3ab9b4f91af862dd866bb14e9e6db3160e9ab43ccc70af227e83c428ea3,True
데이터/입력/ttm/ttm100_2025/ku=11100/chunk_004.parquet,26b0dc9ea16e8c49b9d2b02b473692845ff725b985c7e10614849bd5cd46de65,26b0dc9ea16e8c49b9d2b02b473692845ff725b985c7e10614849bd5cd46de65,True
데이터/입력/ttm/ttm100_2025/ku=11100/chunk_005.parquet,ae020a0fd25d032ffba65a7f033fb7dc6ff1ac2b7e6ce2fcee027bc36d80f942,ae020a0fd25d032ffba65a7f033fb7dc6ff1ac2b7e6ce2fcee027bc36d80f942,True
데이터/입력/ttm/ttm100_2025/ku=11110/chunk_000.parquet,4fca06f07593500fdc68f4f74dc36a0a77b4893ab465409be58d809bc94da316,4fca06f07593500fdc68f4f74dc36a0a77b4893ab465409be58d809bc94da316,True
데이터/입력/ttm/ttm100_2025/ku=11110/chunk_001.parquet,0c1beb68000de49bca59e0aa806441d6a9c190e9924c5e3d49e8eb51d367bf15,0c1beb68000de49bca59e0aa806441d6a9c190e9924c5e3d49e8eb51d367bf15,True
데이터/입력/ttm/ttm100_2025/ku=11110/chunk_002.parquet,8f88626137c3034e570c044883cad1117a32ebfeb3b234e3201cdc168508dcd9,8f88626137c3034e570c044883cad1117a32ebfeb3b234e3201cdc168508dcd9,True
데이터/입력/ttm/ttm100_2025/ku=11110/chunk_003.parquet,e5c1829d199831f0108026d86e5040988791d103e0a968bd17b42817fa21cdea,e5c1829d199831f0108026d86e5040988791d103e0a968bd17b42817fa21cdea,True
데이터/입력/ttm/ttm100_2025/ku=11110/chunk_004.parquet,b4381cb0c0c9a5b06df6174449233f8f372bcef671153c5426201ad21c78ac2e,b4381cb0c0c9a5b06df6174449233f8f372bcef671153c5426201ad21c78ac2e,True
데이터/입력/ttm/ttm100_2025/ku=11110/chunk_005.parquet,9a99bf37bde5a7d37381d8f0a3ea2e2b5c5259c30728487d66e23e83448fcc56,9a99bf37bde5a7d37381d8f0a3ea2e2b5c5259c30728487d66e23e83448fcc56,True
데이터/입력/ttm/ttm100_2025/ku=11110/chunk_006.parquet,9ad19468572e48220bb28c838a28021c7c59fe2ba1e0a6f46fac39eec329d333,9ad19468572e48220bb28c838a28021c7c59fe2ba1e0a6f46fac39eec329d333,True
데이터/입력/ttm/ttm100_2025/ku=11110/chunk_007.parquet,9ad6d1227361a4ecf3d5c431ece634b6a39224db2ea553024cf31c49b12809e8,9ad6d1227361a4ecf3d5c431ece634b6a39224db2ea553024cf31c49b12809e8,True
데이터/입력/ttm/ttm100_2025/ku=11120/chunk_000.parquet,dda269622fc5dd000b71e619f67deb719a2d8a5f487648707f54745dde324e6c,dda269622fc5dd000b71e619f67deb719a2d8a5f487648707f54745dde324e6c,True
데이터/입력/ttm/ttm100_2025/ku=11120/chunk_001.parquet,2f457d216457a6cca875488807eeaa8fd98f1da8435ef392772a72ef95c71d0b,2f457d216457a6cca875488807eeaa8fd98f1da8435ef392772a72ef95c71d0b,True
데이터/입력/ttm/ttm100_2025/ku=11120/chunk_002.parquet,30f2464ae6753a03c0616d4d7eaa560e7d8db2d7cb2f886e5aa7beeb0e31d108,30f2464ae6753a03c0616d4d7eaa560e7d8db2d7cb2f886e5aa7beeb0e31d108,True
데이터/입력/ttm/ttm100_2025/ku=11120/chunk_003.parquet,c9b34ad64b00c77b1ec7083b8e9c7e988047b9052d68138c88bdd6a714814358,c9b34ad64b00c77b1ec7083b8e9c7e988047b9052d68138c88bdd6a714814358,True
데이터/입력/ttm/ttm100_2025/ku=11120/chunk_004.parquet,0649d97a6d6f48769a0907ec0c1e103a1298b70cd435be916ea68ccd7e84f57c,0649d97a6d6f48769a0907ec0c1e103a1298b70cd435be916ea68ccd7e84f57c,True
데이터/입력/ttm/ttm100_2025/ku=11120/chunk_005.parquet,bf2bd04e34590d1ab05c7546c47a369f05e99ab5bcdcec2882025cc16155935e,bf2bd04e34590d1ab05c7546c47a369f05e99ab5bcdcec2882025cc16155935e,True
데이터/입력/ttm/ttm100_2025/ku=11120/chunk_006.parquet,84e01db3361291d312749ddafdda7777ae3f408c25afd0ab2d4b3189dd8146f2,84e01db3361291d312749ddafdda7777ae3f408c25afd0ab2d4b3189dd8146f2,True
데이터/입력/ttm/ttm100_2025/ku=11120/chunk_007.parquet,5f0f0b2c4590f2bf4c75f3a44122624fd8912635805a5ba3f2d875d09446f320,5f0f0b2c4590f2bf4c75f3a44122624fd8912635805a5ba3f2d875d09446f320,True
데이터/입력/ttm/ttm100_2025/ku=11130/chunk_000.parquet,782781bcb2fecaf911e350296d5654608aeece8249293a536bdee7b0fbe39e84,782781bcb2fecaf911e350296d5654608aeece8249293a536bdee7b0fbe39e84,True
데이터/입력/ttm/ttm100_2025/ku=11130/chunk_001.parquet,ef772332ffc4d46dd3a8beda9605e7c4f60ed61f20433c55ffb0890d34f17d41,ef772332ffc4d46dd3a8beda9605e7c4f60ed61f20433c55ffb0890d34f17d41,True
데이터/입력/ttm/ttm100_2025/ku=11130/chunk_002.parquet,1201980a874f93d60090c488f3440bd2bc069c1859340e5127771a8381634263,1201980a874f93d60090c488f3440bd2bc069c1859340e5127771a8381634263,True
데이터/입력/ttm/ttm100_2025/ku=11130/chunk_003.parquet,0d8b0ab85cba71206b271fc666d39a5b32d92c574af78e0f484cca96d7d33dab,0d8b0ab85cba71206b271fc666d39a5b32d92c574af78e0f484cca96d7d33dab,True
데이터/입력/ttm/ttm100_2025/ku=11130/chunk_004.parquet,93de382a7732cdf6333b66155ebdf52e09a5defa2f7daf0524146dee55871b0c,93de382a7732cdf6333b66155ebdf52e09a5defa2f7daf0524146dee55871b0c,True
데이터/입력/ttm/ttm100_2025/ku=11130/chunk_005.parquet,e6b5ba2db808731b099ff8d26be54434594a553e8909abe1076dfdf3dd1ff1c6,e6b5ba2db808731b099ff8d26be54434594a553e8909abe1076dfdf3dd1ff1c6,True
데이터/입력/ttm/ttm100_2025/ku=11130/chunk_006.parquet,d4a09e92553cb59a4f1f8fe7abd12e052f8e8b021e3a8e0f9c2e10ce387f368d,d4a09e92553cb59a4f1f8fe7abd12e052f8e8b021e3a8e0f9c2e10ce387f368d,True
데이터/입력/ttm/ttm100_2025/ku=11140/chunk_000.parquet,6e4982c06217a7c55bb90c7d3ab15a846633338a57006d6cd810bc6847dff9a4,6e4982c06217a7c55bb90c7d3ab15a846633338a57006d6cd810bc6847dff9a4,True
데이터/입력/ttm/ttm100_2025/ku=11140/chunk_001.parquet,9b932e8510b7deae35f7e732c717989f9092fe0793ad936700e0b6d3e065f825,9b932e8510b7deae35f7e732c717989f9092fe0793ad936700e0b6d3e065f825,True
데이터/입력/ttm/ttm100_2025/ku=11140/chunk_002.parquet,69b5e71621cf1ab76c18d76b7e55fd9e16945494668024eba7a6bf996e5d2cc5,69b5e71621cf1ab76c18d76b7e55fd9e16945494668024eba7a6bf996e5d2cc5,True
데이터/입력/ttm/ttm100_2025/ku=11140/chunk_003.parquet,2ed448def186b3608b0e64b97fecdac08113687b017f8e7060e94a9bd525454c,2ed448def186b3608b0e64b97fecdac08113687b017f8e7060e94a9bd525454c,True
데이터/입력/ttm/ttm100_2025/ku=11140/chunk_004.parquet,58971f7dbd917a93b93a130b852d620c322a5caa9e05dd7beef9c0b0c9e7f191,58971f7dbd917a93b93a130b852d620c322a5caa9e05dd7beef9c0b0c9e7f191,True
데이터/입력/ttm/ttm100_2025/ku=11140/chunk_005.parquet,5bde856a1fd916a69fbca085e193026b68b94cdac4a4f12d3e408fadf1e31815,5bde856a1fd916a69fbca085e193026b68b94cdac4a4f12d3e408fadf1e31815,True
데이터/입력/ttm/ttm100_2025/ku=11140/chunk_006.parquet,87d0c3b442d9147a57406061cd9a3fac82f47371aa50e3ef483905bc6f00a9fc,87d0c3b442d9147a57406061cd9a3fac82f47371aa50e3ef483905bc6f00a9fc,True
데이터/입력/ttm/ttm100_2025/ku=11150/chunk_000.parquet,db61650a4f4f90b234449b2f610b16e1f3f2505e3f1027a427b6fc6e46f39240,db61650a4f4f90b234449b2f610b16e1f3f2505e3f1027a427b6fc6e46f39240,True
데이터/입력/ttm/ttm100_2025/ku=11150/chunk_001.parquet,cc489ca250fb2c8ca9fffd202d57c9599c7d93994caaacab80c66f01a56fbf09,cc489ca250fb2c8ca9fffd202d57c9599c7d93994caaacab80c66f01a56fbf09,True
데이터/입력/ttm/ttm100_2025/ku=11150/chunk_002.parquet,b17b1fc509211c7aec33a30910bded6c88e07ebdf9d3d16ae1235e5221c8b85a,b17b1fc509211c7aec33a30910bded6c88e07ebdf9d3d16ae1235e5221c8b85a,True
데이터/입력/ttm/ttm100_2025/ku=11150/chunk_003.parquet,459a21dccac0f4cf9f4d0594b1bd0a5427b7858085c652ffb553e46fa8b835f3,459a21dccac0f4cf9f4d0594b1bd0a5427b7858085c652ffb553e46fa8b835f3,True
데이터/입력/ttm/ttm100_2025/ku=11150/chunk_004.parquet,46ab4878a2e91c50d43020e2376ca0410789937230facab8078506e358cf4a1f,46ab4878a2e91c50d43020e2376ca0410789937230facab8078506e358cf4a1f,True
데이터/입력/ttm/ttm100_2025/ku=11150/chunk_005.parquet,7213398d663d6ab8f62f6a9d773b99698410cb72679667441fee4ec148591f76,7213398d663d6ab8f62f6a9d773b99698410cb72679667441fee4ec148591f76,True
데이터/입력/ttm/ttm100_2025/ku=11150/chunk_006.parquet,9fbbbf8e157968c1a380db3784e219a4b752305e90e43e005f8c68f5497a4916,9fbbbf8e157968c1a380db3784e219a4b752305e90e43e005f8c68f5497a4916,True
데이터/입력/ttm/ttm100_2025/ku=11160/chunk_000.parquet,2a282c94bb629fb636378511f496ff1e47ac2f3f7b44b773835822263a0f74aa,2a282c94bb629fb636378511f496ff1e47ac2f3f7b44b773835822263a0f74aa,True
데이터/입력/ttm/ttm100_2025/ku=11160/chunk_001.parquet,f09c0324029f858afe6c884a0d78bcfc2cc116a2612ac74478e21c6392551223,f09c0324029f858afe6c884a0d78bcfc2cc116a2612ac74478e21c6392551223,True
데이터/입력/ttm/ttm100_2025/ku=11160/chunk_002.parquet,410269a2c24cf5167d6e7a1dc80ebf21737ce97649a17c5f3ef18973f72d96a8,410269a2c24cf5167d6e7a1dc80ebf21737ce97649a17c5f3ef18973f72d96a8,True
데이터/입력/ttm/ttm100_2025/ku=11160/chunk_003.parquet,015f152c84e746ea12d67d7cfa04e8ee184a8cac4adf5df1957acfd308e370d5,015f152c84e746ea12d67d7cfa04e8ee184a8cac4adf5df1957acfd308e370d5,True
데이터/입력/ttm/ttm100_2025/ku=11160/chunk_004.parquet,b4a9fea05b560e5d26ce11f6f3ff1303e15199fa8548635b0c3740fc58bc8473,b4a9fea05b560e5d26ce11f6f3ff1303e15199fa8548635b0c3740fc58bc8473,True
데이터/입력/ttm/ttm100_2025/ku=11160/chunk_005.parquet,4c347eaa0842738a156fc0a859c0f534238f1996edea38c460bbbf39d431ccb3,4c347eaa0842738a156fc0a859c0f534238f1996edea38c460bbbf39d431ccb3,True
데이터/입력/ttm/ttm100_2025/ku=11160/chunk_006.parquet,f16a529dcfad098e65850403575de830a6e672339a66053160ac609376fe1bfd,f16a529dcfad098e65850403575de830a6e672339a66053160ac609376fe1bfd,True
데이터/입력/ttm/ttm100_2025/ku=11160/chunk_007.parquet,a25361af949ad11584063f0efdc65db0a4f3572fbe92db662ac98fa8ff61a361,a25361af949ad11584063f0efdc65db0a4f3572fbe92db662ac98fa8ff61a361,True
데이터/입력/ttm/ttm100_2025/ku=11160/chunk_008.parquet,e47773615d078c1e8adad7a6119b2a95c70fcee41afb7f7285b3ab500e9472ab,e47773615d078c1e8adad7a6119b2a95c70fcee41afb7f7285b3ab500e9472ab,True
데이터/입력/ttm/ttm100_2025/ku=11160/chunk_009.parquet,6bef8789a145a5be738ff08dfa4f7bc2e21e7366bc615eb203dfca35848be706,6bef8789a145a5be738ff08dfa4f7bc2e21e7366bc615eb203dfca35848be706,True
데이터/입력/ttm/ttm100_2025/ku=11170/chunk_000.parquet,d8badd2b8f6e6dcb491817726ccf56eb5aa54f6fadd7cf9a2b2f1bccdfb79bc5,d8badd2b8f6e6dcb491817726ccf56eb5aa54f6fadd7cf9a2b2f1bccdfb79bc5,True
데이터/입력/ttm/ttm100_2025/ku=11170/chunk_001.parquet,842f01e208712b48c57641db3b5814fed05b5f41c2be359a5e3c717eaa302cae,842f01e208712b48c57641db3b5814fed05b5f41c2be359a5e3c717eaa302cae,True
데이터/입력/ttm/ttm100_2025/ku=11170/chunk_002.parquet,28a6e95648d83b4834ab9249df92c60e490be865b2994c0292cfe24c57cba201,28a6e95648d83b4834ab9249df92c60e490be865b2994c0292cfe24c57cba201,True
데이터/입력/ttm/ttm100_2025/ku=11170/chunk_003.parquet,e52c384e5982b349abcb7097d65255c80f50f01aa16fe6a3a1c43ed0fbda2d9b,e52c384e5982b349abcb7097d65255c80f50f01aa16fe6a3a1c43ed0fbda2d9b,True
데이터/입력/ttm/ttm100_2025/ku=11170/chunk_004.parquet,4fdf3cb9bf2ae3431e1352e1ef85842308a8febda0daab15512fe1a925250b7c,4fdf3cb9bf2ae3431e1352e1ef85842308a8febda0daab15512fe1a925250b7c,True
데이터/입력/ttm/ttm100_2025/ku=11170/chunk_005.parquet,611445b4a40b46d022ceed1cf2e6ed0a8be13ae3e332bc32b2d82bfc6d08e199,611445b4a40b46d022ceed1cf2e6ed0a8be13ae3e332bc32b2d82bfc6d08e199,True
데이터/입력/ttm/ttm100_2025/ku=11170/chunk_006.parquet,2348f4c6ba6edbe1e5d6fbe2405722fb9ef5a2843305f2f0eaf4af1c1c4884b6,2348f4c6ba6edbe1e5d6fbe2405722fb9ef5a2843305f2f0eaf4af1c1c4884b6,True
데이터/입력/ttm/ttm100_2025/ku=11170/chunk_007.parquet,d168be998fdd25ffab9dfd154cfc2230af9e72e8aadd891e7c909f59c1648a75,d168be998fdd25ffab9dfd154cfc2230af9e72e8aadd891e7c909f59c1648a75,True
데이터/입력/ttm/ttm100_2025/ku=11180/chunk_000.parquet,24f186f20f9947fba6261b90a5ff66b36f749223055b07de05a2c67c24f4d6b6,24f186f20f9947fba6261b90a5ff66b36f749223055b07de05a2c67c24f4d6b6,True
데이터/입력/ttm/ttm100_2025/ku=11180/chunk_001.parquet,da372c0c7dcaa8234b1a7092fed2ba78f8be123a263b08bffefbc88ab8bc0b8e,da372c0c7dcaa8234b1a7092fed2ba78f8be123a263b08bffefbc88ab8bc0b8e,True
데이터/입력/ttm/ttm100_2025/ku=11180/chunk_002.parquet,5cc7cc075b5ed3436543f23ee0ea1de6b3701eda92cdee1affbacf65ec107ead,5cc7cc075b5ed3436543f23ee0ea1de6b3701eda92cdee1affbacf65ec107ead,True
데이터/입력/ttm/ttm100_2025/ku=11180/chunk_003.parquet,6d603b974bf4f7a2167390d9393ea858fa109e29af7d626b9441787bda59cfde,6d603b974bf4f7a2167390d9393ea858fa109e29af7d626b9441787bda59cfde,True
데이터/입력/ttm/ttm100_2025/ku=11180/chunk_004.parquet,9657784edd05acd7da9b12a597a0d24105befcaf0d8198cb819e267efb445322,9657784edd05acd7da9b12a597a0d24105befcaf0d8198cb819e267efb445322,True
데이터/입력/ttm/ttm100_2025/ku=11190/chunk_000.parquet,1aea86ecce5b8c73e2071d89c7646fcfd35c26d444d6cf0d9fe37605fbe423cd,1aea86ecce5b8c73e2071d89c7646fcfd35c26d444d6cf0d9fe37605fbe423cd,True
데이터/입력/ttm/ttm100_2025/ku=11190/chunk_001.parquet,778fe5002c7d87f8a85451e6c75ba13f57c2c4692d94ca5647fda373e4aeba45,778fe5002c7d87f8a85451e6c75ba13f57c2c4692d94ca5647fda373e4aeba45,True
데이터/입력/ttm/ttm100_2025/ku=11190/chunk_002.parquet,4289d88f664afc35f14aec19fb7c312173e5bdeaf043e367174ca90c6b3b822b,4289d88f664afc35f14aec19fb7c312173e5bdeaf043e367174ca90c6b3b822b,True
데이터/입력/ttm/ttm100_2025/ku=11190/chunk_003.parquet,8a28209f9c9a4e61a6bdd3af3e5303b6b454f1f7359bfaf8ab6386f052700a5d,8a28209f9c9a4e61a6bdd3af3e5303b6b454f1f7359bfaf8ab6386f052700a5d,True
데이터/입력/ttm/ttm100_2025/ku=11190/chunk_004.parquet,b06444f441ab38376637591516013d0a7ec42b56ba9af7e44fdb419a4e5c644b,b06444f441ab38376637591516013d0a7ec42b56ba9af7e44fdb419a4e5c644b,True
데이터/입력/ttm/ttm100_2025/ku=11190/chunk_005.parquet,90e7e89123444d6b66baaa65fb47c76b4537f51f098cf50df6ce48cdcbf4cc61,90e7e89123444d6b66baaa65fb47c76b4537f51f098cf50df6ce48cdcbf4cc61,True
데이터/입력/ttm/ttm100_2025/ku=11190/chunk_006.parquet,a0c3e1dbe37fd5c508bf5edd1ea3fdcf78093229a27c2c6f3e5a7067f2ddbba6,a0c3e1dbe37fd5c508bf5edd1ea3fdcf78093229a27c2c6f3e5a7067f2ddbba6,True
데이터/입력/ttm/ttm100_2025/ku=11190/chunk_007.parquet,e3e2b61e6260fdcdd3760b198171da94825d7d950571dc15bb1f7d61c32803a7,e3e2b61e6260fdcdd3760b198171da94825d7d950571dc15bb1f7d61c32803a7,True
데이터/입력/ttm/ttm100_2025/ku=11200/chunk_000.parquet,2f3dfa2aacb5c5e09c7b3e835da38ab4937b7d0fa5bcf2793ab1cf6a9fcc6aca,2f3dfa2aacb5c5e09c7b3e835da38ab4937b7d0fa5bcf2793ab1cf6a9fcc6aca,True
데이터/입력/ttm/ttm100_2025/ku=11200/chunk_001.parquet,2efb6ab9ffca3ceea38e6dd332fc6b9b4f6253a40f342ee78b038b6f00577c0c,2efb6ab9ffca3ceea38e6dd332fc6b9b4f6253a40f342ee78b038b6f00577c0c,True
데이터/입력/ttm/ttm100_2025/ku=11200/chunk_002.parquet,307145537411dbf3891ed9533975f2a22274d888848a2ac4161ee74b26691581,307145537411dbf3891ed9533975f2a22274d888848a2ac4161ee74b26691581,True
데이터/입력/ttm/ttm100_2025/ku=11200/chunk_003.parquet,9521d09ca11d8ad9e3fb9ba2aa51245f95dcf73b56d668046a1a37341af3bd00,9521d09ca11d8ad9e3fb9ba2aa51245f95dcf73b56d668046a1a37341af3bd00,True
데이터/입력/ttm/ttm100_2025/ku=11200/chunk_004.parquet,7cc90aa70f3ef7dec5420e3383f2b3a359fe01eaf22f74282561d5d7773734d4,7cc90aa70f3ef7dec5420e3383f2b3a359fe01eaf22f74282561d5d7773734d4,True
데이터/입력/ttm/ttm100_2025/ku=11200/chunk_005.parquet,11af7098ecae2f1f3d39af49bb117bfec826ac2dbea3da5448e9aa3d9d3a25da,11af7098ecae2f1f3d39af49bb117bfec826ac2dbea3da5448e9aa3d9d3a25da,True
데이터/입력/ttm/ttm100_2025/ku=11210/chunk_000.parquet,ddfb2cc084b13d97c5811037a3ba74cd64004495bd070fa8a90b3078ed334f37,ddfb2cc084b13d97c5811037a3ba74cd64004495bd070fa8a90b3078ed334f37,True
데이터/입력/ttm/ttm100_2025/ku=11210/chunk_001.parquet,29540ade2de1f31546c46a577acca51596755ec3e3ccdca6dda75775a61bc02c,29540ade2de1f31546c46a577acca51596755ec3e3ccdca6dda75775a61bc02c,True
데이터/입력/ttm/ttm100_2025/ku=11210/chunk_002.parquet,93ed17856688b18624f25bfccc8e8997daf0c487b6b4637c3b0aa4c7b105cdfc,93ed17856688b18624f25bfccc8e8997daf0c487b6b4637c3b0aa4c7b105cdfc,True
데이터/입력/ttm/ttm100_2025/ku=11210/chunk_003.parquet,2eeef6d0da90bd3e7bcedb95ee94966818727e772230946c596c76570a242d5d,2eeef6d0da90bd3e7bcedb95ee94966818727e772230946c596c76570a242d5d,True
데이터/입력/ttm/ttm100_2025/ku=11210/chunk_004.parquet,659789d562f399176b21dc4f6775cc161b6d9d9b46e683ced7f51a2c7c322fa6,659789d562f399176b21dc4f6775cc161b6d9d9b46e683ced7f51a2c7c322fa6,True
데이터/입력/ttm/ttm100_2025/ku=11210/chunk_005.parquet,655b72397fa55913cf8221aeb92c11ce0cd6c09e8426309e62a5e8cb1fda7445,655b72397fa55913cf8221aeb92c11ce0cd6c09e8426309e62a5e8cb1fda7445,True
데이터/입력/ttm/ttm100_2025/ku=11210/chunk_006.parquet,e9410ed6fb1d29fcc073ec87b616c25be63835153f8e6abe4c5bd2e73f103dde,e9410ed6fb1d29fcc073ec87b616c25be63835153f8e6abe4c5bd2e73f103dde,True
데이터/입력/ttm/ttm100_2025/ku=11220/chunk_000.parquet,337e32b022fb0adb95d6c3c0805a5b334ea36b9b26ecb3c33cfd27d71ec71b7f,337e32b022fb0adb95d6c3c0805a5b334ea36b9b26ecb3c33cfd27d71ec71b7f,True
데이터/입력/ttm/ttm100_2025/ku=11220/chunk_001.parquet,84c0d8bffef90a089591a07c994c34bf9897133529d5dad3a04d7f0476287076,84c0d8bffef90a089591a07c994c34bf9897133529d5dad3a04d7f0476287076,True
데이터/입력/ttm/ttm100_2025/ku=11220/chunk_002.parquet,e96bc455453274656913d48ff65201e71a60a66b11ac1373e96ab56ea2b1e786,e96bc455453274656913d48ff65201e71a60a66b11ac1373e96ab56ea2b1e786,True
데이터/입력/ttm/ttm100_2025/ku=11220/chunk_003.parquet,5f0bffe9d2290fb30cd09b1fe7d7c73210673a8e25adf4ecee5e42aa6d3a0cbd,5f0bffe9d2290fb30cd09b1fe7d7c73210673a8e25adf4ecee5e42aa6d3a0cbd,True
데이터/입력/ttm/ttm100_2025/ku=11220/chunk_004.parquet,4f98ab7eb13dc9a07d5d984e2a8f894cde997b4335452c6ef9ba42b476a72b7a,4f98ab7eb13dc9a07d5d984e2a8f894cde997b4335452c6ef9ba42b476a72b7a,True
데이터/입력/ttm/ttm100_2025/ku=11220/chunk_005.parquet,f0e6d66fd34aa5432787a1151eb8bb54d42ce7a9b07f1ae4823fc8b87eea089f,f0e6d66fd34aa5432787a1151eb8bb54d42ce7a9b07f1ae4823fc8b87eea089f,True
데이터/입력/ttm/ttm100_2025/ku=11220/chunk_006.parquet,0f279b93dd7acc850b63c458bda1eeafbce1996b3f1c4170e327cb16e4e6cfd8,0f279b93dd7acc850b63c458bda1eeafbce1996b3f1c4170e327cb16e4e6cfd8,True
데이터/입력/ttm/ttm100_2025/ku=11220/chunk_007.parquet,2bff5c5b9ac59335912d6e848be874e0ab034b5edd3e9d78f50be83b92c03956,2bff5c5b9ac59335912d6e848be874e0ab034b5edd3e9d78f50be83b92c03956,True
데이터/입력/ttm/ttm100_2025/ku=11220/chunk_008.parquet,7c1f563b3ac1cbfb444b55037c23ecf388d76eeccb50348c3881713e6ea3be43,7c1f563b3ac1cbfb444b55037c23ecf388d76eeccb50348c3881713e6ea3be43,True
데이터/입력/ttm/ttm100_2025/ku=11220/chunk_009.parquet,78ec3b2f06849ed90dbd158b9c14db3198ea8805ea5fb366b272c8ba529b695d,78ec3b2f06849ed90dbd158b9c14db3198ea8805ea5fb366b272c8ba529b695d,True
데이터/입력/ttm/ttm100_2025/ku=11230/chunk_000.parquet,76a6933e88e7f3555cc611719463e1e74b7a1ad0b5fad6b37fcafb133ea1097f,76a6933e88e7f3555cc611719463e1e74b7a1ad0b5fad6b37fcafb133ea1097f,True
데이터/입력/ttm/ttm100_2025/ku=11230/chunk_001.parquet,24750553df805e0b41bab0032c44aae4ccee037953efcfa0f54aa1bdcb1bed6d,24750553df805e0b41bab0032c44aae4ccee037953efcfa0f54aa1bdcb1bed6d,True
데이터/입력/ttm/ttm100_2025/ku=11230/chunk_002.parquet,791ff66423aa8cea1f3ef1366b05ea7f4a686930423196932f7d142e93e7a99c,791ff66423aa8cea1f3ef1366b05ea7f4a686930423196932f7d142e93e7a99c,True
데이터/입력/ttm/ttm100_2025/ku=11230/chunk_003.parquet,f656a0e2b53132f8f28342ef776180c9c2f585faf33e3d41a5701d486957d34c,f656a0e2b53132f8f28342ef776180c9c2f585faf33e3d41a5701d486957d34c,True
데이터/입력/ttm/ttm100_2025/ku=11230/chunk_004.parquet,f79ad72df70025bf1db7c12a5c6e70f156063af761a9c891e0edab27d0dc3d1e,f79ad72df70025bf1db7c12a5c6e70f156063af761a9c891e0edab27d0dc3d1e,True
데이터/입력/ttm/ttm100_2025/ku=11230/chunk_005.parquet,5e41436fee333e82fa1a0fcb13cab0aef3a51b12cb562abcc7d3ce5158064b50,5e41436fee333e82fa1a0fcb13cab0aef3a51b12cb562abcc7d3ce5158064b50,True
데이터/입력/ttm/ttm100_2025/ku=11230/chunk_006.parquet,a33fc526da4ba7a595420851b1f71aa654952763b2b5de7d5f478a1b1d05a9df,a33fc526da4ba7a595420851b1f71aa654952763b2b5de7d5f478a1b1d05a9df,True
데이터/입력/ttm/ttm100_2025/ku=11230/chunk_007.parquet,3312bdd471f4f9b001c6c0d90e75e83493b19d19a6c422f10e620206b40cc16b,3312bdd471f4f9b001c6c0d90e75e83493b19d19a6c422f10e620206b40cc16b,True
데이터/입력/ttm/ttm100_2025/ku=11230/chunk_008.parquet,81f596322257c8238aba7f9cb0984b35ad28a6311ec175cb3d03f1beba8f8253,81f596322257c8238aba7f9cb0984b35ad28a6311ec175cb3d03f1beba8f8253,True
데이터/입력/ttm/ttm100_2025/ku=11230/chunk_009.parquet,522a936faad4b019f0c3c5c342e50104bfc5b43c9f5892f7830378faa031a164,522a936faad4b019f0c3c5c342e50104bfc5b43c9f5892f7830378faa031a164,True
데이터/입력/ttm/ttm100_2025/ku=11230/chunk_010.parquet,e623cb946116b14ef2afe6b469603591b6feb6b20d167b25a02f7e9e4bc07295,e623cb946116b14ef2afe6b469603591b6feb6b20d167b25a02f7e9e4bc07295,True
데이터/입력/ttm/ttm100_2025/ku=11230/chunk_011.parquet,030ff7a2f1151f0470a5d9b8a4a33103dca05782d0c21bc9e50ff06321d5787a,030ff7a2f1151f0470a5d9b8a4a33103dca05782d0c21bc9e50ff06321d5787a,True
데이터/입력/ttm/ttm100_2025/ku=11240/chunk_000.parquet,2e2023b1d6859864ff33526a6ead6122b891b0e6eb59bc94497809090a13967c,2e2023b1d6859864ff33526a6ead6122b891b0e6eb59bc94497809090a13967c,True
데이터/입력/ttm/ttm100_2025/ku=11240/chunk_001.parquet,c14c5dc04d08c7f1a19d420b530a5dd26bb1fc4dcf608706abf18edf978c2731,c14c5dc04d08c7f1a19d420b530a5dd26bb1fc4dcf608706abf18edf978c2731,True
데이터/입력/ttm/ttm100_2025/ku=11240/chunk_002.parquet,ddfa4af037bf1013bbb368455f9606a25d9e99efd288636a1ba261084a72e5cd,ddfa4af037bf1013bbb368455f9606a25d9e99efd288636a1ba261084a72e5cd,True
데이터/입력/ttm/ttm100_2025/ku=11240/chunk_003.parquet,c350bbabfd41c28006ce136b6d32fa4c2f3112fbbbfaf4d90387940e033bd332,c350bbabfd41c28006ce136b6d32fa4c2f3112fbbbfaf4d90387940e033bd332,True
데이터/입력/ttm/ttm100_2025/ku=11240/chunk_004.parquet,7be9e2dcf464c62c83a2a52534a063a2b2469af094064a1ccf3b37063683635e,7be9e2dcf464c62c83a2a52534a063a2b2469af094064a1ccf3b37063683635e,True
데이터/입력/ttm/ttm100_2025/ku=11240/chunk_005.parquet,d6fdc8c995a4fe73fc852537b121f09698367f7c01a3bec8dfe9efc140e891b2,d6fdc8c995a4fe73fc852537b121f09698367f7c01a3bec8dfe9efc140e891b2,True
데이터/입력/ttm/ttm100_2025/ku=11240/chunk_006.parquet,ff38ec00cdaa7cb1e1d83a2434921e56276cd8a43ea490eda7a127fff251850b,ff38ec00cdaa7cb1e1d83a2434921e56276cd8a43ea490eda7a127fff251850b,True
데이터/입력/ttm/ttm100_2025/ku=11240/chunk_007.parquet,ce2e5ee310f0eff3809cf92d0dbb5ce5d7bff83a9dd810d8a16d5dd97bd87453,ce2e5ee310f0eff3809cf92d0dbb5ce5d7bff83a9dd810d8a16d5dd97bd87453,True
데이터/입력/ttm/ttm100_2025/ku=11240/chunk_008.parquet,d387c6e0e976268284f86dbea156fb4b8b0d8437911f5f036ad6a9ed2bedb6ae,d387c6e0e976268284f86dbea156fb4b8b0d8437911f5f036ad6a9ed2bedb6ae,True
데이터/입력/ttm/ttm100_2025/ku=11240/chunk_009.parquet,3135961a8be79ed92bacfe5fe5c06400bde051b121eda3d2ed235f68e63b5e46,3135961a8be79ed92bacfe5fe5c06400bde051b121eda3d2ed235f68e63b5e46,True
데이터/입력/ttm/ttm100_2025/ku=11250/chunk_000.parquet,677ef9e11b156a6b4f8a1bf204ed41b17fc61307cbd1f56dd6102a071e5edcdd,677ef9e11b156a6b4f8a1bf204ed41b17fc61307cbd1f56dd6102a071e5edcdd,True
데이터/입력/ttm/ttm100_2025/ku=11250/chunk_001.parquet,558c5954c5b45032e4f30be1d191a20a1ca4ed5a078696c59ea6e1e4b4e66842,558c5954c5b45032e4f30be1d191a20a1ca4ed5a078696c59ea6e1e4b4e66842,True
데이터/입력/ttm/ttm100_2025/ku=11250/chunk_002.parquet,2a7c7ab6f7d0bbd66d0a92c0808f01f6467ce4d7a52192bcf24ae38257c6ccfd,2a7c7ab6f7d0bbd66d0a92c0808f01f6467ce4d7a52192bcf24ae38257c6ccfd,True
데이터/입력/ttm/ttm100_2025/ku=11250/chunk_003.parquet,d10e9c698f235bb9f5fe1922f5a1fc327f5900fa7f4daedd12ced657a5d7f6ab,d10e9c698f235bb9f5fe1922f5a1fc327f5900fa7f4daedd12ced657a5d7f6ab,True
데이터/입력/ttm/ttm100_2025/ku=11250/chunk_004.parquet,424ee725513db51b5557dad3b37ad07490dc50f374a5c2f9520dc415d5d622a8,424ee725513db51b5557dad3b37ad07490dc50f374a5c2f9520dc415d5d622a8,True
데이터/입력/ttm/ttm100_2025/ku=11250/chunk_005.parquet,3056dc3dd6c40fd5a573a344c3311a6396a20cbf0c8f30c97943a618d928a0ba,3056dc3dd6c40fd5a573a344c3311a6396a20cbf0c8f30c97943a618d928a0ba,True
데이터/입력/ttm/ttm100_2025/ku=11250/chunk_006.parquet,00f365e496c76f6d29d95c3b82127796f5bc70f897b956cc855c181d38c6f2b8,00f365e496c76f6d29d95c3b82127796f5bc70f897b956cc855c181d38c6f2b8,True
데이터/입력/ttm/ttm100_2025/ku=11250/chunk_007.parquet,a0afd8d3cddc51caa4ba18e7d7182c5b3bc9fb58eec39dbd85690c1499ebc691,a0afd8d3cddc51caa4ba18e7d7182c5b3bc9fb58eec39dbd85690c1499ebc691,True
데이터/입력/ttm/ttm100_2025_for2020/ku=11010/chunk_000.parquet,755ed9dc4678fea64f0200b382ba66824516b0e3802a3e286d787c093c6a76b6,755ed9dc4678fea64f0200b382ba66824516b0e3802a3e286d787c093c6a76b6,True
데이터/입력/ttm/ttm100_2025_for2020/ku=11020/chunk_000.parquet,ffc210cd6b4bdf0763803e98c1a1c1793349dd9c4b9d72ca2ffa1362b4300b8b,ffc210cd6b4bdf0763803e98c1a1c1793349dd9c4b9d72ca2ffa1362b4300b8b,True
데이터/입력/ttm/ttm100_2025_for2020/ku=11030/chunk_000.parquet,ccbd30f11098abd46e27ce13e7d4fc9da8ed26d06213987882caf341b45c5a74,ccbd30f11098abd46e27ce13e7d4fc9da8ed26d06213987882caf341b45c5a74,True
데이터/입력/ttm/ttm100_2025_for2020/ku=11040/chunk_000.parquet,3c65e99e7131f891c158d318bc987aa72b3f7cb86f4c267387fc215328f2958b,3c65e99e7131f891c158d318bc987aa72b3f7cb86f4c267387fc215328f2958b,True
데이터/입력/ttm/ttm100_2025_for2020/ku=11050/chunk_000.parquet,a8895e985e0c61944f7e37238e190d8824381b95139045136eeb0a31091b5276,a8895e985e0c61944f7e37238e190d8824381b95139045136eeb0a31091b5276,True
데이터/입력/ttm/ttm100_2025_for2020/ku=11060/chunk_000.parquet,414e2ece7050f5f87c851473d4eb2be08a014c9061e541d172ca8488bc4d4d85,414e2ece7050f5f87c851473d4eb2be08a014c9061e541d172ca8488bc4d4d85,True
데이터/입력/ttm/ttm100_2025_for2020/ku=11070/chunk_000.parquet,ed726288240484cd12788f7903a8b58d1b9d0e71ad327fca9fcaf809df202991,ed726288240484cd12788f7903a8b58d1b9d0e71ad327fca9fcaf809df202991,True
데이터/입력/ttm/ttm100_2025_for2020/ku=11080/chunk_000.parquet,f6bcc45231f54ec840a9547fe1960a90f162618a59c3fbb867969bbcc5f787dc,f6bcc45231f54ec840a9547fe1960a90f162618a59c3fbb867969bbcc5f787dc,True
데이터/입력/ttm/ttm100_2025_for2020/ku=11090/chunk_000.parquet,d63235cb270372280abfe4fb4f2bc72fd63ff91ff59be9b24dcac5ad133aec03,d63235cb270372280abfe4fb4f2bc72fd63ff91ff59be9b24dcac5ad133aec03,True
데이터/입력/ttm/ttm100_2025_for2020/ku=11100/chunk_000.parquet,0792948eae5ffa795665ebecb692874798b139d9a83f9fd6b2872fddd21602fc,0792948eae5ffa795665ebecb692874798b139d9a83f9fd6b2872fddd21602fc,True
데이터/입력/ttm/ttm100_2025_for2020/ku=11110/chunk_000.parquet,19a7faded9f06f15035ebe8344fab48a25492412b618c5051894e6c39afa74f7,19a7faded9f06f15035ebe8344fab48a25492412b618c5051894e6c39afa74f7,True
데이터/입력/ttm/ttm100_2025_for2020/ku=11120/chunk_000.parquet,19f0df2f1ddada627a891308102ebc180932f26251de43ceb41c9917930c96f7,19f0df2f1ddada627a891308102ebc180932f26251de43ceb41c9917930c96f7,True
데이터/입력/ttm/ttm100_2025_for2020/ku=11130/chunk_000.parquet,c951240202f7a66d331f3cd347cd3b3a91a59d04a924ba5a90236b45e00203ff,c951240202f7a66d331f3cd347cd3b3a91a59d04a924ba5a90236b45e00203ff,True
데이터/입력/ttm/ttm100_2025_for2020/ku=11140/chunk_000.parquet,8041dc49b70f2c10d00bc17890a6b54a764f7937ca68b8ee853edc90d3414024,8041dc49b70f2c10d00bc17890a6b54a764f7937ca68b8ee853edc90d3414024,True
데이터/입력/ttm/ttm100_2025_for2020/ku=11150/chunk_000.parquet,91118012930d8cbee7d3a44bb14d8c35cc34e175f3ba0304750fe0d3cd4ddae1,91118012930d8cbee7d3a44bb14d8c35cc34e175f3ba0304750fe0d3cd4ddae1,True
데이터/입력/ttm/ttm100_2025_for2020/ku=11160/chunk_000.parquet,d2b8dd9bd4625c5b3d0998153bad9b50cc6180a8fa6b9902b3f903a20c314c5c,d2b8dd9bd4625c5b3d0998153bad9b50cc6180a8fa6b9902b3f903a20c314c5c,True
데이터/입력/ttm/ttm100_2025_for2020/ku=11170/chunk_000.parquet,847bfca95cac2f303b76682a69a8253f65b9b673b474f2743090ed69e88e9b16,847bfca95cac2f303b76682a69a8253f65b9b673b474f2743090ed69e88e9b16,True
데이터/입력/ttm/ttm100_2025_for2020/ku=11180/chunk_000.parquet,674c0fbb6746ce4c18976d3dc66531fb88859cc1b0c93b248287ff9aae102fd5,674c0fbb6746ce4c18976d3dc66531fb88859cc1b0c93b248287ff9aae102fd5,True
데이터/입력/ttm/ttm100_2025_for2020/ku=11190/chunk_000.parquet,ef2521a07123e988d72ba1ab32215bbdaab156aa287720e19d220342941063f1,ef2521a07123e988d72ba1ab32215bbdaab156aa287720e19d220342941063f1,True
데이터/입력/ttm/ttm100_2025_for2020/ku=11200/chunk_000.parquet,b004b0cc835b4e91567a87e663e6af32544c9c828c3ca5d239ba2247762a7875,b004b0cc835b4e91567a87e663e6af32544c9c828c3ca5d239ba2247762a7875,True
데이터/입력/ttm/ttm100_2025_for2020/ku=11210/chunk_000.parquet,19252beb2e3539bb4bcb4d122d4cdc03aa5347e60dace593d29ceb3938923391,19252beb2e3539bb4bcb4d122d4cdc03aa5347e60dace593d29ceb3938923391,True
데이터/입력/ttm/ttm100_2025_for2020/ku=11220/chunk_000.parquet,28ff64bf77487e3b1912df22e8db571d168bdde28306581b65a6472eadae5221,28ff64bf77487e3b1912df22e8db571d168bdde28306581b65a6472eadae5221,True
데이터/입력/ttm/ttm100_2025_for2020/ku=11230/chunk_000.parquet,76600d2e3bc10d61ac9681edf02f69feccc201de776c97f78b895a97823991ce,76600d2e3bc10d61ac9681edf02f69feccc201de776c97f78b895a97823991ce,True
데이터/입력/ttm/ttm100_2025_for2020/ku=11240/chunk_000.parquet,aa0dc01e623fd4fab30009020fefadd6dd3250a1af10cc13e8e734aaa8a8a756,aa0dc01e623fd4fab30009020fefadd6dd3250a1af10cc13e8e734aaa8a8a756,True
데이터/입력/ttm/ttm100_2025_for2020/ku=11250/chunk_000.parquet,f30565a4ff6170b8138f79d8f5e7a45fac863f5cb43ff02044d6cc3d7e25813f,f30565a4ff6170b8138f79d8f5e7a45fac863f5cb43ff02044d6cc3d7e25813f,True
