file,rows,columns,duplicate_full_rows,null_cells,error
_pilot_20260926\results\exp_a_partitions.csv,630,44,0,0,
_pilot_20260926\results\exp_b_actual.csv,4,9,0,10,
_pilot_20260926\results\exp_b_kcurve.csv,1152,10,0,0,
_pilot_20260926\results\exp_b_tau.csv,74,12,0,2,
_pilot_20260926\results\exp_c_p2.csv,56,12,0,4,
_pilot_20260926\results\exp_d_maximin.csv,10,9,0,0,
_pilot_20260926\results\exp_d_profile.csv,10,7,0,0,
_pilot_20260926\results\exp_e_time.csv,12,10,0,0,
_pilot_20260926\results\exp_f_ku.csv,75500,6,0,0,
_pilot_20260926\results\exp_f_null.csv,604,12,0,0,
_pilot_20260926\results\pilot_out\exp1_H.csv,27,7,0,0,
_pilot_20260926\results\pilot_out\exp2_library.csv,17,12,0,0,
_pilot_20260926\results\pilot_out\exp2_random_null.csv,200,11,0,0,
_pilot_20260926\results\pilot_out\random_baseline.csv,0,0,0,0,empty CSV
output\부록_IFR_접근성_상관.csv,94,7,0,0,
output\정수해대조_2020.csv,5,7,0,0,
output\정수해대조_2020_동_TL3600.csv,1,7,0,0,
output\정수해대조_2025.csv,5,7,0,0,
output\정수해대조_2025_동_TL3600.csv,1,7,0,0,
output\정수해대조_시설별_2020_중위60%.csv,21,10,0,6,
output\정수해대조_시설별_2020_평균60%.csv,21,10,0,2,
output\정수해대조_시설별_2025_중위60%.csv,21,10,0,2,
output\표4.1-1_4단위비교행렬_2020_도서관.csv,15,38,0,9,
output\표4.1-1_4단위비교행렬_2025_도서관.csv,13,38,0,3,
output\표4.1-2_은폐_H.csv,80,12,0,0,
output\표4.1-2_은폐_H곡선.csv,880,5,0,0,
output\표4.1-3_크기축_구획별.csv,1030,23,0,800,
output\표4.1-4_형평정의_2020.csv,22,20,0,4,
output\표4.1-4_형평정의_2025.csv,22,20,0,4,
output\표4.1-5_안정성.csv,4,4,0,0,
output\표4.1-5_행정대리지표.csv,18,18,0,132,
output\표4.1-6_민감도_2020.csv,24,11,0,1,
output\표4.1-6_민감도_2025.csv,24,11,0,1,
output\표4.1-7_실제배치대조.csv,8,12,0,0,
output\표4.1-8_자치구사례_2020.csv,2,7,0,0,
output\표4.1-9_시설별_반사실_2020.csv,21,8,0,0,
output\표4.1-9_시설별_반사실_2020_평균60%.csv,21,8,0,0,
output\표4.1-9_시설별_창_2020.csv,1428,16,0,1457,
output\표4.1-9_시설별_창_2020_평균60%.csv,1428,16,0,1471,
output\표4.1-9_시설별_창_2025.csv,1428,16,0,1423,
output\표4.1-9_시설별_창_2025_평균60%.csv,1428,16,0,1449,
