snapshot,scope,gu,built,official,coord_rate
2020_01,A_전체,종로구,160,160,100.0
2020_01,A_전체,중구,269,3,84.8
2020_01,A_전체,용산구,17,13,82.4
2020_01,A_전체,성동구,10,10,100.0
2020_01,A_전체,광진구,12,13,100.0
2020_01,A_전체,동대문구,8,0,100.0
2020_01,A_전체,중랑구,9,1,100.0
2020_01,A_전체,성북구,12,12,100.0
2020_01,A_전체,강북구,4,4,100.0
2020_01,A_전체,도봉구,6,6,100.0
2020_01,A_전체,노원구,5,4,100.0
2020_01,A_전체,은평구,194,1,74.2
2020_01,A_전체,서대문구,11,9,100.0
2020_01,A_전체,마포구,31,31,100.0
2020_01,A_전체,양천구,6,6,100.0
2020_01,A_전체,강서구,1,1,100.0
2020_01,A_전체,구로구,20,10,100.0
2020_01,A_전체,금천구,5,5,100.0
2020_01,A_전체,영등포구,19,7,100.0
2020_01,A_전체,동작구,103,2,65.0
2020_01,A_전체,관악구,1,1,100.0
2020_01,A_전체,서초구,32,29,100.0
2020_01,A_전체,강남구,38,34,100.0
2020_01,A_전체,송파구,12,12,100.0
2020_01,A_전체,강동구,20,5,85.0
2020_01,D_인허가중 명부매칭행,종로구,133,160,100.0
2020_01,D_인허가중 명부매칭행,중구,3,3,100.0
2020_01,D_인허가중 명부매칭행,용산구,13,13,100.0
2020_01,D_인허가중 명부매칭행,성동구,10,10,100.0
2020_01,D_인허가중 명부매칭행,광진구,11,13,100.0
2020_01,D_인허가중 명부매칭행,동대문구,0,0,
2020_01,D_인허가중 명부매칭행,중랑구,2,1,100.0
2020_01,D_인허가중 명부매칭행,성북구,9,12,100.0
2020_01,D_인허가중 명부매칭행,강북구,3,4,100.0
2020_01,D_인허가중 명부매칭행,도봉구,6,6,100.0
2020_01,D_인허가중 명부매칭행,노원구,3,4,100.0
2020_01,D_인허가중 명부매칭행,은평구,1,1,100.0
2020_01,D_인허가중 명부매칭행,서대문구,8,9,100.0
2020_01,D_인허가중 명부매칭행,마포구,27,31,100.0
2020_01,D_인허가중 명부매칭행,양천구,4,6,100.0
2020_01,D_인허가중 명부매칭행,강서구,1,1,100.0
2020_01,D_인허가중 명부매칭행,구로구,6,10,100.0
2020_01,D_인허가중 명부매칭행,금천구,5,5,100.0
2020_01,D_인허가중 명부매칭행,영등포구,7,7,100.0
2020_01,D_인허가중 명부매칭행,동작구,2,2,100.0
2020_01,D_인허가중 명부매칭행,관악구,0,1,
2020_01,D_인허가중 명부매칭행,서초구,28,29,100.0
2020_01,D_인허가중 명부매칭행,강남구,32,34,100.0
2020_01,D_인허가중 명부매칭행,송파구,12,12,100.0
2020_01,D_인허가중 명부매칭행,강동구,4,5,50.0
2025_01,A_전체,종로구,165,168,100.0
2025_01,A_전체,중구,269,27,84.8
2025_01,A_전체,용산구,16,12,81.2
2025_01,A_전체,성동구,8,8,100.0
2025_01,A_전체,광진구,16,16,100.0
2025_01,A_전체,동대문구,10,3,100.0
2025_01,A_전체,중랑구,9,2,100.0
2025_01,A_전체,성북구,16,16,100.0
2025_01,A_전체,강북구,6,6,100.0
2025_01,A_전체,도봉구,5,5,100.0
2025_01,A_전체,노원구,5,4,100.0
2025_01,A_전체,은평구,1,1,100.0
2025_01,A_전체,서대문구,11,11,100.0
2025_01,A_전체,마포구,44,44,100.0
2025_01,A_전체,양천구,6,6,100.0
2025_01,A_전체,강서구,7,7,100.0
2025_01,A_전체,구로구,21,8,100.0
2025_01,A_전체,금천구,8,8,100.0
2025_01,A_전체,영등포구,21,10,100.0
2025_01,A_전체,동작구,103,2,65.0
2025_01,A_전체,관악구,2,2,100.0
2025_01,A_전체,서초구,40,37,100.0
2025_01,A_전체,강남구,32,32,100.0
2025_01,A_전체,송파구,11,11,100.0
2025_01,A_전체,강동구,21,6,85.7
2025_01,D_인허가중 명부매칭행,종로구,161,168,100.0
2025_01,D_인허가중 명부매칭행,중구,26,27,100.0
2025_01,D_인허가중 명부매칭행,용산구,11,12,100.0
2025_01,D_인허가중 명부매칭행,성동구,8,8,100.0
2025_01,D_인허가중 명부매칭행,광진구,14,16,100.0
2025_01,D_인허가중 명부매칭행,동대문구,3,3,100.0
2025_01,D_인허가중 명부매칭행,중랑구,2,2,100.0
2025_01,D_인허가중 명부매칭행,성북구,14,16,100.0
2025_01,D_인허가중 명부매칭행,강북구,6,6,100.0
2025_01,D_인허가중 명부매칭행,도봉구,5,5,100.0
2025_01,D_인허가중 명부매칭행,노원구,4,4,100.0
2025_01,D_인허가중 명부매칭행,은평구,1,1,100.0
2025_01,D_인허가중 명부매칭행,서대문구,11,11,100.0
2025_01,D_인허가중 명부매칭행,마포구,40,44,100.0
2025_01,D_인허가중 명부매칭행,양천구,5,6,100.0
2025_01,D_인허가중 명부매칭행,강서구,7,7,100.0
2025_01,D_인허가중 명부매칭행,구로구,9,8,100.0
2025_01,D_인허가중 명부매칭행,금천구,8,8,100.0
2025_01,D_인허가중 명부매칭행,영등포구,11,10,100.0
2025_01,D_인허가중 명부매칭행,동작구,2,2,100.0
2025_01,D_인허가중 명부매칭행,관악구,2,2,100.0
2025_01,D_인허가중 명부매칭행,서초구,37,37,100.0
2025_01,D_인허가중 명부매칭행,강남구,30,32,100.0
2025_01,D_인허가중 명부매칭행,송파구,11,11,100.0
2025_01,D_인허가중 명부매칭행,강동구,6,6,66.7
