level,unit,version,nts_items,snapshot,ours,nts,ratio,gu_pearson,gu_spearman
서울,서울,S,편의점+슈퍼마켓+정육점+채소가게+과일가게+생선가게+식료품가게+건어물가게+곡물가게,2020,26494,26035,1.018,0.942,0.97
구,강남구,S,편의점+슈퍼마켓+정육점+채소가게+과일가게+생선가게+식료품가게+건어물가게+곡물가게,2020,1630,1533,1.063,,
구,강동구,S,편의점+슈퍼마켓+정육점+채소가게+과일가게+생선가게+식료품가게+건어물가게+곡물가게,2020,1038,1034,1.004,,
구,강북구,S,편의점+슈퍼마켓+정육점+채소가게+과일가게+생선가게+식료품가게+건어물가게+곡물가게,2020,849,870,0.976,,
구,강서구,S,편의점+슈퍼마켓+정육점+채소가게+과일가게+생선가게+식료품가게+건어물가게+곡물가게,2020,1370,1270,1.079,,
구,관악구,S,편의점+슈퍼마켓+정육점+채소가게+과일가게+생선가게+식료품가게+건어물가게+곡물가게,2020,1171,1134,1.033,,
구,광진구,S,편의점+슈퍼마켓+정육점+채소가게+과일가게+생선가게+식료품가게+건어물가게+곡물가게,2020,955,887,1.077,,
구,구로구,S,편의점+슈퍼마켓+정육점+채소가게+과일가게+생선가게+식료품가게+건어물가게+곡물가게,2020,1069,1111,0.962,,
구,금천구,S,편의점+슈퍼마켓+정육점+채소가게+과일가게+생선가게+식료품가게+건어물가게+곡물가게,2020,812,784,1.036,,
구,노원구,S,편의점+슈퍼마켓+정육점+채소가게+과일가게+생선가게+식료품가게+건어물가게+곡물가게,2020,862,954,0.904,,
구,도봉구,S,편의점+슈퍼마켓+정육점+채소가게+과일가게+생선가게+식료품가게+건어물가게+곡물가게,2020,733,706,1.038,,
구,동대문구,S,편의점+슈퍼마켓+정육점+채소가게+과일가게+생선가게+식료품가게+건어물가게+곡물가게,2020,1450,1305,1.111,,
구,동작구,S,편의점+슈퍼마켓+정육점+채소가게+과일가게+생선가게+식료품가게+건어물가게+곡물가게,2020,1245,1530,0.814,,
구,마포구,S,편의점+슈퍼마켓+정육점+채소가게+과일가게+생선가게+식료품가게+건어물가게+곡물가게,2020,1093,1019,1.073,,
구,서대문구,S,편의점+슈퍼마켓+정육점+채소가게+과일가게+생선가게+식료품가게+건어물가게+곡물가게,2020,818,799,1.024,,
구,서초구,S,편의점+슈퍼마켓+정육점+채소가게+과일가게+생선가게+식료품가게+건어물가게+곡물가게,2020,1030,974,1.057,,
구,성동구,S,편의점+슈퍼마켓+정육점+채소가게+과일가게+생선가게+식료품가게+건어물가게+곡물가게,2020,758,754,1.005,,
구,성북구,S,편의점+슈퍼마켓+정육점+채소가게+과일가게+생선가게+식료품가게+건어물가게+곡물가게,2020,973,945,1.03,,
구,송파구,S,편의점+슈퍼마켓+정육점+채소가게+과일가게+생선가게+식료품가게+건어물가게+곡물가게,2020,1483,1427,1.039,,
구,양천구,S,편의점+슈퍼마켓+정육점+채소가게+과일가게+생선가게+식료품가게+건어물가게+곡물가게,2020,871,945,0.922,,
구,영등포구,S,편의점+슈퍼마켓+정육점+채소가게+과일가게+생선가게+식료품가게+건어물가게+곡물가게,2020,1378,1301,1.059,,
구,용산구,S,편의점+슈퍼마켓+정육점+채소가게+과일가게+생선가게+식료품가게+건어물가게+곡물가게,2020,719,704,1.021,,
구,은평구,S,편의점+슈퍼마켓+정육점+채소가게+과일가게+생선가게+식료품가게+건어물가게+곡물가게,2020,1007,1048,0.961,,
구,종로구,S,편의점+슈퍼마켓+정육점+채소가게+과일가게+생선가게+식료품가게+건어물가게+곡물가게,2020,931,823,1.131,,
구,중구,S,편의점+슈퍼마켓+정육점+채소가게+과일가게+생선가게+식료품가게+건어물가게+곡물가게,2020,1243,1195,1.04,,
구,중랑구,S,편의점+슈퍼마켓+정육점+채소가게+과일가게+생선가게+식료품가게+건어물가게+곡물가게,2020,1006,983,1.023,,
서울,서울,S,편의점+슈퍼마켓+정육점+채소가게+과일가게+생선가게+식료품가게+건어물가게+곡물가게,2025,29063,25737,1.129,0.973,0.96
구,강남구,S,편의점+슈퍼마켓+정육점+채소가게+과일가게+생선가게+식료품가게+건어물가게+곡물가게,2025,1688,1524,1.108,,
구,강동구,S,편의점+슈퍼마켓+정육점+채소가게+과일가게+생선가게+식료품가게+건어물가게+곡물가게,2025,1207,1030,1.172,,
구,강북구,S,편의점+슈퍼마켓+정육점+채소가게+과일가게+생선가게+식료품가게+건어물가게+곡물가게,2025,974,808,1.205,,
구,강서구,S,편의점+슈퍼마켓+정육점+채소가게+과일가게+생선가게+식료품가게+건어물가게+곡물가게,2025,1572,1399,1.124,,
구,관악구,S,편의점+슈퍼마켓+정육점+채소가게+과일가게+생선가게+식료품가게+건어물가게+곡물가게,2025,1322,1167,1.133,,
구,광진구,S,편의점+슈퍼마켓+정육점+채소가게+과일가게+생선가게+식료품가게+건어물가게+곡물가게,2025,1041,861,1.209,,
구,구로구,S,편의점+슈퍼마켓+정육점+채소가게+과일가게+생선가게+식료품가게+건어물가게+곡물가게,2025,1231,1141,1.079,,
구,금천구,S,편의점+슈퍼마켓+정육점+채소가게+과일가게+생선가게+식료품가게+건어물가게+곡물가게,2025,942,813,1.159,,
구,노원구,S,편의점+슈퍼마켓+정육점+채소가게+과일가게+생선가게+식료품가게+건어물가게+곡물가게,2025,936,960,0.975,,
구,도봉구,S,편의점+슈퍼마켓+정육점+채소가게+과일가게+생선가게+식료품가게+건어물가게+곡물가게,2025,892,752,1.186,,
구,동대문구,S,편의점+슈퍼마켓+정육점+채소가게+과일가게+생선가게+식료품가게+건어물가게+곡물가게,2025,1574,1317,1.195,,
구,동작구,S,편의점+슈퍼마켓+정육점+채소가게+과일가게+생선가게+식료품가게+건어물가게+곡물가게,2025,1401,1367,1.025,,
구,마포구,S,편의점+슈퍼마켓+정육점+채소가게+과일가게+생선가게+식료품가게+건어물가게+곡물가게,2025,1233,1016,1.214,,
구,서대문구,S,편의점+슈퍼마켓+정육점+채소가게+과일가게+생선가게+식료품가게+건어물가게+곡물가게,2025,887,763,1.163,,
구,서초구,S,편의점+슈퍼마켓+정육점+채소가게+과일가게+생선가게+식료품가게+건어물가게+곡물가게,2025,1071,929,1.153,,
구,성동구,S,편의점+슈퍼마켓+정육점+채소가게+과일가게+생선가게+식료품가게+건어물가게+곡물가게,2025,857,736,1.164,,
구,성북구,S,편의점+슈퍼마켓+정육점+채소가게+과일가게+생선가게+식료품가게+건어물가게+곡물가게,2025,1019,873,1.167,,
구,송파구,S,편의점+슈퍼마켓+정육점+채소가게+과일가게+생선가게+식료품가게+건어물가게+곡물가게,2025,1681,1486,1.131,,
구,양천구,S,편의점+슈퍼마켓+정육점+채소가게+과일가게+생선가게+식료품가게+건어물가게+곡물가게,2025,969,986,0.983,,
구,영등포구,S,편의점+슈퍼마켓+정육점+채소가게+과일가게+생선가게+식료품가게+건어물가게+곡물가게,2025,1476,1304,1.132,,
구,용산구,S,편의점+슈퍼마켓+정육점+채소가게+과일가게+생선가게+식료품가게+건어물가게+곡물가게,2025,751,645,1.164,,
구,은평구,S,편의점+슈퍼마켓+정육점+채소가게+과일가게+생선가게+식료품가게+건어물가게+곡물가게,2025,1072,993,1.08,,
구,종로구,S,편의점+슈퍼마켓+정육점+채소가게+과일가게+생선가게+식료품가게+건어물가게+곡물가게,2025,882,752,1.173,,
구,중구,S,편의점+슈퍼마켓+정육점+채소가게+과일가게+생선가게+식료품가게+건어물가게+곡물가게,2025,1202,1071,1.122,,
구,중랑구,S,편의점+슈퍼마켓+정육점+채소가게+과일가게+생선가게+식료품가게+건어물가게+곡물가게,2025,1183,1044,1.133,,
서울,서울,S_core,편의점+슈퍼마켓,2020,17380,11870,1.464,0.915,0.888
구,강남구,S_core,편의점+슈퍼마켓,2020,1280,934,1.37,,
구,강동구,S_core,편의점+슈퍼마켓,2020,668,451,1.481,,
구,강북구,S_core,편의점+슈퍼마켓,2020,518,345,1.501,,
구,강서구,S_core,편의점+슈퍼마켓,2020,898,664,1.352,,
구,관악구,S_core,편의점+슈퍼마켓,2020,758,578,1.311,,
구,광진구,S_core,편의점+슈퍼마켓,2020,625,447,1.398,,
구,구로구,S_core,편의점+슈퍼마켓,2020,701,474,1.479,,
구,금천구,S_core,편의점+슈퍼마켓,2020,537,359,1.496,,
구,노원구,S_core,편의점+슈퍼마켓,2020,580,433,1.339,,
구,도봉구,S_core,편의점+슈퍼마켓,2020,446,307,1.453,,
구,동대문구,S_core,편의점+슈퍼마켓,2020,767,471,1.628,,
구,동작구,S_core,편의점+슈퍼마켓,2020,533,428,1.245,,
구,마포구,S_core,편의점+슈퍼마켓,2020,774,581,1.332,,
구,서대문구,S_core,편의점+슈퍼마켓,2020,543,371,1.464,,
구,서초구,S_core,편의점+슈퍼마켓,2020,766,553,1.385,,
구,성동구,S_core,편의점+슈퍼마켓,2020,528,368,1.435,,
구,성북구,S_core,편의점+슈퍼마켓,2020,659,435,1.515,,
구,송파구,S_core,편의점+슈퍼마켓,2020,957,657,1.457,,
구,양천구,S_core,편의점+슈퍼마켓,2020,519,427,1.215,,
구,영등포구,S_core,편의점+슈퍼마켓,2020,975,568,1.717,,
구,용산구,S_core,편의점+슈퍼마켓,2020,526,327,1.609,,
구,은평구,S_core,편의점+슈퍼마켓,2020,619,456,1.357,,
구,종로구,S_core,편의점+슈퍼마켓,2020,703,380,1.85,,
구,중구,S_core,편의점+슈퍼마켓,2020,883,450,1.962,,
구,중랑구,S_core,편의점+슈퍼마켓,2020,617,406,1.52,,
서울,서울,S_core,편의점+슈퍼마켓,2025,17807,11977,1.487,0.945,0.909
구,강남구,S_core,편의점+슈퍼마켓,2025,1217,952,1.278,,
구,강동구,S_core,편의점+슈퍼마켓,2025,694,457,1.519,,
구,강북구,S_core,편의점+슈퍼마켓,2025,561,330,1.7,,
구,강서구,S_core,편의점+슈퍼마켓,2025,958,690,1.388,,
구,관악구,S_core,편의점+슈퍼마켓,2025,792,552,1.435,,
구,광진구,S_core,편의점+슈퍼마켓,2025,652,443,1.472,,
구,구로구,S_core,편의점+슈퍼마켓,2025,773,483,1.6,,
구,금천구,S_core,편의점+슈퍼마켓,2025,586,382,1.534,,
구,노원구,S_core,편의점+슈퍼마켓,2025,605,441,1.372,,
구,도봉구,S_core,편의점+슈퍼마켓,2025,515,326,1.58,,
구,동대문구,S_core,편의점+슈퍼마켓,2025,759,457,1.661,,
구,동작구,S_core,편의점+슈퍼마켓,2025,554,394,1.406,,
구,마포구,S_core,편의점+슈퍼마켓,2025,820,601,1.364,,
구,서대문구,S_core,편의점+슈퍼마켓,2025,555,371,1.496,,
구,서초구,S_core,편의점+슈퍼마켓,2025,757,573,1.321,,
구,성동구,S_core,편의점+슈퍼마켓,2025,519,363,1.43,,
구,성북구,S_core,편의점+슈퍼마켓,2025,646,413,1.564,,
구,송파구,S_core,편의점+슈퍼마켓,2025,1035,689,1.502,,
구,양천구,S_core,편의점+슈퍼마켓,2025,547,414,1.321,,
구,영등포구,S_core,편의점+슈퍼마켓,2025,1001,631,1.586,,
구,용산구,S_core,편의점+슈퍼마켓,2025,519,329,1.578,,
구,은평구,S_core,편의점+슈퍼마켓,2025,630,457,1.379,,
구,종로구,S_core,편의점+슈퍼마켓,2025,611,364,1.679,,
구,중구,S_core,편의점+슈퍼마켓,2025,818,434,1.885,,
구,중랑구,S_core,편의점+슈퍼마켓,2025,683,431,1.585,,
서울,서울,S_meat,정육점,2020,2369,2790,0.849,0.921,0.877
구,강남구,S_meat,정육점,2020,82,111,0.739,,
구,강동구,S_meat,정육점,2020,108,133,0.812,,
구,강북구,S_meat,정육점,2020,91,128,0.711,,
구,강서구,S_meat,정육점,2020,141,162,0.87,,
구,관악구,S_meat,정육점,2020,129,137,0.942,,
구,광진구,S_meat,정육점,2020,95,91,1.044,,
구,구로구,S_meat,정육점,2020,94,113,0.832,,
구,금천구,S_meat,정육점,2020,79,94,0.84,,
구,노원구,S_meat,정육점,2020,104,140,0.743,,
구,도봉구,S_meat,정육점,2020,86,94,0.915,,
구,동대문구,S_meat,정육점,2020,111,125,0.888,,
구,동작구,S_meat,정육점,2020,85,93,0.914,,
구,마포구,S_meat,정육점,2020,75,86,0.872,,
구,서대문구,S_meat,정육점,2020,64,98,0.653,,
구,서초구,S_meat,정육점,2020,79,98,0.806,,
구,성동구,S_meat,정육점,2020,88,125,0.704,,
구,성북구,S_meat,정육점,2020,106,124,0.855,,
구,송파구,S_meat,정육점,2020,137,161,0.851,,
구,양천구,S_meat,정육점,2020,110,126,0.873,,
구,영등포구,S_meat,정육점,2020,101,105,0.962,,
구,용산구,S_meat,정육점,2020,56,63,0.889,,
구,은평구,S_meat,정육점,2020,118,132,0.894,,
구,종로구,S_meat,정육점,2020,47,45,1.044,,
구,중구,S_meat,정육점,2020,60,67,0.896,,
구,중랑구,S_meat,정육점,2020,123,139,0.885,,
서울,서울,S_meat,정육점,2025,2953,2768,1.067,0.949,0.931
구,강남구,S_meat,정육점,2025,107,119,0.899,,
구,강동구,S_meat,정육점,2025,154,136,1.132,,
구,강북구,S_meat,정육점,2025,116,104,1.115,,
구,강서구,S_meat,정육점,2025,175,168,1.042,,
구,관악구,S_meat,정육점,2025,159,144,1.104,,
구,광진구,S_meat,정육점,2025,110,84,1.31,,
구,구로구,S_meat,정육점,2025,124,112,1.107,,
구,금천구,S_meat,정육점,2025,99,86,1.151,,
구,노원구,S_meat,정육점,2025,93,114,0.816,,
구,도봉구,S_meat,정육점,2025,112,96,1.167,,
구,동대문구,S_meat,정육점,2025,147,138,1.065,,
구,동작구,S_meat,정육점,2025,95,96,0.99,,
구,마포구,S_meat,정육점,2025,90,80,1.125,,
구,서대문구,S_meat,정육점,2025,82,79,1.038,,
구,서초구,S_meat,정육점,2025,90,83,1.084,,
구,성동구,S_meat,정육점,2025,146,138,1.058,,
구,성북구,S_meat,정육점,2025,113,108,1.046,,
구,송파구,S_meat,정육점,2025,178,170,1.047,,
구,양천구,S_meat,정육점,2025,140,158,0.886,,
구,영등포구,S_meat,정육점,2025,121,110,1.1,,
구,용산구,S_meat,정육점,2025,71,59,1.203,,
구,은평구,S_meat,정육점,2025,135,127,1.063,,
구,종로구,S_meat,정육점,2025,57,47,1.213,,
구,중구,S_meat,정육점,2025,75,65,1.154,,
구,중랑구,S_meat,정육점,2025,164,147,1.116,,
서울,서울,L_meat,정육점,2020,11955,2790,4.285,0.278,0.362
구,강남구,L_meat,정육점,2020,837,111,7.541,,
구,강동구,L_meat,정육점,2020,541,133,4.068,,
구,강북구,L_meat,정육점,2020,223,128,1.742,,
구,강서구,L_meat,정육점,2020,478,162,2.951,,
구,관악구,L_meat,정육점,2020,273,137,1.993,,
구,광진구,L_meat,정육점,2020,352,91,3.868,,
구,구로구,L_meat,정육점,2020,265,113,2.345,,
구,금천구,L_meat,정육점,2020,902,94,9.596,,
구,노원구,L_meat,정육점,2020,309,140,2.207,,
구,도봉구,L_meat,정육점,2020,206,94,2.191,,
구,동대문구,L_meat,정육점,2020,389,125,3.112,,
구,동작구,L_meat,정육점,2020,225,93,2.419,,
구,마포구,L_meat,정육점,2020,317,86,3.686,,
구,서대문구,L_meat,정육점,2020,183,98,1.867,,
구,서초구,L_meat,정육점,2020,694,98,7.082,,
구,성동구,L_meat,정육점,2020,1977,125,15.816,,
구,성북구,L_meat,정육점,2020,249,124,2.008,,
구,송파구,L_meat,정육점,2020,1178,161,7.317,,
구,양천구,L_meat,정육점,2020,382,126,3.032,,
구,영등포구,L_meat,정육점,2020,522,105,4.971,,
구,용산구,L_meat,정육점,2020,183,63,2.905,,
구,은평구,L_meat,정육점,2020,335,132,2.538,,
구,종로구,L_meat,정육점,2020,213,45,4.733,,
구,중구,L_meat,정육점,2020,348,67,5.194,,
구,중랑구,L_meat,정육점,2020,374,139,2.691,,
서울,서울,L_meat,정육점,2025,11376,2768,4.11,0.329,0.379
구,강남구,L_meat,정육점,2025,977,119,8.21,,
구,강동구,L_meat,정육점,2025,530,136,3.897,,
구,강북구,L_meat,정육점,2025,205,104,1.971,,
구,강서구,L_meat,정육점,2025,455,168,2.708,,
구,관악구,L_meat,정육점,2025,219,144,1.521,,
구,광진구,L_meat,정육점,2025,329,84,3.917,,
구,구로구,L_meat,정육점,2025,232,112,2.071,,
구,금천구,L_meat,정육점,2025,693,86,8.058,,
구,노원구,L_meat,정육점,2025,182,114,1.596,,
구,도봉구,L_meat,정육점,2025,191,96,1.99,,
구,동대문구,L_meat,정육점,2025,391,138,2.833,,
구,동작구,L_meat,정육점,2025,206,96,2.146,,
구,마포구,L_meat,정육점,2025,338,80,4.225,,
구,서대문구,L_meat,정육점,2025,188,79,2.38,,
구,서초구,L_meat,정육점,2025,743,83,8.952,,
구,성동구,L_meat,정육점,2025,1960,138,14.203,,
구,성북구,L_meat,정육점,2025,208,108,1.926,,
구,송파구,L_meat,정육점,2025,1227,170,7.218,,
구,양천구,L_meat,정육점,2025,248,158,1.57,,
구,영등포구,L_meat,정육점,2025,470,110,4.273,,
구,용산구,L_meat,정육점,2025,192,59,3.254,,
구,은평구,L_meat,정육점,2025,228,127,1.795,,
구,종로구,L_meat,정육점,2025,218,47,4.638,,
구,중구,L_meat,정육점,2025,376,65,5.785,,
구,중랑구,L_meat,정육점,2025,370,147,2.517,,
서울,서울,L,정육점+식료품가게+제과점,2020,29604,11951,2.477,0.461,0.496
구,강남구,L,정육점+식료품가게+제과점,2020,2086,722,2.889,,
구,강동구,L,정육점+식료품가게+제과점,2020,1376,504,2.73,,
구,강북구,L,정육점+식료품가게+제과점,2020,767,387,1.982,,
구,강서구,L,정육점+식료품가게+제과점,2020,1371,546,2.511,,
구,관악구,L,정육점+식료품가게+제과점,2020,960,445,2.157,,
구,광진구,L,정육점+식료품가게+제과점,2020,997,414,2.408,,
구,구로구,L,정육점+식료품가게+제과점,2020,884,527,1.677,,
구,금천구,L,정육점+식료품가게+제과점,2020,1282,333,3.85,,
구,노원구,L,정육점+식료품가게+제과점,2020,1167,495,2.358,,
구,도봉구,L,정육점+식료품가게+제과점,2020,761,303,2.512,,
구,동대문구,L,정육점+식료품가게+제과점,2020,1302,511,2.548,,
구,동작구,L,정육점+식료품가게+제과점,2020,768,396,1.939,,
구,마포구,L,정육점+식료품가게+제과점,2020,1063,497,2.139,,
구,서대문구,L,정육점+식료품가게+제과점,2020,662,381,1.738,,
구,서초구,L,정육점+식료품가게+제과점,2020,1679,506,3.318,,
구,성동구,L,정육점+식료품가게+제과점,2020,2461,375,6.563,,
구,성북구,L,정육점+식료품가게+제과점,2020,880,463,1.901,,
구,송파구,L,정육점+식료품가게+제과점,2020,2623,657,3.992,,
구,양천구,L,정육점+식료품가게+제과점,2020,1149,448,2.565,,
구,영등포구,L,정육점+식료품가게+제과점,2020,1261,619,2.037,,
구,용산구,L,정육점+식료품가게+제과점,2020,591,375,1.576,,
구,은평구,L,정육점+식료품가게+제과점,2020,1036,493,2.101,,
구,종로구,L,정육점+식료품가게+제과점,2020,643,458,1.404,,
구,중구,L,정육점+식료품가게+제과점,2020,866,645,1.343,,
구,중랑구,L,정육점+식료품가게+제과점,2020,969,451,2.149,,
서울,서울,L,정육점+식료품가게+제과점,2025,31882,12512,2.548,0.65,0.698
구,강남구,L,정육점+식료품가게+제과점,2025,2540,745,3.409,,
구,강동구,L,정육점+식료품가게+제과점,2025,1384,511,2.708,,
구,강북구,L,정육점+식료품가게+제과점,2025,743,358,2.075,,
구,강서구,L,정육점+식료품가게+제과점,2025,1476,661,2.233,,
구,관악구,L,정육점+식료품가게+제과점,2025,924,505,1.83,,
구,광진구,L,정육점+식료품가게+제과점,2025,998,408,2.446,,
구,구로구,L,정육점+식료품가게+제과점,2025,863,552,1.563,,
구,금천구,L,정육점+식료품가게+제과점,2025,1134,326,3.479,,
구,노원구,L,정육점+식료품가게+제과점,2025,1057,504,2.097,,
구,도봉구,L,정육점+식료품가게+제과점,2025,743,360,2.064,,
구,동대문구,L,정육점+식료품가게+제과점,2025,1357,548,2.476,,
구,동작구,L,정육점+식료품가게+제과점,2025,960,392,2.449,,
구,마포구,L,정육점+식료품가게+제과점,2025,1529,631,2.423,,
구,서대문구,L,정육점+식료품가게+제과점,2025,737,378,1.95,,
구,서초구,L,정육점+식료품가게+제과점,2025,1819,512,3.553,,
구,성동구,L,정육점+식료품가게+제과점,2025,2635,456,5.779,,
구,성북구,L,정육점+식료품가게+제과점,2025,908,440,2.064,,
구,송파구,L,정육점+식료품가게+제과점,2025,2969,715,4.152,,
구,양천구,L,정육점+식료품가게+제과점,2025,1013,506,2.002,,
구,영등포구,L,정육점+식료품가게+제과점,2025,1466,637,2.301,,
구,용산구,L,정육점+식료품가게+제과점,2025,827,384,2.154,,
구,은평구,L,정육점+식료품가게+제과점,2025,993,469,2.117,,
구,종로구,L,정육점+식료품가게+제과점,2025,753,437,1.723,,
구,중구,L,정육점+식료품가게+제과점,2025,1034,589,1.756,,
구,중랑구,L,정육점+식료품가게+제과점,2025,1020,488,2.09,,
서울,서울,L_bak,제과점,2020,3895,3443,1.131,0.967,0.93
구,강남구,L_bak,제과점,2020,435,294,1.48,,
구,강동구,L_bak,제과점,2020,163,159,1.025,,
구,강북구,L_bak,제과점,2020,83,77,1.078,,
구,강서구,L_bak,제과점,2020,215,184,1.168,,
구,관악구,L_bak,제과점,2020,130,128,1.016,,
구,광진구,L_bak,제과점,2020,118,133,0.887,,
구,구로구,L_bak,제과점,2020,123,108,1.139,,
구,금천구,L_bak,제과점,2020,69,58,1.19,,
구,노원구,L_bak,제과점,2020,148,142,1.042,,
구,도봉구,L_bak,제과점,2020,85,76,1.118,,
구,동대문구,L_bak,제과점,2020,105,108,0.972,,
구,동작구,L_bak,제과점,2020,138,145,0.952,,
구,마포구,L_bak,제과점,2020,261,228,1.145,,
구,서대문구,L_bak,제과점,2020,121,119,1.017,,
구,서초구,L_bak,제과점,2020,247,186,1.328,,
구,성동구,L_bak,제과점,2020,114,105,1.086,,
구,성북구,L_bak,제과점,2020,119,121,0.983,,
구,송파구,L_bak,제과점,2020,264,209,1.263,,
구,양천구,L_bak,제과점,2020,142,135,1.052,,
구,영등포구,L_bak,제과점,2020,169,130,1.3,,
구,용산구,L_bak,제과점,2020,119,103,1.155,,
구,은평구,L_bak,제과점,2020,172,147,1.17,,
구,종로구,L_bak,제과점,2020,109,120,0.908,,
구,중구,L_bak,제과점,2020,151,133,1.135,,
구,중랑구,L_bak,제과점,2020,95,95,1.0,,
서울,서울,L_bak,제과점,2025,4015,4618,0.869,0.907,0.883
구,강남구,L_bak,제과점,2025,462,366,1.262,,
구,강동구,L_bak,제과점,2025,180,199,0.905,,
구,강북구,L_bak,제과점,2025,75,93,0.806,,
구,강서구,L_bak,제과점,2025,199,258,0.771,,
구,관악구,L_bak,제과점,2025,141,164,0.86,,
구,광진구,L_bak,제과점,2025,116,171,0.678,,
구,구로구,L_bak,제과점,2025,108,138,0.783,,
구,금천구,L_bak,제과점,2025,73,78,0.936,,
구,노원구,L_bak,제과점,2025,150,188,0.798,,
구,도봉구,L_bak,제과점,2025,74,106,0.698,,
구,동대문구,L_bak,제과점,2025,121,149,0.812,,
구,동작구,L_bak,제과점,2025,130,136,0.956,,
구,마포구,L_bak,제과점,2025,276,390,0.708,,
구,서대문구,L_bak,제과점,2025,126,163,0.773,,
구,서초구,L_bak,제과점,2025,246,258,0.953,,
구,성동구,L_bak,제과점,2025,136,191,0.712,,
구,성북구,L_bak,제과점,2025,124,148,0.838,,
구,송파구,L_bak,제과점,2025,253,282,0.897,,
구,양천구,L_bak,제과점,2025,139,168,0.827,,
구,영등포구,L_bak,제과점,2025,199,199,1.0,,
구,용산구,L_bak,제과점,2025,153,161,0.95,,
구,은평구,L_bak,제과점,2025,146,169,0.864,,
구,종로구,L_bak,제과점,2025,124,150,0.827,,
구,중구,L_bak,제과점,2025,155,152,1.02,,
구,중랑구,L_bak,제과점,2025,109,141,0.773,,
