target,year,facility_id,name,address,result,new_lon,new_lat,adm_dong_cd,note
어린이집,2020,CC_11290000641,초롱어린이집,서울특별시 성북구 한천로90길 49 1층,kept_review,127.03853212777156,37.61474361910828,11090710,"원천 좌표의 자치구가 주소 자치구와 다름, 주소 정확일치 실패(no_exact_match:서울특별시 성북구 한천로90길 49) → 원천 좌표 유지(검토 필요), 2026-09-25"
어린이집,2020,CC_11410000365,은파어린이집,서울특별시 서대문구 간호대로 12-11 (홍제동),fixed,126.948754733311,37.5972877817923,11130640,"원천 좌표가 기본값(서울시청) → 주소 재지오코딩(road:서울 서대문구 간호대로 12-11), 2026-09-25"
어린이집,2020,CC_11500000725,지니어스Bebe어린이집,서울특별시 강서구 양천로30길 108 1동 112호,fixed,126.822097934599,37.5681384612312,11160700,"원천 좌표가 기본값(서울시청) → 주소 재지오코딩(road:서울 강서구 양천로30길 108), 2026-09-25"
어린이집,2020,CC_11590000427,구립솔빛어린이집,서울특별시 동작구 장승배기로 161,fixed,126.939941979538,37.5125280436834,11200520,"원천 좌표가 기본값(서울시청) → 주소 재지오코딩(road:서울 동작구 장승배기로 161), 2026-09-25"
어린이집,2020,CC_11710000746,파인정원어린이집,서울특별시 송파구 송파대로8길 10 파인타운13단지 관리동 1층,fixed,127.129178644934,37.4768967101472,11240810,"원천 좌표가 기본값(서울시청) → 주소 재지오코딩(road:서울 송파구 송파대로8길 10), 2026-09-25"
어린이집,2020,CC_11410000345,현대아이사랑어린이집,서울특별시 서대문구 통일로39가길 57 107동 108호,fixed,126.940985283729,37.5899000753645,11130620,"원천 좌표가 기본값(서울시청) → 주소 재지오코딩(road:서울 서대문구 통일로39가길 57), 2026-09-25"
어린이집,2020,CC_11140000026,SK네트웍스새싹어린이집,"서울특별시 종로구 청계천로 85 삼일빌딩, 3층",fixed,126.987150409394,37.5686313893591,11010610,"원천 좌표의 자치구가 주소 자치구와 다름 → 주소 재지오코딩(road:서울 종로구 청계천로 85), 2026-09-25, 이동 539.2 m"
어린이집,2020,CC_11500000352,도담도담어린이집,"서울특별시 강서구 강서로48길 25 101동 102호(내발산동, 덕현중앙타워빌아파트)",fixed,126.837993379877,37.5527433211515,11160740,"원천 좌표의 자치구가 주소 자치구와 다름 → 주소 재지오코딩(road:서울 강서구 강서로48길 25), 2026-09-25, 이동 1907.4 m"
어린이집,2020,CC_11410000367,삼성영재어린이집,"서울특별시 서대문구 증가로 191 108동 104호(남가좌동,디엠씨래미안클라시스)",fixed,126.917392296871,37.5784968293823,11130700,"원천 좌표가 기본값(서울시청) → 주소 재지오코딩(road:서울 서대문구 증가로 191), 2026-09-25"
어린이집,2020,CC_11590000128,삼정어린이집,서울특별시 동작구 보라매로5길 5 보라매우성아파트 206호 (신대방동),kept_review,126.9253593836802,37.49238883224709,11210520,"원천 좌표의 자치구가 주소 자치구와 다름, 주소 정확일치 실패(road:서울 동작구 보라매로5길 5) → 원천 좌표 유지(검토 필요), 2026-09-25"
어린이집,2020,CC_11320000169,꼬마어린이집,"서울특별시 도봉구 우이천로 304 5동 107호(쌍문동, 한양아파트)",fixed,127.029811323587,37.6451056858146,11100530,"원천 좌표의 자치구가 주소 자치구와 다름 → 주소 재지오코딩(road:서울 도봉구 우이천로 304), 2026-09-25, 이동 2327.9 m"
어린이집,2020,CC_11320000311,동그라미어린이집,"서울특별시 도봉구 해등로 231 1동 102호(쌍문동, 한양2차아파트)",fixed,127.032047465192,37.6577250772492,11100540,"원천 좌표의 자치구가 주소 자치구와 다름 → 주소 재지오코딩(road:서울 도봉구 해등로 231), 2026-09-25, 이동 1665.9 m"
어린이집,2025,CC_11545000351,구립별하어린이집,서울특별시 금천구 시흥대로149가길 24 가산동,fixed,126.895245327433,37.4763538827311,11180510,"원천 좌표가 기본값(서울시청) → 주소 재지오코딩(road:서울 금천구 시흥대로149가길 24), 2026-09-25"
어린이집,2025,CC_11680000529,현대강남어린이집,서울특별시 강남구 강남대로 350 4층,fixed,127.030065181843,37.4939942678007,11230640,"원천 좌표가 기본값(서울시청) → 주소 재지오코딩(road:서울 강남구 강남대로 350), 2026-09-25"
어린이집,2025,CC_11110000186,강북삼성병원 효석어린이집,서울특별시 종로구 경교장길 8 1층,fixed,126.966305052144,37.5674160717181,11010580,"원천 좌표가 기본값(서울시청) → 주소 재지오코딩(road:서울 종로구 경교장길 8), 2026-09-25"
어린이집,2025,CC_11500000757,구립 어울림어린이집,서울특별시 강서구 화곡로54길 43,fixed,126.850817236129,37.5511070699025,11160610,"원천 좌표가 기본값(서울시청) → 주소 재지오코딩(road:서울 강서구 화곡로54길 43), 2026-09-25"
어린이집,2025,CC_11380000689,구립 물빛숲어린이집,서울특별시 은평구 은평터널로 27,fixed,126.897053085386,37.5850745829803,11120680,"원천 좌표가 기본값(서울시청) → 주소 재지오코딩(road:서울 은평구 은평터널로 27), 2026-09-25"
어린이집,2025,CC_11140000126,이마트 어린이집,서울특별시 중구 세종대로7길 37 1층(순화동),fixed,126.972489681085,37.5607512032557,11020520,"원천 좌표가 기본값(서울시청) → 주소 재지오코딩(road:서울 중구 세종대로7길 37), 2026-09-25"
어린이집,2025,CC_11710000804,위례푸른숲어린이집,서울특별시 송파구 위례북로4길 12,fixed,127.151024456244,37.4881992706172,11240820,"원천 좌표의 자치구가 주소 자치구와 다름 → 주소 재지오코딩(road:서울 송파구 위례북로4길 12), 2026-09-25, 이동 16972.0 m"
어린이집,2025,CC_11590000427,구립솔빛어린이집,서울특별시 동작구 장승배기로 161,fixed,126.939941979538,37.5125280436834,11200520,"원천 좌표가 기본값(서울시청) → 주소 재지오코딩(road:서울 동작구 장승배기로 161), 2026-09-25"
어린이집,2025,CC_11140000026,SK네트웍스새싹어린이집,"서울특별시 종로구 청계천로 85 삼일빌딩, 3층",fixed,126.987150409394,37.5686313893591,11010610,"원천 좌표의 자치구가 주소 자치구와 다름 → 주소 재지오코딩(road:서울 종로구 청계천로 85), 2026-09-25, 이동 539.2 m"
어린이집,2025,CC_11320000169,꼬마어린이집,"서울특별시 도봉구 우이천로 304 5동 107호(쌍문동, 한양아파트)",fixed,127.029811323587,37.6451056858146,11100530,"원천 좌표의 자치구가 주소 자치구와 다름 → 주소 재지오코딩(road:서울 도봉구 우이천로 304), 2026-09-25, 이동 2327.9 m"
공공체육_핵심종목,2025,SPO00377,양천구민체육센터 수영장,서울특별시 강남구 남부순환로 3318,fixed,126.864410610734,37.516476216081,11150690,
