file,facility,K,k_bind,k_afford
표4.1-9_시설별_창_2020.csv,도서관,31,25.0,160
표4.1-9_시설별_창_2020.csv,공공문화시설,34,80.0,160
표4.1-9_시설별_창_2020.csv,국공립유치원10분,54,50.0,250
표4.1-9_시설별_창_2020.csv,국공립어린이집5분,200,,424
표4.1-9_시설별_창_2020.csv,노인이용시설,93,,424
표4.1-9_시설별_창_2020.csv,청소년수련시설,11,50.0,80
표4.1-9_시설별_창_2020.csv,주민센터,8,116.0,160
표4.1-9_시설별_창_2020_평균60%.csv,도서관,31,25.0,160
표4.1-9_시설별_창_2020_평균60%.csv,공공문화시설,34,50.0,160
표4.1-9_시설별_창_2020_평균60%.csv,국공립유치원10분,54,50.0,250
표4.1-9_시설별_창_2020_평균60%.csv,국공립어린이집5분,200,,424
표4.1-9_시설별_창_2020_평균60%.csv,노인이용시설,93,,424
표4.1-9_시설별_창_2020_평균60%.csv,청소년수련시설,11,25.0,50
표4.1-9_시설별_창_2020_평균60%.csv,주민센터,8,160.0,250
표4.1-9_시설별_창_2025.csv,도서관,31,25.0,160
표4.1-9_시설별_창_2025.csv,공공문화시설,34,116.0,160
표4.1-9_시설별_창_2025.csv,국공립유치원10분,54,50.0,250
표4.1-9_시설별_창_2025.csv,국공립어린이집5분,200,,424
표4.1-9_시설별_창_2025.csv,노인이용시설,93,,424
표4.1-9_시설별_창_2025.csv,청소년수련시설,11,25.0,80
표4.1-9_시설별_창_2025.csv,주민센터,8,160.0,160
표4.1-9_시설별_창_2025_평균60%.csv,도서관,31,50.0,160
표4.1-9_시설별_창_2025_평균60%.csv,공공문화시설,34,116.0,160
표4.1-9_시설별_창_2025_평균60%.csv,국공립유치원10분,54,50.0,250
표4.1-9_시설별_창_2025_평균60%.csv,국공립어린이집5분,200,,424
표4.1-9_시설별_창_2025_평균60%.csv,노인이용시설,93,,424
표4.1-9_시설별_창_2025_평균60%.csv,청소년수련시설,11,25.0,50
표4.1-9_시설별_창_2025_평균60%.csv,주민센터,8,250.0,250
